Problem Name,Costume,Variant,Prompting Strategy,Size,Optimal Value,Time (s),Result Type,Summary Value,Solution/Error,Prompt,Response
in_house_3_0,textbook,standard,ilp_lp,17,14,184.32752464921214,OPTIMAL,14,"[0, 1]","('Q: I am trying to fill a bag with valuable items. Each item has a weight and a value.\n\nFind a set of items such that that the total value is as high as possible,\nbut the total weight of the items does not exceed the bag\'s capacity,\nwhich is 13 kg.\n\nHere are the items I have:\n\nItem 1 has a weight of 3 kg and a value of 6 €.\nItem 2 has a weight of 2 kg and a value of 8 €.\nItem 3 has a weight of 9 kg and a value of 5 €.\n\nGenerate a comma-separated list containing the numbers of the items I should put in the bag. An example of a correctly formatted output could be ""1,3"" (without the quotes).\n\nPlease express this as an Integer Linear Program (ILP) problem in the LP format.\nHere is an example of the LP file format:\n```\n\\ This is a comment\n\nMaximize\n  3 a + 2 b + c - 2 d\nSubject To\n  c0: a + b = 1\n  c1: b + c >= 0\n  c2: a + c < 4\nBounds\n  1 <= c <= 5\n  2 <= d\nBinaries \\ these are binary variables that can only be 0 or 1\n  a b\nGenerals \\ these are integer variables\n  c d\nEnd\n```\nNOTE: Keep in mind that all constraints must have only terms with variables on the left and only constant terms on the right (note that ""a <= b"" can be instead written as ""a - b <= 0"").\'', ""Your ILP problem was successfully solved. Here is the solution:\n\nObjective value: 14.0\nValue Assignments:\nx1: 1.0\nx2: 1.0\nx3: 0.0\n\nTranslate this solution back to the original problem and provide it as originally specified.\nDo not add any more explanation once you've provided the solution."")","(""To express this problem as an Integer Linear Program (ILP) in the LP format, we need to define binary variables for each item, where the variable is 1 if the item is included in the bag and 0 otherwise. Let's denote these variables as \\( x_1 \\), \\( x_2 \\), and \\( x_3 \\) for items 1, 2, and 3, respectively.\n\nThe objective is to maximize the total value of the items in the bag, subject to the constraint that the total weight does not exceed the bag's capacity of 13 kg.\n\nHere is the ILP formulation in the LP file format:\n\n```\nMaximize\n  6 x1 + 8 x2 + 5 x3\nSubject To\n  c0: 3 x1 + 2 x2 + 9 x3 <= 13\nBounds\n  0 <= x1 <= 1\n  0 <= x2 <= 1\n  0 <= x3 <= 1\nBinaries\n  x1 x2 x3\nEnd\n```\n\nExplanation:\n- **Objective Function**: We want to maximize the total value, which is \\( 6x_1 + 8x_2 + 5x_3 \\).\n- **Constraint**: The total weight of the selected items must not exceed 13 kg, which is expressed as \\( 3x_1 + 2x_2 + 9x_3 \\leq 13 \\).\n- **Bounds**: Each variable \\( x_1 \\), \\( x_2 \\), and \\( x_3 \\) is binary, meaning it can only be 0 or 1.\n- **Binaries**: This section specifies that \\( x_1 \\), \\( x_2 \\), and \\( x_3 \\) are binary variables.\n\nThis ILP formulation will help you determine the optimal set of items to include in the bag to maximize the total value without exceeding the weight limit."", '1,2')"
in_house_3_0,textbook,standard,ilp_python,17,14,123.36360368388705,OPTIMAL,14,"[0, 1]","('Q: I am trying to fill a bag with valuable items. Each item has a weight and a value.\n\nFind a set of items such that that the total value is as high as possible,\nbut the total weight of the items does not exceed the bag\'s capacity,\nwhich is 13 kg.\n\nHere are the items I have:\n\nItem 1 has a weight of 3 kg and a value of 6 €.\nItem 2 has a weight of 2 kg and a value of 8 €.\nItem 3 has a weight of 9 kg and a value of 5 €.\n\nGenerate a comma-separated list containing the numbers of the items I should put in the bag. An example of a correctly formatted output could be ""1,3"" (without the quotes).\n\nPlease express this as an Integer Linear Program (ILP) problem using Python with the gurobipy library.\nSpecifically, define a function named f that returns an optimized gurobipy.Model object which represents the problem.\nHere is an example of the format you should use for your answer:\n```\nfrom gurobipy import GRB, Model\n\ndef f():\n    # Create the model\n    model = Model(""Example"")\n\n    # Add variables\n    vars = model.addMVar((5), vtype=GRB.BINARY, name=""vars"")\n\n    # Add constraints\n    model.addConstrs(vars[i] + vars[i + 1] <= 1 for i in range(4))\n    model.addConstr(vars[0] + vars[4] <= 1)\n\n    # Set objective\n    model.setObjective(vars.sum(), GRB.MAXIMIZE)\n\n    # Optimize/solve the model\n    model.optimize()\n\n    # Return the optimized model\n    return model\n```\nMake sure you only use the gurobipy library for this problem. Do not import any other libraries.\n', ""Your code was executed successfully. Here are all the variables of the model and their optimal values:\n\nx[0] = 1.0\nx[1] = 1.0\nx[2] = 0.0\n\nTranslate this solution back to the original problem and provide it as originally specified.\nDo not add any more explanation once you've provided the solution."")","('```python\nfrom gurobipy import GRB, Model\n\ndef f():\n    # Create the model\n    model = Model(""Knapsack Problem"")\n\n    # Define the weights and values of the items\n    weights = [3, 2, 9]\n    values = [6, 8, 5]\n    capacity = 13\n\n    # Add variables: x[i] is 1 if item i is included, 0 otherwise\n    x = model.addVars(len(weights), vtype=GRB.BINARY, name=""x"")\n\n    # Add the weight constraint\n    model.addConstr(sum(weights[i] * x[i] for i in range(len(weights))) <= capacity, ""WeightConstraint"")\n\n    # Set the objective to maximize the total value\n    model.setObjective(sum(values[i] * x[i] for i in range(len(values))), GRB.MAXIMIZE)\n\n    # Optimize/solve the model\n    model.optimize()\n\n    # Return the optimized model\n    return model\n```\n\nThis code sets up an Integer Linear Program (ILP) using the `gurobipy` library to solve the knapsack problem. The function `f` creates a model, adds binary variables for each item, sets up the weight constraint, and defines the objective to maximize the total value of the selected items. The model is then optimized, and the function returns the optimized model.', '1,2')"
in_house_3_1,textbook,standard,ilp_lp,17,14,246.4884885000065,OPTIMAL,14,"[0, 1]","('Q: I am trying to fill a bag with valuable items. Each item has a weight and a value.\n\nFind a set of items such that that the total value is as high as possible,\nbut the total weight of the items does not exceed the bag\'s capacity,\nwhich is 13 kg.\n\nHere are the items I have:\n\nItem 1 has a weight of 6 kg and a value of 7 €.\nItem 2 has a weight of 4 kg and a value of 7 €.\nItem 3 has a weight of 4 kg and a value of 3 €.\n\nGenerate a comma-separated list containing the numbers of the items I should put in the bag. An example of a correctly formatted output could be ""1,3"" (without the quotes).\n\nPlease express this as an Integer Linear Program (ILP) problem in the LP format.\nHere is an example of the LP file format:\n```\n\\ This is a comment\n\nMaximize\n  3 a + 2 b + c - 2 d\nSubject To\n  c0: a + b = 1\n  c1: b + c >= 0\n  c2: a + c < 4\nBounds\n  1 <= c <= 5\n  2 <= d\nBinaries \\ these are binary variables that can only be 0 or 1\n  a b\nGenerals \\ these are integer variables\n  c d\nEnd\n```\nNOTE: Keep in mind that all constraints must have only terms with variables on the left and only constant terms on the right (note that ""a <= b"" can be instead written as ""a - b <= 0"").\'', ""Your ILP problem was successfully solved. Here is the solution:\n\nObjective value: 14.0\nValue Assignments:\nx1: 1.0\nx2: 1.0\nx3: 0.0\n\nTranslate this solution back to the original problem and provide it as originally specified.\nDo not add any more explanation once you've provided the solution."")","(""To express this problem as an Integer Linear Program (ILP) in the LP format, we need to define binary variables for each item, where the variable is 1 if the item is included in the bag and 0 otherwise. Let's denote these variables as \\( x_1 \\), \\( x_2 \\), and \\( x_3 \\) for items 1, 2, and 3, respectively.\n\nThe objective is to maximize the total value of the items in the bag, subject to the constraint that the total weight does not exceed the bag's capacity of 13 kg.\n\nHere is the ILP formulation in the LP file format:\n\n```\n\\ Maximize the total value of the items in the bag\n\nMaximize\n  7 x1 + 7 x2 + 3 x3\n\nSubject To\n  \\ Total weight constraint\n  c1: 6 x1 + 4 x2 + 4 x3 <= 13\n\nBounds\n  \\ Binary variables can only be 0 or 1\n  0 <= x1 <= 1\n  0 <= x2 <= 1\n  0 <= x3 <= 1\n\nBinaries\n  x1 x2 x3\n\nEnd\n```\n\nIn this formulation:\n- The objective function is \\( 7x_1 + 7x_2 + 3x_3 \\), which represents the total value of the selected items.\n- The constraint \\( 6x_1 + 4x_2 + 4x_3 \\leq 13 \\) ensures that the total weight of the selected items does not exceed 13 kg.\n- The variables \\( x_1 \\), \\( x_2 \\), and \\( x_3 \\) are binary, meaning they can only take values of 0 or 1, indicating whether an item is included in the bag or not."", '1,2')"
in_house_3_1,textbook,standard,ilp_python,17,14,1262.5275348417927,OPTIMAL,14,"[0, 1]","('Q: I am trying to fill a bag with valuable items. Each item has a weight and a value.\n\nFind a set of items such that that the total value is as high as possible,\nbut the total weight of the items does not exceed the bag\'s capacity,\nwhich is 13 kg.\n\nHere are the items I have:\n\nItem 1 has a weight of 6 kg and a value of 7 €.\nItem 2 has a weight of 4 kg and a value of 7 €.\nItem 3 has a weight of 4 kg and a value of 3 €.\n\nGenerate a comma-separated list containing the numbers of the items I should put in the bag. An example of a correctly formatted output could be ""1,3"" (without the quotes).\n\nPlease express this as an Integer Linear Program (ILP) problem using Python with the gurobipy library.\nSpecifically, define a function named f that returns an optimized gurobipy.Model object which represents the problem.\nHere is an example of the format you should use for your answer:\n```\nfrom gurobipy import GRB, Model\n\ndef f():\n    # Create the model\n    model = Model(""Example"")\n\n    # Add variables\n    vars = model.addMVar((5), vtype=GRB.BINARY, name=""vars"")\n\n    # Add constraints\n    model.addConstrs(vars[i] + vars[i + 1] <= 1 for i in range(4))\n    model.addConstr(vars[0] + vars[4] <= 1)\n\n    # Set objective\n    model.setObjective(vars.sum(), GRB.MAXIMIZE)\n\n    # Optimize/solve the model\n    model.optimize()\n\n    # Return the optimized model\n    return model\n```\nMake sure you only use the gurobipy library for this problem. Do not import any other libraries.\n', ""Your code was executed successfully. Here are all the variables of the model and their optimal values:\n\nx[0] = 1.0\nx[1] = 1.0\nx[2] = 0.0\n\nTranslate this solution back to the original problem and provide it as originally specified.\nDo not add any more explanation once you've provided the solution."")","('```python\nfrom gurobipy import GRB, Model\n\ndef f():\n    # Create the model\n    model = Model(""Knapsack"")\n\n    # Define the weights and values of the items\n    weights = [6, 4, 4]\n    values = [7, 7, 3]\n    capacity = 13\n\n    # Add variables: x[i] is 1 if item i is included, 0 otherwise\n    x = model.addVars(3, vtype=GRB.BINARY, name=""x"")\n\n    # Add the weight constraint\n    model.addConstr(sum(weights[i] * x[i] for i in range(3)) <= capacity, ""WeightLimit"")\n\n    # Set the objective to maximize the total value\n    model.setObjective(sum(values[i] * x[i] for i in range(3)), GRB.MAXIMIZE)\n\n    # Optimize/solve the model\n    model.optimize()\n\n    # Return the optimized model\n    return model\n```\n\nThis code sets up an integer linear programming model using the `gurobipy` library to solve the knapsack problem. The model includes binary decision variables for each item, a constraint to ensure the total weight does not exceed the bag\'s capacity, and an objective to maximize the total value of the selected items.', '1,2')"
in_house_3_10,textbook,standard,ilp_lp,16,5,245.7682083551772,OPTIMAL,5,"[0, 1]","('Q: I am trying to fill a bag with valuable items. Each item has a weight and a value.\n\nFind a set of items such that that the total value is as high as possible,\nbut the total weight of the items does not exceed the bag\'s capacity,\nwhich is 6 kg.\n\nHere are the items I have:\n\nItem 1 has a weight of 2 kg and a value of 2 €.\nItem 2 has a weight of 3 kg and a value of 3 €.\nItem 3 has a weight of 4 kg and a value of 2 €.\n\nGenerate a comma-separated list containing the numbers of the items I should put in the bag. An example of a correctly formatted output could be ""1,3"" (without the quotes).\n\nPlease express this as an Integer Linear Program (ILP) problem in the LP format.\nHere is an example of the LP file format:\n```\n\\ This is a comment\n\nMaximize\n  3 a + 2 b + c - 2 d\nSubject To\n  c0: a + b = 1\n  c1: b + c >= 0\n  c2: a + c < 4\nBounds\n  1 <= c <= 5\n  2 <= d\nBinaries \\ these are binary variables that can only be 0 or 1\n  a b\nGenerals \\ these are integer variables\n  c d\nEnd\n```\nNOTE: Keep in mind that all constraints must have only terms with variables on the left and only constant terms on the right (note that ""a <= b"" can be instead written as ""a - b <= 0"").\'', ""Your ILP problem was successfully solved. Here is the solution:\n\nObjective value: 5.0\nValue Assignments:\nx1: 1.0\nx2: 1.0\nx3: 0.0\n\nTranslate this solution back to the original problem and provide it as originally specified.\nDo not add any more explanation once you've provided the solution."")","(""To express this problem as an Integer Linear Program (ILP) in the LP format, we need to define binary variables for each item, where the variable is 1 if the item is included in the bag and 0 otherwise. Let's denote these variables as \\( x_1 \\), \\( x_2 \\), and \\( x_3 \\) for items 1, 2, and 3, respectively.\n\nThe objective is to maximize the total value of the items in the bag, subject to the constraint that the total weight does not exceed the bag's capacity of 6 kg.\n\nHere is the ILP formulation in the LP file format:\n\n```\n\\ Maximize the total value of items in the bag\n\nMaximize\n  2 x1 + 3 x2 + 2 x3\n\nSubject To\n  \\ Total weight constraint\n  c0: 2 x1 + 3 x2 + 4 x3 <= 6\n\nBounds\n  \\ Binary variables can only be 0 or 1\n  0 <= x1 <= 1\n  0 <= x2 <= 1\n  0 <= x3 <= 1\n\nBinaries\n  x1 x2 x3\n\nEnd\n```\n\nIn this formulation:\n- The objective function is \\( 2x_1 + 3x_2 + 2x_3 \\), which represents the total value of the selected items.\n- The constraint \\( c0: 2x_1 + 3x_2 + 4x_3 \\leq 6 \\) ensures that the total weight of the selected items does not exceed 6 kg.\n- The variables \\( x_1 \\), \\( x_2 \\), and \\( x_3 \\) are binary, indicating whether each item is included in the bag."", '1,2')"
in_house_3_10,textbook,standard,ilp_python,16,5,215.01431665592827,OPTIMAL,5,"[0, 1]","('Q: I am trying to fill a bag with valuable items. Each item has a weight and a value.\n\nFind a set of items such that that the total value is as high as possible,\nbut the total weight of the items does not exceed the bag\'s capacity,\nwhich is 6 kg.\n\nHere are the items I have:\n\nItem 1 has a weight of 2 kg and a value of 2 €.\nItem 2 has a weight of 3 kg and a value of 3 €.\nItem 3 has a weight of 4 kg and a value of 2 €.\n\nGenerate a comma-separated list containing the numbers of the items I should put in the bag. An example of a correctly formatted output could be ""1,3"" (without the quotes).\n\nPlease express this as an Integer Linear Program (ILP) problem using Python with the gurobipy library.\nSpecifically, define a function named f that returns an optimized gurobipy.Model object which represents the problem.\nHere is an example of the format you should use for your answer:\n```\nfrom gurobipy import GRB, Model\n\ndef f():\n    # Create the model\n    model = Model(""Example"")\n\n    # Add variables\n    vars = model.addMVar((5), vtype=GRB.BINARY, name=""vars"")\n\n    # Add constraints\n    model.addConstrs(vars[i] + vars[i + 1] <= 1 for i in range(4))\n    model.addConstr(vars[0] + vars[4] <= 1)\n\n    # Set objective\n    model.setObjective(vars.sum(), GRB.MAXIMIZE)\n\n    # Optimize/solve the model\n    model.optimize()\n\n    # Return the optimized model\n    return model\n```\nMake sure you only use the gurobipy library for this problem. Do not import any other libraries.\n', ""Your code was executed successfully. Here are all the variables of the model and their optimal values:\n\nx[0] = 1.0\nx[1] = 1.0\nx[2] = 0.0\n\nTranslate this solution back to the original problem and provide it as originally specified.\nDo not add any more explanation once you've provided the solution."")","('```python\nfrom gurobipy import GRB, Model\n\ndef f():\n    # Create the model\n    model = Model(""Knapsack Problem"")\n\n    # Define the weights and values of the items\n    weights = [2, 3, 4]\n    values = [2, 3, 2]\n    capacity = 6\n\n    # Add variables: x[i] is 1 if item i is included in the knapsack, 0 otherwise\n    x = model.addVars(len(weights), vtype=GRB.BINARY, name=""x"")\n\n    # Add the weight constraint\n    model.addConstr(sum(weights[i] * x[i] for i in range(len(weights))) <= capacity, ""WeightConstraint"")\n\n    # Set the objective to maximize the total value\n    model.setObjective(sum(values[i] * x[i] for i in range(len(values))), GRB.MAXIMIZE)\n\n    # Optimize/solve the model\n    model.optimize()\n\n    # Return the optimized model\n    return model\n```\n\nThis code sets up an integer linear programming model using the `gurobipy` library to solve the knapsack problem. The model includes binary decision variables for each item, a constraint to ensure the total weight does not exceed the bag\'s capacity, and an objective to maximize the total value of the selected items.', '1,2')"
in_house_3_11,textbook,standard,ilp_lp,17,8,244.33837124495767,OPTIMAL,8,[1],"('Q: I am trying to fill a bag with valuable items. Each item has a weight and a value.\n\nFind a set of items such that that the total value is as high as possible,\nbut the total weight of the items does not exceed the bag\'s capacity,\nwhich is 11 kg.\n\nHere are the items I have:\n\nItem 1 has a weight of 5 kg and a value of 7 €.\nItem 2 has a weight of 7 kg and a value of 8 €.\nItem 3 has a weight of 7 kg and a value of 4 €.\n\nGenerate a comma-separated list containing the numbers of the items I should put in the bag. An example of a correctly formatted output could be ""1,3"" (without the quotes).\n\nPlease express this as an Integer Linear Program (ILP) problem in the LP format.\nHere is an example of the LP file format:\n```\n\\ This is a comment\n\nMaximize\n  3 a + 2 b + c - 2 d\nSubject To\n  c0: a + b = 1\n  c1: b + c >= 0\n  c2: a + c < 4\nBounds\n  1 <= c <= 5\n  2 <= d\nBinaries \\ these are binary variables that can only be 0 or 1\n  a b\nGenerals \\ these are integer variables\n  c d\nEnd\n```\nNOTE: Keep in mind that all constraints must have only terms with variables on the left and only constant terms on the right (note that ""a <= b"" can be instead written as ""a - b <= 0"").\'', ""Your ILP problem was successfully solved. Here is the solution:\n\nObjective value: 8.0\nValue Assignments:\nx1: 0.0\nx2: 1.0\nx3: 0.0\n\nTranslate this solution back to the original problem and provide it as originally specified.\nDo not add any more explanation once you've provided the solution."")","(""To express this problem as an Integer Linear Program (ILP) in the LP format, we need to define binary variables for each item, where the variable is 1 if the item is included in the bag and 0 otherwise. The objective is to maximize the total value of the selected items while ensuring that the total weight does not exceed the bag's capacity of 11 kg.\n\nLet's define the binary variables:\n- \\( x_1 \\) for Item 1\n- \\( x_2 \\) for Item 2\n- \\( x_3 \\) for Item 3\n\nThe ILP formulation is as follows:\n\n```\nMaximize\n  7 x1 + 8 x2 + 4 x3\nSubject To\n  c1: 5 x1 + 7 x2 + 7 x3 <= 11\nBounds\n  0 <= x1 <= 1\n  0 <= x2 <= 1\n  0 <= x3 <= 1\nBinaries\n  x1 x2 x3\nEnd\n```\n\nExplanation:\n- The objective function `7 x1 + 8 x2 + 4 x3` represents the total value of the items selected.\n- The constraint `5 x1 + 7 x2 + 7 x3 <= 11` ensures that the total weight of the selected items does not exceed the bag's capacity of 11 kg.\n- The `Bounds` section specifies that each variable \\( x_1, x_2, x_3 \\) can only take values between 0 and 1.\n- The `Binaries` section declares that \\( x_1, x_2, x_3 \\) are binary variables."", '2')"
in_house_3_11,textbook,standard,ilp_python,17,8,123.07829072489403,OPTIMAL,8,[1],"('Q: I am trying to fill a bag with valuable items. Each item has a weight and a value.\n\nFind a set of items such that that the total value is as high as possible,\nbut the total weight of the items does not exceed the bag\'s capacity,\nwhich is 11 kg.\n\nHere are the items I have:\n\nItem 1 has a weight of 5 kg and a value of 7 €.\nItem 2 has a weight of 7 kg and a value of 8 €.\nItem 3 has a weight of 7 kg and a value of 4 €.\n\nGenerate a comma-separated list containing the numbers of the items I should put in the bag. An example of a correctly formatted output could be ""1,3"" (without the quotes).\n\nPlease express this as an Integer Linear Program (ILP) problem using Python with the gurobipy library.\nSpecifically, define a function named f that returns an optimized gurobipy.Model object which represents the problem.\nHere is an example of the format you should use for your answer:\n```\nfrom gurobipy import GRB, Model\n\ndef f():\n    # Create the model\n    model = Model(""Example"")\n\n    # Add variables\n    vars = model.addMVar((5), vtype=GRB.BINARY, name=""vars"")\n\n    # Add constraints\n    model.addConstrs(vars[i] + vars[i + 1] <= 1 for i in range(4))\n    model.addConstr(vars[0] + vars[4] <= 1)\n\n    # Set objective\n    model.setObjective(vars.sum(), GRB.MAXIMIZE)\n\n    # Optimize/solve the model\n    model.optimize()\n\n    # Return the optimized model\n    return model\n```\nMake sure you only use the gurobipy library for this problem. Do not import any other libraries.\n', ""Your code was executed successfully. Here are all the variables of the model and their optimal values:\n\nx[0] = 0.0\nx[1] = 1.0\nx[2] = 0.0\n\nTranslate this solution back to the original problem and provide it as originally specified.\nDo not add any more explanation once you've provided the solution."")","('```python\nfrom gurobipy import GRB, Model\n\ndef f():\n    # Create the model\n    model = Model(""Knapsack Problem"")\n\n    # Define the weights and values of the items\n    weights = [5, 7, 7]\n    values = [7, 8, 4]\n    capacity = 11\n\n    # Add variables: x[i] is 1 if item i is included, 0 otherwise\n    x = model.addVars(len(weights), vtype=GRB.BINARY, name=""x"")\n\n    # Add the weight constraint\n    model.addConstr(sum(weights[i] * x[i] for i in range(len(weights))) <= capacity, ""WeightConstraint"")\n\n    # Set the objective to maximize the total value\n    model.setObjective(sum(values[i] * x[i] for i in range(len(values))), GRB.MAXIMIZE)\n\n    # Optimize/solve the model\n    model.optimize()\n\n    # Return the optimized model\n    return model\n```\n\nThis code sets up an integer linear programming model using the `gurobipy` library to solve the knapsack problem. The function `f` creates a model, adds binary variables for each item, sets up the weight constraint, and defines the objective to maximize the total value of the selected items. The model is then optimized, and the function returns the optimized model.', '2')"
in_house_3_2,textbook,standard,ilp_lp,16,15,214.9218477429822,OPTIMAL,15,"[0, 2]","('Q: I am trying to fill a bag with valuable items. Each item has a weight and a value.\n\nFind a set of items such that that the total value is as high as possible,\nbut the total weight of the items does not exceed the bag\'s capacity,\nwhich is 9 kg.\n\nHere are the items I have:\n\nItem 1 has a weight of 8 kg and a value of 9 €.\nItem 2 has a weight of 4 kg and a value of 8 €.\nItem 3 has a weight of 1 kg and a value of 6 €.\n\nGenerate a comma-separated list containing the numbers of the items I should put in the bag. An example of a correctly formatted output could be ""1,3"" (without the quotes).\n\nPlease express this as an Integer Linear Program (ILP) problem in the LP format.\nHere is an example of the LP file format:\n```\n\\ This is a comment\n\nMaximize\n  3 a + 2 b + c - 2 d\nSubject To\n  c0: a + b = 1\n  c1: b + c >= 0\n  c2: a + c < 4\nBounds\n  1 <= c <= 5\n  2 <= d\nBinaries \\ these are binary variables that can only be 0 or 1\n  a b\nGenerals \\ these are integer variables\n  c d\nEnd\n```\nNOTE: Keep in mind that all constraints must have only terms with variables on the left and only constant terms on the right (note that ""a <= b"" can be instead written as ""a - b <= 0"").\'', ""Your ILP problem was successfully solved. Here is the solution:\n\nObjective value: 15.0\nValue Assignments:\nx1: 1.0\nx2: 0.0\nx3: 1.0\n\nTranslate this solution back to the original problem and provide it as originally specified.\nDo not add any more explanation once you've provided the solution."")","(""To express this problem as an Integer Linear Program (ILP) in the LP format, we need to define binary variables for each item, where the variable is 1 if the item is included in the bag and 0 otherwise. Let's denote these variables as \\( x_1 \\), \\( x_2 \\), and \\( x_3 \\) for items 1, 2, and 3, respectively.\n\nThe objective is to maximize the total value of the items in the bag, subject to the constraint that the total weight does not exceed the bag's capacity of 9 kg.\n\nHere is the ILP formulation in the LP file format:\n\n```\n\\ Maximize the total value of items in the bag\n\nMaximize\n  9 x1 + 8 x2 + 6 x3\n\nSubject To\n  \\ Total weight constraint\n  c1: 8 x1 + 4 x2 + 1 x3 <= 9\n\nBinaries\n  x1 x2 x3\n\nEnd\n```\n\nExplanation:\n- The objective function `9 x1 + 8 x2 + 6 x3` represents the total value of the items selected.\n- The constraint `c1: 8 x1 + 4 x2 + 1 x3 <= 9` ensures that the total weight of the selected items does not exceed 9 kg.\n- The `Binaries` section specifies that \\( x_1 \\), \\( x_2 \\), and \\( x_3 \\) are binary variables, meaning they can only take values of 0 or 1."", '1,3')"
in_house_3_2,textbook,standard,ilp_python,16,15,245.1156005889643,OPTIMAL,15,"[0, 2]","('Q: I am trying to fill a bag with valuable items. Each item has a weight and a value.\n\nFind a set of items such that that the total value is as high as possible,\nbut the total weight of the items does not exceed the bag\'s capacity,\nwhich is 9 kg.\n\nHere are the items I have:\n\nItem 1 has a weight of 8 kg and a value of 9 €.\nItem 2 has a weight of 4 kg and a value of 8 €.\nItem 3 has a weight of 1 kg and a value of 6 €.\n\nGenerate a comma-separated list containing the numbers of the items I should put in the bag. An example of a correctly formatted output could be ""1,3"" (without the quotes).\n\nPlease express this as an Integer Linear Program (ILP) problem using Python with the gurobipy library.\nSpecifically, define a function named f that returns an optimized gurobipy.Model object which represents the problem.\nHere is an example of the format you should use for your answer:\n```\nfrom gurobipy import GRB, Model\n\ndef f():\n    # Create the model\n    model = Model(""Example"")\n\n    # Add variables\n    vars = model.addMVar((5), vtype=GRB.BINARY, name=""vars"")\n\n    # Add constraints\n    model.addConstrs(vars[i] + vars[i + 1] <= 1 for i in range(4))\n    model.addConstr(vars[0] + vars[4] <= 1)\n\n    # Set objective\n    model.setObjective(vars.sum(), GRB.MAXIMIZE)\n\n    # Optimize/solve the model\n    model.optimize()\n\n    # Return the optimized model\n    return model\n```\nMake sure you only use the gurobipy library for this problem. Do not import any other libraries.\n', ""Your code was executed successfully. Here are all the variables of the model and their optimal values:\n\nx[0] = 1.0\nx[1] = 0.0\nx[2] = 1.0\n\nTranslate this solution back to the original problem and provide it as originally specified.\nDo not add any more explanation once you've provided the solution."")","('```python\nfrom gurobipy import GRB, Model\n\ndef f():\n    # Create the model\n    model = Model(""Knapsack"")\n\n    # Define the weights and values of the items\n    weights = [8, 4, 1]\n    values = [9, 8, 6]\n    capacity = 9\n\n    # Add variables: x[i] is 1 if item i is included, 0 otherwise\n    x = model.addVars(len(weights), vtype=GRB.BINARY, name=""x"")\n\n    # Add the weight constraint\n    model.addConstr(sum(weights[i] * x[i] for i in range(len(weights))) <= capacity, ""WeightLimit"")\n\n    # Set the objective to maximize the total value\n    model.setObjective(sum(values[i] * x[i] for i in range(len(values))), GRB.MAXIMIZE)\n\n    # Optimize/solve the model\n    model.optimize()\n\n    # Return the optimized model\n    return model\n```\n\nThis code sets up an integer linear programming model using the `gurobipy` library to solve the knapsack problem. The function `f` creates a model, adds binary decision variables for each item, sets up a constraint to ensure the total weight does not exceed the bag\'s capacity, and defines the objective to maximize the total value of the selected items. The model is then optimized, and the function returns the optimized model.', '1,3')"
in_house_3_3,textbook,standard,ilp_lp,17,9,529.5424233188387,OPTIMAL,9,[0],"('Q: I am trying to fill a bag with valuable items. Each item has a weight and a value.\n\nFind a set of items such that that the total value is as high as possible,\nbut the total weight of the items does not exceed the bag\'s capacity,\nwhich is 12 kg.\n\nHere are the items I have:\n\nItem 1 has a weight of 9 kg and a value of 9 €.\nItem 2 has a weight of 7 kg and a value of 2 €.\nItem 3 has a weight of 7 kg and a value of 6 €.\n\nGenerate a comma-separated list containing the numbers of the items I should put in the bag. An example of a correctly formatted output could be ""1,3"" (without the quotes).\n\nPlease express this as an Integer Linear Program (ILP) problem in the LP format.\nHere is an example of the LP file format:\n```\n\\ This is a comment\n\nMaximize\n  3 a + 2 b + c - 2 d\nSubject To\n  c0: a + b = 1\n  c1: b + c >= 0\n  c2: a + c < 4\nBounds\n  1 <= c <= 5\n  2 <= d\nBinaries \\ these are binary variables that can only be 0 or 1\n  a b\nGenerals \\ these are integer variables\n  c d\nEnd\n```\nNOTE: Keep in mind that all constraints must have only terms with variables on the left and only constant terms on the right (note that ""a <= b"" can be instead written as ""a - b <= 0"").\'', ""Your ILP problem was successfully solved. Here is the solution:\n\nObjective value: 9.0\nValue Assignments:\nx1: 1.0\nx2: 0.0\nx3: 0.0\n\nTranslate this solution back to the original problem and provide it as originally specified.\nDo not add any more explanation once you've provided the solution."")","(""To express this problem as an Integer Linear Program (ILP) in the LP format, we need to define binary variables for each item, where the variable is 1 if the item is included in the bag and 0 otherwise. Let's denote these variables as \\( x_1, x_2, \\) and \\( x_3 \\) for items 1, 2, and 3, respectively.\n\nThe objective is to maximize the total value of the items in the bag, subject to the constraint that the total weight does not exceed 12 kg.\n\nHere is the ILP formulation in the LP format:\n\n```\n\\ Knapsack problem ILP formulation\n\nMaximize\n  9 x1 + 2 x2 + 6 x3\nSubject To\n  c0: 9 x1 + 7 x2 + 7 x3 <= 12\nBounds\n  0 <= x1 <= 1\n  0 <= x2 <= 1\n  0 <= x3 <= 1\nBinaries\n  x1 x2 x3\nEnd\n```\n\nExplanation:\n- **Objective Function**: `9 x1 + 2 x2 + 6 x3` represents the total value of the items in the bag, which we want to maximize.\n- **Constraint**: `9 x1 + 7 x2 + 7 x3 <= 12` ensures that the total weight of the selected items does not exceed the bag's capacity of 12 kg.\n- **Bounds**: The variables \\( x1, x2, \\) and \\( x3 \\) are binary, meaning they can only take values 0 or 1, indicating whether an item is included in the bag or not."", '1')"
in_house_3_3,textbook,standard,ilp_python,17,9,369.0595871109981,ERRONEOUS,None,Selected items are too heavy. (16 > 12),"('Q: I am trying to fill a bag with valuable items. Each item has a weight and a value.\n\nFind a set of items such that that the total value is as high as possible,\nbut the total weight of the items does not exceed the bag\'s capacity,\nwhich is 12 kg.\n\nHere are the items I have:\n\nItem 1 has a weight of 9 kg and a value of 9 €.\nItem 2 has a weight of 7 kg and a value of 2 €.\nItem 3 has a weight of 7 kg and a value of 6 €.\n\nGenerate a comma-separated list containing the numbers of the items I should put in the bag. An example of a correctly formatted output could be ""1,3"" (without the quotes).\n\nPlease express this as an Integer Linear Program (ILP) problem using Python with the gurobipy library.\nSpecifically, define a function named f that returns an optimized gurobipy.Model object which represents the problem.\nHere is an example of the format you should use for your answer:\n```\nfrom gurobipy import GRB, Model\n\ndef f():\n    # Create the model\n    model = Model(""Example"")\n\n    # Add variables\n    vars = model.addMVar((5), vtype=GRB.BINARY, name=""vars"")\n\n    # Add constraints\n    model.addConstrs(vars[i] + vars[i + 1] <= 1 for i in range(4))\n    model.addConstr(vars[0] + vars[4] <= 1)\n\n    # Set objective\n    model.setObjective(vars.sum(), GRB.MAXIMIZE)\n\n    # Optimize/solve the model\n    model.optimize()\n\n    # Return the optimized model\n    return model\n```\nMake sure you only use the gurobipy library for this problem. Do not import any other libraries.\n', ""An error occurred while executing your code. Here is the output:\n\nTypeError at line 16: unsupported operand type(s) for @: 'MVar' and 'list'\n\nInstead of fixing the code, please provide a final answer for the problem. Do not add any more explanation once you've provided the solution."")","('```python\nfrom gurobipy import GRB, Model\n\ndef f():\n    # Create the model\n    model = Model(""Knapsack"")\n\n    # Define the weights and values of the items\n    weights = [9, 7, 7]\n    values = [9, 2, 6]\n    capacity = 12\n\n    # Add variables: x[i] is 1 if item i is included, 0 otherwise\n    x = model.addMVar(len(weights), vtype=GRB.BINARY, name=""x"")\n\n    # Add the weight constraint\n    model.addConstr(x @ weights <= capacity, name=""weight_constraint"")\n\n    # Set the objective to maximize the total value\n    model.setObjective(x @ values, GRB.MAXIMIZE)\n\n    # Optimize/solve the model\n    model.optimize()\n\n    # Return the optimized model\n    return model\n```\n\nThis code sets up an integer linear programming model using the `gurobipy` library to solve the knapsack problem. The model includes binary decision variables for each item, a constraint to ensure the total weight does not exceed the bag\'s capacity, and an objective to maximize the total value of the selected items.', '1,3')"
in_house_3_4,textbook,standard,ilp_lp,16,4,216.21641065715812,OPTIMAL,4,[2],"('Q: I am trying to fill a bag with valuable items. Each item has a weight and a value.\n\nFind a set of items such that that the total value is as high as possible,\nbut the total weight of the items does not exceed the bag\'s capacity,\nwhich is 2 kg.\n\nHere are the items I have:\n\nItem 1 has a weight of 7 kg and a value of 4 €.\nItem 2 has a weight of 2 kg and a value of 1 €.\nItem 3 has a weight of 1 kg and a value of 4 €.\n\nGenerate a comma-separated list containing the numbers of the items I should put in the bag. An example of a correctly formatted output could be ""1,3"" (without the quotes).\n\nPlease express this as an Integer Linear Program (ILP) problem in the LP format.\nHere is an example of the LP file format:\n```\n\\ This is a comment\n\nMaximize\n  3 a + 2 b + c - 2 d\nSubject To\n  c0: a + b = 1\n  c1: b + c >= 0\n  c2: a + c < 4\nBounds\n  1 <= c <= 5\n  2 <= d\nBinaries \\ these are binary variables that can only be 0 or 1\n  a b\nGenerals \\ these are integer variables\n  c d\nEnd\n```\nNOTE: Keep in mind that all constraints must have only terms with variables on the left and only constant terms on the right (note that ""a <= b"" can be instead written as ""a - b <= 0"").\'', ""Your ILP problem was successfully solved. Here is the solution:\n\nObjective value: 4.0\nValue Assignments:\nx1: 0.0\nx2: 0.0\nx3: 1.0\n\nTranslate this solution back to the original problem and provide it as originally specified.\nDo not add any more explanation once you've provided the solution."")","(""To express this problem as an Integer Linear Program (ILP) in the LP format, we need to define binary variables for each item, where the variable is 1 if the item is included in the bag and 0 otherwise. Let's define:\n\n- \\( x_1 \\) for Item 1\n- \\( x_2 \\) for Item 2\n- \\( x_3 \\) for Item 3\n\nThe objective is to maximize the total value of the items in the bag, subject to the constraint that the total weight does not exceed 2 kg.\n\nHere is the ILP formulation in the LP file format:\n\n```\n\\ Maximize the total value of items in the bag\n\nMaximize\n  4 x1 + 1 x2 + 4 x3\n\nSubject To\n  \\ Total weight constraint\n  c0: 7 x1 + 2 x2 + 1 x3 <= 2\n\nBounds\n  \\ Binary variables can only be 0 or 1\n  0 <= x1 <= 1\n  0 <= x2 <= 1\n  0 <= x3 <= 1\n\nBinaries\n  x1 x2 x3\n\nEnd\n```\n\nIn this formulation:\n- The objective function is \\( 4x_1 + 1x_2 + 4x_3 \\), which represents the total value of the items.\n- The constraint \\( 7x_1 + 2x_2 + 1x_3 \\leq 2 \\) ensures that the total weight of the selected items does not exceed the bag's capacity of 2 kg.\n- The variables \\( x_1, x_2, \\) and \\( x_3 \\) are binary, meaning they can only take values of 0 or 1, indicating whether an item is included in the bag or not."", '3')"
in_house_3_4,textbook,standard,ilp_python,16,4,245.62810697010718,OPTIMAL,4,[2],"('Q: I am trying to fill a bag with valuable items. Each item has a weight and a value.\n\nFind a set of items such that that the total value is as high as possible,\nbut the total weight of the items does not exceed the bag\'s capacity,\nwhich is 2 kg.\n\nHere are the items I have:\n\nItem 1 has a weight of 7 kg and a value of 4 €.\nItem 2 has a weight of 2 kg and a value of 1 €.\nItem 3 has a weight of 1 kg and a value of 4 €.\n\nGenerate a comma-separated list containing the numbers of the items I should put in the bag. An example of a correctly formatted output could be ""1,3"" (without the quotes).\n\nPlease express this as an Integer Linear Program (ILP) problem using Python with the gurobipy library.\nSpecifically, define a function named f that returns an optimized gurobipy.Model object which represents the problem.\nHere is an example of the format you should use for your answer:\n```\nfrom gurobipy import GRB, Model\n\ndef f():\n    # Create the model\n    model = Model(""Example"")\n\n    # Add variables\n    vars = model.addMVar((5), vtype=GRB.BINARY, name=""vars"")\n\n    # Add constraints\n    model.addConstrs(vars[i] + vars[i + 1] <= 1 for i in range(4))\n    model.addConstr(vars[0] + vars[4] <= 1)\n\n    # Set objective\n    model.setObjective(vars.sum(), GRB.MAXIMIZE)\n\n    # Optimize/solve the model\n    model.optimize()\n\n    # Return the optimized model\n    return model\n```\nMake sure you only use the gurobipy library for this problem. Do not import any other libraries.\n', ""An error occurred while executing your code. Here is the output:\n\nTypeError at line 16: unsupported operand type(s) for @: 'MVar' and 'list'\n\nInstead of fixing the code, please provide a final answer for the problem. Do not add any more explanation once you've provided the solution."")","('```python\nfrom gurobipy import GRB, Model\n\ndef f():\n    # Create the model\n    model = Model(""Knapsack Problem"")\n\n    # Define the weights and values of the items\n    weights = [7, 2, 1]\n    values = [4, 1, 4]\n    capacity = 2\n\n    # Add variables: x[i] is 1 if item i is included, 0 otherwise\n    x = model.addMVar(len(weights), vtype=GRB.BINARY, name=""x"")\n\n    # Add the weight constraint\n    model.addConstr(x @ weights <= capacity, name=""weight_constraint"")\n\n    # Set the objective to maximize the total value\n    model.setObjective(x @ values, GRB.MAXIMIZE)\n\n    # Optimize/solve the model\n    model.optimize()\n\n    # Return the optimized model\n    return model\n```\n\nThis code sets up an integer linear programming model using the `gurobipy` library to solve the knapsack problem. The model includes binary decision variables for each item, a constraint to ensure the total weight does not exceed the bag\'s capacity, and an objective to maximize the total value of the selected items.', '3')"
in_house_3_5,textbook,standard,ilp_lp,16,9,365.7166760598775,OPTIMAL,9,[2],"('Q: I am trying to fill a bag with valuable items. Each item has a weight and a value.\n\nFind a set of items such that that the total value is as high as possible,\nbut the total weight of the items does not exceed the bag\'s capacity,\nwhich is 9 kg.\n\nHere are the items I have:\n\nItem 1 has a weight of 9 kg and a value of 8 €.\nItem 2 has a weight of 9 kg and a value of 8 €.\nItem 3 has a weight of 6 kg and a value of 9 €.\n\nGenerate a comma-separated list containing the numbers of the items I should put in the bag. An example of a correctly formatted output could be ""1,3"" (without the quotes).\n\nPlease express this as an Integer Linear Program (ILP) problem in the LP format.\nHere is an example of the LP file format:\n```\n\\ This is a comment\n\nMaximize\n  3 a + 2 b + c - 2 d\nSubject To\n  c0: a + b = 1\n  c1: b + c >= 0\n  c2: a + c < 4\nBounds\n  1 <= c <= 5\n  2 <= d\nBinaries \\ these are binary variables that can only be 0 or 1\n  a b\nGenerals \\ these are integer variables\n  c d\nEnd\n```\nNOTE: Keep in mind that all constraints must have only terms with variables on the left and only constant terms on the right (note that ""a <= b"" can be instead written as ""a - b <= 0"").\'', ""Your ILP problem was successfully solved. Here is the solution:\n\nObjective value: 9.0\nValue Assignments:\nx1: 0.0\nx2: 0.0\nx3: 1.0\n\nTranslate this solution back to the original problem and provide it as originally specified.\nDo not add any more explanation once you've provided the solution."")","('To express this problem as an Integer Linear Program (ILP) in the LP format, we need to define binary variables for each item, where the variable is 1 if the item is included in the bag and 0 otherwise. The objective is to maximize the total value of the items in the bag, subject to the constraint that the total weight does not exceed the bag\'s capacity of 9 kg.\n\nLet\'s define the binary variables:\n- \\( x_1 \\) for Item 1\n- \\( x_2 \\) for Item 2\n- \\( x_3 \\) for Item 3\n\nThe ILP can be formulated as follows:\n\n```\nMaximize\n  8 x1 + 8 x2 + 9 x3\nSubject To\n  c1: 9 x1 + 9 x2 + 6 x3 <= 9\nBinaries\n  x1 x2 x3\nEnd\n```\n\nExplanation:\n- The objective function is ""8 x1 + 8 x2 + 9 x3"", which represents the total value of the items selected.\n- The constraint ""9 x1 + 9 x2 + 6 x3 <= 9"" ensures that the total weight of the selected items does not exceed the bag\'s capacity of 9 kg.\n- The ""Binaries"" section specifies that \\( x_1 \\), \\( x_2 \\), and \\( x_3 \\) are binary variables, meaning they can only take values of 0 or 1.', '3')"
in_house_3_5,textbook,standard,ilp_python,16,9,123.6933581889607,INCOMPATIBLE,None,Solution contains invalid items.,"('Q: I am trying to fill a bag with valuable items. Each item has a weight and a value.\n\nFind a set of items such that that the total value is as high as possible,\nbut the total weight of the items does not exceed the bag\'s capacity,\nwhich is 9 kg.\n\nHere are the items I have:\n\nItem 1 has a weight of 9 kg and a value of 8 €.\nItem 2 has a weight of 9 kg and a value of 8 €.\nItem 3 has a weight of 6 kg and a value of 9 €.\n\nGenerate a comma-separated list containing the numbers of the items I should put in the bag. An example of a correctly formatted output could be ""1,3"" (without the quotes).\n\nPlease express this as an Integer Linear Program (ILP) problem using Python with the gurobipy library.\nSpecifically, define a function named f that returns an optimized gurobipy.Model object which represents the problem.\nHere is an example of the format you should use for your answer:\n```\nfrom gurobipy import GRB, Model\n\ndef f():\n    # Create the model\n    model = Model(""Example"")\n\n    # Add variables\n    vars = model.addMVar((5), vtype=GRB.BINARY, name=""vars"")\n\n    # Add constraints\n    model.addConstrs(vars[i] + vars[i + 1] <= 1 for i in range(4))\n    model.addConstr(vars[0] + vars[4] <= 1)\n\n    # Set objective\n    model.setObjective(vars.sum(), GRB.MAXIMIZE)\n\n    # Optimize/solve the model\n    model.optimize()\n\n    # Return the optimized model\n    return model\n```\nMake sure you only use the gurobipy library for this problem. Do not import any other libraries.\n', ""An error occurred while executing your code. Here is the output:\n\nTypeError at line 16: unsupported operand type(s) for @: 'MVar' and 'list'\n\nInstead of fixing the code, please provide a final answer for the problem. Do not add any more explanation once you've provided the solution."")","('```python\nfrom gurobipy import GRB, Model\n\ndef f():\n    # Create the model\n    model = Model(""Knapsack"")\n\n    # Define the weights and values of the items\n    weights = [9, 9, 6]\n    values = [8, 8, 9]\n    capacity = 9\n\n    # Add variables: x[i] is 1 if item i is included in the knapsack, 0 otherwise\n    x = model.addMVar(len(weights), vtype=GRB.BINARY, name=""x"")\n\n    # Add the weight constraint\n    model.addConstr(x @ weights <= capacity, name=""weight_constraint"")\n\n    # Set the objective to maximize the total value\n    model.setObjective(x @ values, GRB.MAXIMIZE)\n\n    # Optimize/solve the model\n    model.optimize()\n\n    # Return the optimized model\n    return model\n```\n\nThis code sets up an Integer Linear Program (ILP) using the `gurobipy` library to solve the knapsack problem. The function `f` creates a model, adds binary decision variables for each item, adds a constraint to ensure the total weight does not exceed the bag\'s capacity, and sets the objective to maximize the total value of the selected items. The model is then optimized, and the function returns the optimized model.', '```python\nfrom gurobipy import GRB, Model\n\ndef f():\n    # Create the model\n    model = Model(""Knapsack"")\n\n    # Define the weights and values of the items\n    weights = [9, 9, 6]\n    values = [8, 8, 9]\n    capacity = 9\n\n    # Add variables: x[i] is 1 if item i is included in the knapsack, 0 otherwise\n    x = model.addVars(len(weights), vtype=GRB.BINARY, name=""x"")\n\n    # Add the weight constraint\n    model.addConstr(sum(x[i] * weights[i] for i in range(len(weights))) <= capacity, name=""weight_constraint"")\n\n    # Set the objective to maximize the total value\n    model.setObjective(sum(x[i] * values[i] for i in range(len(values))), GRB.MAXIMIZE)\n\n    # Optimize/solve the model\n    model.optimize()\n\n    # Return the optimized model\n    return model\n```')"
in_house_3_6,textbook,standard,ilp_lp,17,10,807.9719953439198,OPTIMAL,10,"[0, 1]","('Q: I am trying to fill a bag with valuable items. Each item has a weight and a value.\n\nFind a set of items such that that the total value is as high as possible,\nbut the total weight of the items does not exceed the bag\'s capacity,\nwhich is 17 kg.\n\nHere are the items I have:\n\nItem 1 has a weight of 6 kg and a value of 7 €.\nItem 2 has a weight of 7 kg and a value of 3 €.\nItem 3 has a weight of 8 kg and a value of 2 €.\n\nGenerate a comma-separated list containing the numbers of the items I should put in the bag. An example of a correctly formatted output could be ""1,3"" (without the quotes).\n\nPlease express this as an Integer Linear Program (ILP) problem in the LP format.\nHere is an example of the LP file format:\n```\n\\ This is a comment\n\nMaximize\n  3 a + 2 b + c - 2 d\nSubject To\n  c0: a + b = 1\n  c1: b + c >= 0\n  c2: a + c < 4\nBounds\n  1 <= c <= 5\n  2 <= d\nBinaries \\ these are binary variables that can only be 0 or 1\n  a b\nGenerals \\ these are integer variables\n  c d\nEnd\n```\nNOTE: Keep in mind that all constraints must have only terms with variables on the left and only constant terms on the right (note that ""a <= b"" can be instead written as ""a - b <= 0"").\'', ""Your ILP problem was successfully solved. Here is the solution:\n\nObjective value: 10.0\nValue Assignments:\nx1: 1.0\nx2: 1.0\nx3: 0.0\n\nTranslate this solution back to the original problem and provide it as originally specified.\nDo not add any more explanation once you've provided the solution."")","(""To express this problem as an Integer Linear Program (ILP) in the LP file format, we need to define binary variables for each item, where the variable is 1 if the item is included in the bag and 0 otherwise. The objective is to maximize the total value of the items in the bag, subject to the constraint that the total weight does not exceed the bag's capacity of 17 kg.\n\nLet's define the binary variables:\n- \\( x_1 \\) for Item 1\n- \\( x_2 \\) for Item 2\n- \\( x_3 \\) for Item 3\n\nThe ILP can be formulated as follows:\n\n```\n\\ Maximize the total value of items in the bag\n\nMaximize\n  7 x1 + 3 x2 + 2 x3\n\nSubject To\n  \\ Total weight constraint\n  c0: 6 x1 + 7 x2 + 8 x3 <= 17\n\nBounds\n  \\ Binary variables\n  0 <= x1 <= 1\n  0 <= x2 <= 1\n  0 <= x3 <= 1\n\nBinaries\n  x1 x2 x3\n\nEnd\n```\n\nIn this formulation:\n- The objective function is \\( 7x_1 + 3x_2 + 2x_3 \\), which represents the total value of the items in the bag.\n- The constraint \\( 6x_1 + 7x_2 + 8x_3 \\leq 17 \\) ensures that the total weight of the selected items does not exceed the bag's capacity.\n- The variables \\( x_1, x_2, \\) and \\( x_3 \\) are binary, meaning they can only take values of 0 or 1, indicating whether an item is included in the bag or not."", '1,2')"
in_house_3_6,textbook,standard,ilp_python,17,10,184.1161878341809,SUBOPTIMAL,7,[0],"('Q: I am trying to fill a bag with valuable items. Each item has a weight and a value.\n\nFind a set of items such that that the total value is as high as possible,\nbut the total weight of the items does not exceed the bag\'s capacity,\nwhich is 17 kg.\n\nHere are the items I have:\n\nItem 1 has a weight of 6 kg and a value of 7 €.\nItem 2 has a weight of 7 kg and a value of 3 €.\nItem 3 has a weight of 8 kg and a value of 2 €.\n\nGenerate a comma-separated list containing the numbers of the items I should put in the bag. An example of a correctly formatted output could be ""1,3"" (without the quotes).\n\nPlease express this as an Integer Linear Program (ILP) problem using Python with the gurobipy library.\nSpecifically, define a function named f that returns an optimized gurobipy.Model object which represents the problem.\nHere is an example of the format you should use for your answer:\n```\nfrom gurobipy import GRB, Model\n\ndef f():\n    # Create the model\n    model = Model(""Example"")\n\n    # Add variables\n    vars = model.addMVar((5), vtype=GRB.BINARY, name=""vars"")\n\n    # Add constraints\n    model.addConstrs(vars[i] + vars[i + 1] <= 1 for i in range(4))\n    model.addConstr(vars[0] + vars[4] <= 1)\n\n    # Set objective\n    model.setObjective(vars.sum(), GRB.MAXIMIZE)\n\n    # Optimize/solve the model\n    model.optimize()\n\n    # Return the optimized model\n    return model\n```\nMake sure you only use the gurobipy library for this problem. Do not import any other libraries.\n', ""An error occurred while executing your code. Here is the output:\n\nTypeError at line 16: unsupported operand type(s) for @: 'MVar' and 'list'\n\nInstead of fixing the code, please provide a final answer for the problem. Do not add any more explanation once you've provided the solution."")","('```python\nfrom gurobipy import GRB, Model\n\ndef f():\n    # Create the model\n    model = Model(""Knapsack"")\n\n    # Define the weights and values of the items\n    weights = [6, 7, 8]\n    values = [7, 3, 2]\n    capacity = 17\n\n    # Add variables: one binary variable for each item\n    vars = model.addMVar(len(weights), vtype=GRB.BINARY, name=""items"")\n\n    # Add the weight constraint\n    model.addConstr(vars @ weights <= capacity, name=""weight_constraint"")\n\n    # Set the objective to maximize the total value\n    model.setObjective(vars @ values, GRB.MAXIMIZE)\n\n    # Optimize/solve the model\n    model.optimize()\n\n    # Return the optimized model\n    return model\n```\n\nThis code sets up an integer linear programming model using the `gurobipy` library to solve the knapsack problem. The model includes binary decision variables for each item, a constraint to ensure the total weight does not exceed the bag\'s capacity, and an objective to maximize the total value of the selected items.', '1')"
in_house_3_7,textbook,standard,ilp_lp,16,9,123.60487617598847,OPTIMAL,9,[0],"('Q: I am trying to fill a bag with valuable items. Each item has a weight and a value.\n\nFind a set of items such that that the total value is as high as possible,\nbut the total weight of the items does not exceed the bag\'s capacity,\nwhich is 3 kg.\n\nHere are the items I have:\n\nItem 1 has a weight of 3 kg and a value of 9 €.\nItem 2 has a weight of 4 kg and a value of 2 €.\nItem 3 has a weight of 9 kg and a value of 5 €.\n\nGenerate a comma-separated list containing the numbers of the items I should put in the bag. An example of a correctly formatted output could be ""1,3"" (without the quotes).\n\nPlease express this as an Integer Linear Program (ILP) problem in the LP format.\nHere is an example of the LP file format:\n```\n\\ This is a comment\n\nMaximize\n  3 a + 2 b + c - 2 d\nSubject To\n  c0: a + b = 1\n  c1: b + c >= 0\n  c2: a + c < 4\nBounds\n  1 <= c <= 5\n  2 <= d\nBinaries \\ these are binary variables that can only be 0 or 1\n  a b\nGenerals \\ these are integer variables\n  c d\nEnd\n```\nNOTE: Keep in mind that all constraints must have only terms with variables on the left and only constant terms on the right (note that ""a <= b"" can be instead written as ""a - b <= 0"").\'', ""Your ILP problem was successfully solved. Here is the solution:\n\nObjective value: 9.0\nValue Assignments:\nx1: 1.0\nx2: 0.0\nx3: 0.0\n\nTranslate this solution back to the original problem and provide it as originally specified.\nDo not add any more explanation once you've provided the solution."")","(""To express this problem as an Integer Linear Program (ILP) in the LP format, we need to define binary variables for each item, where the variable is 1 if the item is included in the bag and 0 otherwise. Let's denote these variables as \\( x_1, x_2, \\) and \\( x_3 \\) for items 1, 2, and 3, respectively.\n\nThe objective is to maximize the total value of the items in the bag, subject to the constraint that the total weight does not exceed the bag's capacity of 3 kg.\n\nHere is the ILP formulation in the LP file format:\n\n```\n\\ Knapsack problem ILP formulation\n\nMaximize\n  9 x1 + 2 x2 + 5 x3\nSubject To\n  c0: 3 x1 + 4 x2 + 9 x3 <= 3\nBounds\n  0 <= x1 <= 1\n  0 <= x2 <= 1\n  0 <= x3 <= 1\nBinaries\n  x1 x2 x3\nEnd\n```\n\nExplanation:\n- **Objective Function**: `9 x1 + 2 x2 + 5 x3` represents the total value of the items in the bag. We want to maximize this value.\n- **Constraint**: `3 x1 + 4 x2 + 9 x3 <= 3` ensures that the total weight of the selected items does not exceed the bag's capacity of 3 kg.\n- **Bounds**: Each variable \\( x1, x2, x3 \\) is binary, meaning it can only take values 0 or 1, representing whether an item is included in the bag or not.\n- **Binaries**: This section explicitly declares the variables as binary.\n\nThis ILP formulation can be solved using an ILP solver to determine the optimal set of items to include in the bag."", '1')"
in_house_3_7,textbook,standard,ilp_python,16,9,123.15804750705138,OPTIMAL,9,[0],"('Q: I am trying to fill a bag with valuable items. Each item has a weight and a value.\n\nFind a set of items such that that the total value is as high as possible,\nbut the total weight of the items does not exceed the bag\'s capacity,\nwhich is 3 kg.\n\nHere are the items I have:\n\nItem 1 has a weight of 3 kg and a value of 9 €.\nItem 2 has a weight of 4 kg and a value of 2 €.\nItem 3 has a weight of 9 kg and a value of 5 €.\n\nGenerate a comma-separated list containing the numbers of the items I should put in the bag. An example of a correctly formatted output could be ""1,3"" (without the quotes).\n\nPlease express this as an Integer Linear Program (ILP) problem using Python with the gurobipy library.\nSpecifically, define a function named f that returns an optimized gurobipy.Model object which represents the problem.\nHere is an example of the format you should use for your answer:\n```\nfrom gurobipy import GRB, Model\n\ndef f():\n    # Create the model\n    model = Model(""Example"")\n\n    # Add variables\n    vars = model.addMVar((5), vtype=GRB.BINARY, name=""vars"")\n\n    # Add constraints\n    model.addConstrs(vars[i] + vars[i + 1] <= 1 for i in range(4))\n    model.addConstr(vars[0] + vars[4] <= 1)\n\n    # Set objective\n    model.setObjective(vars.sum(), GRB.MAXIMIZE)\n\n    # Optimize/solve the model\n    model.optimize()\n\n    # Return the optimized model\n    return model\n```\nMake sure you only use the gurobipy library for this problem. Do not import any other libraries.\n', ""Your code was executed successfully. Here are all the variables of the model and their optimal values:\n\nx[0] = 1.0\nx[1] = 0.0\nx[2] = 0.0\n\nTranslate this solution back to the original problem and provide it as originally specified.\nDo not add any more explanation once you've provided the solution."")","('```python\nfrom gurobipy import GRB, Model\n\ndef f():\n    # Create the model\n    model = Model(""Knapsack"")\n\n    # Define the weights and values of the items\n    weights = [3, 4, 9]\n    values = [9, 2, 5]\n    capacity = 3\n\n    # Add variables: x[i] is 1 if item i is included, 0 otherwise\n    x = model.addVars(3, vtype=GRB.BINARY, name=""x"")\n\n    # Add the weight constraint\n    model.addConstr(sum(weights[i] * x[i] for i in range(3)) <= capacity, ""WeightLimit"")\n\n    # Set the objective to maximize the total value\n    model.setObjective(sum(values[i] * x[i] for i in range(3)), GRB.MAXIMIZE)\n\n    # Optimize/solve the model\n    model.optimize()\n\n    # Return the optimized model\n    return model\n```\n\nThis code sets up an integer linear programming model using the `gurobipy` library to solve the knapsack problem. The model includes binary decision variables for each item, a constraint to ensure the total weight does not exceed the bag\'s capacity, and an objective function to maximize the total value of the selected items.', '1')"
in_house_3_8,textbook,standard,ilp_lp,17,15,122.91942213196307,OPTIMAL,15,"[0, 2]","('Q: I am trying to fill a bag with valuable items. Each item has a weight and a value.\n\nFind a set of items such that that the total value is as high as possible,\nbut the total weight of the items does not exceed the bag\'s capacity,\nwhich is 17 kg.\n\nHere are the items I have:\n\nItem 1 has a weight of 7 kg and a value of 7 €.\nItem 2 has a weight of 4 kg and a value of 7 €.\nItem 3 has a weight of 9 kg and a value of 8 €.\n\nGenerate a comma-separated list containing the numbers of the items I should put in the bag. An example of a correctly formatted output could be ""1,3"" (without the quotes).\n\nPlease express this as an Integer Linear Program (ILP) problem in the LP format.\nHere is an example of the LP file format:\n```\n\\ This is a comment\n\nMaximize\n  3 a + 2 b + c - 2 d\nSubject To\n  c0: a + b = 1\n  c1: b + c >= 0\n  c2: a + c < 4\nBounds\n  1 <= c <= 5\n  2 <= d\nBinaries \\ these are binary variables that can only be 0 or 1\n  a b\nGenerals \\ these are integer variables\n  c d\nEnd\n```\nNOTE: Keep in mind that all constraints must have only terms with variables on the left and only constant terms on the right (note that ""a <= b"" can be instead written as ""a - b <= 0"").\'', ""Your ILP problem was successfully solved. Here is the solution:\n\nObjective value: 15.0\nValue Assignments:\nx1: 1.0\nx2: 0.0\nx3: 1.0\n\nTranslate this solution back to the original problem and provide it as originally specified.\nDo not add any more explanation once you've provided the solution."")","(""To express this problem as an Integer Linear Program (ILP) in the LP format, we need to define binary variables for each item, where the variable is 1 if the item is included in the bag and 0 otherwise. Let's denote these variables as \\( x_1 \\), \\( x_2 \\), and \\( x_3 \\) for items 1, 2, and 3, respectively.\n\nThe objective is to maximize the total value of the items in the bag, subject to the constraint that the total weight does not exceed 17 kg.\n\nHere is the ILP formulation in the LP file format:\n\n```\n\\ Maximize the total value of items in the bag\n\nMaximize\n  7 x1 + 7 x2 + 8 x3\n\nSubject To\n  \\ Total weight constraint\n  c0: 7 x1 + 4 x2 + 9 x3 <= 17\n\nBinaries\n  x1 x2 x3\n\nEnd\n```\n\nExplanation:\n- The objective function is \\( 7 x1 + 7 x2 + 8 x3 \\), which represents the total value of the items in the bag.\n- The constraint \\( c0: 7 x1 + 4 x2 + 9 x3 <= 17 \\) ensures that the total weight of the selected items does not exceed the bag's capacity of 17 kg.\n- The variables \\( x1 \\), \\( x2 \\), and \\( x3 \\) are binary, indicating whether each item is included in the bag."", '1,3')"
in_house_3_8,textbook,standard,ilp_python,17,15,123.7058625370264,OPTIMAL,15,"[0, 2]","('Q: I am trying to fill a bag with valuable items. Each item has a weight and a value.\n\nFind a set of items such that that the total value is as high as possible,\nbut the total weight of the items does not exceed the bag\'s capacity,\nwhich is 17 kg.\n\nHere are the items I have:\n\nItem 1 has a weight of 7 kg and a value of 7 €.\nItem 2 has a weight of 4 kg and a value of 7 €.\nItem 3 has a weight of 9 kg and a value of 8 €.\n\nGenerate a comma-separated list containing the numbers of the items I should put in the bag. An example of a correctly formatted output could be ""1,3"" (without the quotes).\n\nPlease express this as an Integer Linear Program (ILP) problem using Python with the gurobipy library.\nSpecifically, define a function named f that returns an optimized gurobipy.Model object which represents the problem.\nHere is an example of the format you should use for your answer:\n```\nfrom gurobipy import GRB, Model\n\ndef f():\n    # Create the model\n    model = Model(""Example"")\n\n    # Add variables\n    vars = model.addMVar((5), vtype=GRB.BINARY, name=""vars"")\n\n    # Add constraints\n    model.addConstrs(vars[i] + vars[i + 1] <= 1 for i in range(4))\n    model.addConstr(vars[0] + vars[4] <= 1)\n\n    # Set objective\n    model.setObjective(vars.sum(), GRB.MAXIMIZE)\n\n    # Optimize/solve the model\n    model.optimize()\n\n    # Return the optimized model\n    return model\n```\nMake sure you only use the gurobipy library for this problem. Do not import any other libraries.\n', ""Your code was executed successfully. Here are all the variables of the model and their optimal values:\n\nx[0] = 1.0\nx[1] = 0.0\nx[2] = 1.0\n\nTranslate this solution back to the original problem and provide it as originally specified.\nDo not add any more explanation once you've provided the solution."")","('```python\nfrom gurobipy import GRB, Model\n\ndef f():\n    # Create the model\n    model = Model(""Knapsack Problem"")\n\n    # Define the weights and values of the items\n    weights = [7, 4, 9]\n    values = [7, 7, 8]\n    capacity = 17\n\n    # Add variables: x[i] is 1 if item i is included, 0 otherwise\n    x = model.addVars(len(weights), vtype=GRB.BINARY, name=""x"")\n\n    # Add the weight constraint\n    model.addConstr(sum(weights[i] * x[i] for i in range(len(weights))) <= capacity, ""WeightConstraint"")\n\n    # Set the objective to maximize the total value\n    model.setObjective(sum(values[i] * x[i] for i in range(len(values))), GRB.MAXIMIZE)\n\n    # Optimize/solve the model\n    model.optimize()\n\n    # Return the optimized model\n    return model\n```\n\nThis code sets up an integer linear programming model using the `gurobipy` library to solve the knapsack problem. The function `f` creates a model, adds binary variables for each item, sets up a constraint to ensure the total weight does not exceed the bag\'s capacity, and sets the objective to maximize the total value of the selected items. The model is then optimized, and the function returns the optimized model.', '1,3')"
in_house_3_9,textbook,standard,ilp_lp,16,8,154.73075596708804,OPTIMAL,8,[1],"('Q: I am trying to fill a bag with valuable items. Each item has a weight and a value.\n\nFind a set of items such that that the total value is as high as possible,\nbut the total weight of the items does not exceed the bag\'s capacity,\nwhich is 3 kg.\n\nHere are the items I have:\n\nItem 1 has a weight of 2 kg and a value of 5 €.\nItem 2 has a weight of 3 kg and a value of 8 €.\nItem 3 has a weight of 3 kg and a value of 7 €.\n\nGenerate a comma-separated list containing the numbers of the items I should put in the bag. An example of a correctly formatted output could be ""1,3"" (without the quotes).\n\nPlease express this as an Integer Linear Program (ILP) problem in the LP format.\nHere is an example of the LP file format:\n```\n\\ This is a comment\n\nMaximize\n  3 a + 2 b + c - 2 d\nSubject To\n  c0: a + b = 1\n  c1: b + c >= 0\n  c2: a + c < 4\nBounds\n  1 <= c <= 5\n  2 <= d\nBinaries \\ these are binary variables that can only be 0 or 1\n  a b\nGenerals \\ these are integer variables\n  c d\nEnd\n```\nNOTE: Keep in mind that all constraints must have only terms with variables on the left and only constant terms on the right (note that ""a <= b"" can be instead written as ""a - b <= 0"").\'', ""Your ILP problem was successfully solved. Here is the solution:\n\nObjective value: 8.0\nValue Assignments:\nx1: 0.0\nx2: 1.0\nx3: 0.0\n\nTranslate this solution back to the original problem and provide it as originally specified.\nDo not add any more explanation once you've provided the solution."")","(""To express this problem as an Integer Linear Program (ILP) in the LP format, we need to define binary variables for each item, where the variable is 1 if the item is included in the bag and 0 otherwise. Let's denote these variables as \\( x_1 \\), \\( x_2 \\), and \\( x_3 \\) for items 1, 2, and 3, respectively.\n\nThe objective is to maximize the total value of the items in the bag, subject to the constraint that the total weight does not exceed 3 kg.\n\nHere is the ILP formulation in the LP file format:\n\n```\n\\ Maximize the total value of items in the bag\n\nMaximize\n  5 x1 + 8 x2 + 7 x3\n\nSubject To\n  \\ Total weight constraint\n  c0: 2 x1 + 3 x2 + 3 x3 <= 3\n\nBinaries\n  x1 x2 x3\n\nEnd\n```\n\nExplanation:\n- The objective function is \\( 5 x1 + 8 x2 + 7 x3 \\), which represents the total value of the items selected.\n- The constraint \\( c0: 2 x1 + 3 x2 + 3 x3 <= 3 \\) ensures that the total weight of the selected items does not exceed the bag's capacity of 3 kg.\n- The variables \\( x1 \\), \\( x2 \\), and \\( x3 \\) are binary, meaning they can only take values of 0 or 1, indicating whether an item is included in the bag or not."", '2')"
in_house_3_9,textbook,standard,ilp_python,16,8,183.58422642294317,SUBOPTIMAL,7,[2],"('Q: I am trying to fill a bag with valuable items. Each item has a weight and a value.\n\nFind a set of items such that that the total value is as high as possible,\nbut the total weight of the items does not exceed the bag\'s capacity,\nwhich is 3 kg.\n\nHere are the items I have:\n\nItem 1 has a weight of 2 kg and a value of 5 €.\nItem 2 has a weight of 3 kg and a value of 8 €.\nItem 3 has a weight of 3 kg and a value of 7 €.\n\nGenerate a comma-separated list containing the numbers of the items I should put in the bag. An example of a correctly formatted output could be ""1,3"" (without the quotes).\n\nPlease express this as an Integer Linear Program (ILP) problem using Python with the gurobipy library.\nSpecifically, define a function named f that returns an optimized gurobipy.Model object which represents the problem.\nHere is an example of the format you should use for your answer:\n```\nfrom gurobipy import GRB, Model\n\ndef f():\n    # Create the model\n    model = Model(""Example"")\n\n    # Add variables\n    vars = model.addMVar((5), vtype=GRB.BINARY, name=""vars"")\n\n    # Add constraints\n    model.addConstrs(vars[i] + vars[i + 1] <= 1 for i in range(4))\n    model.addConstr(vars[0] + vars[4] <= 1)\n\n    # Set objective\n    model.setObjective(vars.sum(), GRB.MAXIMIZE)\n\n    # Optimize/solve the model\n    model.optimize()\n\n    # Return the optimized model\n    return model\n```\nMake sure you only use the gurobipy library for this problem. Do not import any other libraries.\n', ""An error occurred while executing your code. Here is the output:\n\nTypeError at line 16: unsupported operand type(s) for @: 'MVar' and 'list'\n\nInstead of fixing the code, please provide a final answer for the problem. Do not add any more explanation once you've provided the solution."")","('```python\nfrom gurobipy import GRB, Model\n\ndef f():\n    # Create the model\n    model = Model(""Knapsack"")\n\n    # Define the weights and values of the items\n    weights = [2, 3, 3]\n    values = [5, 8, 7]\n    capacity = 3\n\n    # Add variables: one binary variable for each item\n    x = model.addMVar(len(weights), vtype=GRB.BINARY, name=""x"")\n\n    # Add the weight constraint\n    model.addConstr(x @ weights <= capacity, name=""weight_constraint"")\n\n    # Set the objective to maximize the total value\n    model.setObjective(x @ values, GRB.MAXIMIZE)\n\n    # Optimize/solve the model\n    model.optimize()\n\n    # Return the optimized model\n    return model\n```\n\nThis code sets up an integer linear programming model using the `gurobipy` library to solve the knapsack problem. The model includes binary decision variables for each item, a constraint to ensure the total weight does not exceed the bag\'s capacity, and an objective to maximize the total value of the selected items.', '```python\nfrom gurobipy import GRB, Model\n\ndef f():\n    # Create the model\n    model = Model(""Knapsack"")\n\n    # Define the weights and values of the items\n    weights = [2, 3, 3]\n    values = [5, 8, 7]\n    capacity = 3\n\n    # Add variables: one binary variable for each item\n    x = model.addVars(len(weights), vtype=GRB.BINARY, name=""x"")\n\n    # Add the weight constraint\n    model.addConstr(sum(x[i] * weights[i] for i in range(len(weights))) <= capacity, name=""weight_constraint"")\n\n    # Set the objective to maximize the total value\n    model.setObjective(sum(x[i] * values[i] for i in range(len(values))), GRB.MAXIMIZE)\n\n    # Optimize/solve the model\n    model.optimize()\n\n    # Return the optimized model\n    return model\n```')"
in_house_4_0,textbook,standard,ilp_lp,27,31,217.93630703282543,OPTIMAL,31,"[0, 3]","('Q: I am trying to fill a bag with valuable items. Each item has a weight and a value.\n\nFind a set of items such that that the total value is as high as possible,\nbut the total weight of the items does not exceed the bag\'s capacity,\nwhich is 24 kg.\n\nHere are the items I have:\n\nItem 1 has a weight of 8 kg and a value of 15 €.\nItem 2 has a weight of 12 kg and a value of 9 €.\nItem 3 has a weight of 15 kg and a value of 3 €.\nItem 4 has a weight of 13 kg and a value of 16 €.\n\nGenerate a comma-separated list containing the numbers of the items I should put in the bag. An example of a correctly formatted output could be ""1,3"" (without the quotes).\n\nPlease express this as an Integer Linear Program (ILP) problem in the LP format.\nHere is an example of the LP file format:\n```\n\\ This is a comment\n\nMaximize\n  3 a + 2 b + c - 2 d\nSubject To\n  c0: a + b = 1\n  c1: b + c >= 0\n  c2: a + c < 4\nBounds\n  1 <= c <= 5\n  2 <= d\nBinaries \\ these are binary variables that can only be 0 or 1\n  a b\nGenerals \\ these are integer variables\n  c d\nEnd\n```\nNOTE: Keep in mind that all constraints must have only terms with variables on the left and only constant terms on the right (note that ""a <= b"" can be instead written as ""a - b <= 0"").\'', ""Your ILP problem was successfully solved. Here is the solution:\n\nObjective value: 31.0\nValue Assignments:\nx1: 1.0\nx2: 0.0\nx3: 0.0\nx4: 1.0\n\nTranslate this solution back to the original problem and provide it as originally specified.\nDo not add any more explanation once you've provided the solution."")","('To express this problem as an Integer Linear Program (ILP) in the LP format, we need to define binary variables for each item, where the variable is 1 if the item is included in the bag and 0 otherwise. The objective is to maximize the total value of the items in the bag, subject to the constraint that the total weight does not exceed the bag\'s capacity of 24 kg.\n\nLet\'s define the binary variables:\n- \\( x_1 \\) for Item 1\n- \\( x_2 \\) for Item 2\n- \\( x_3 \\) for Item 3\n- \\( x_4 \\) for Item 4\n\nThe ILP can be formulated as follows:\n\n```\nMaximize\n  15 x1 + 9 x2 + 3 x3 + 16 x4\nSubject To\n  c1: 8 x1 + 12 x2 + 15 x3 + 13 x4 <= 24\nBinaries\n  x1 x2 x3 x4\nEnd\n```\n\nExplanation:\n- The ""Maximize"" section defines the objective function, which is the total value of the selected items.\n- The ""Subject To"" section includes the constraint that the total weight of the selected items must not exceed 24 kg.\n- The ""Binaries"" section specifies that \\( x_1, x_2, x_3, \\) and \\( x_4 \\) are binary variables, meaning they can only take values of 0 or 1.\n- The ""End"" statement marks the end of the ILP formulation.', '1,4')"
in_house_4_0,textbook,standard,ilp_python,27,31,789.5058102819603,OPTIMAL,31,"[0, 3]","('Q: I am trying to fill a bag with valuable items. Each item has a weight and a value.\n\nFind a set of items such that that the total value is as high as possible,\nbut the total weight of the items does not exceed the bag\'s capacity,\nwhich is 24 kg.\n\nHere are the items I have:\n\nItem 1 has a weight of 8 kg and a value of 15 €.\nItem 2 has a weight of 12 kg and a value of 9 €.\nItem 3 has a weight of 15 kg and a value of 3 €.\nItem 4 has a weight of 13 kg and a value of 16 €.\n\nGenerate a comma-separated list containing the numbers of the items I should put in the bag. An example of a correctly formatted output could be ""1,3"" (without the quotes).\n\nPlease express this as an Integer Linear Program (ILP) problem using Python with the gurobipy library.\nSpecifically, define a function named f that returns an optimized gurobipy.Model object which represents the problem.\nHere is an example of the format you should use for your answer:\n```\nfrom gurobipy import GRB, Model\n\ndef f():\n    # Create the model\n    model = Model(""Example"")\n\n    # Add variables\n    vars = model.addMVar((5), vtype=GRB.BINARY, name=""vars"")\n\n    # Add constraints\n    model.addConstrs(vars[i] + vars[i + 1] <= 1 for i in range(4))\n    model.addConstr(vars[0] + vars[4] <= 1)\n\n    # Set objective\n    model.setObjective(vars.sum(), GRB.MAXIMIZE)\n\n    # Optimize/solve the model\n    model.optimize()\n\n    # Return the optimized model\n    return model\n```\nMake sure you only use the gurobipy library for this problem. Do not import any other libraries.\n', ""Your code was executed successfully. Here are all the variables of the model and their optimal values:\n\nx[0] = 1.0\nx[1] = 0.0\nx[2] = 0.0\nx[3] = 1.0\n\nTranslate this solution back to the original problem and provide it as originally specified.\nDo not add any more explanation once you've provided the solution."")","('```python\nfrom gurobipy import GRB, Model\n\ndef f():\n    # Create the model\n    model = Model(""Knapsack Problem"")\n\n    # We have 4 items\n    weights = [8, 12, 15, 13]\n    values = [15, 9, 3, 16]\n    capacity = 24\n\n    # Add variables: x[i] is 1 if item i is included, 0 otherwise\n    x = model.addVars(4, vtype=GRB.BINARY, name=""x"")\n\n    # Add the weight constraint\n    model.addConstr(sum(weights[i] * x[i] for i in range(4)) <= capacity, name=""weight_constraint"")\n\n    # Set the objective to maximize the total value\n    model.setObjective(sum(values[i] * x[i] for i in range(4)), GRB.MAXIMIZE)\n\n    # Optimize/solve the model\n    model.optimize()\n\n    # Return the optimized model\n    return model\n```\n\nThis code sets up an Integer Linear Programming (ILP) model using the `gurobipy` library to solve the knapsack problem. The model includes variables representing whether each item is included in the bag, a constraint ensuring the total weight does not exceed the bag\'s capacity, and an objective to maximize the total value of the selected items.', '1,4')"
in_house_4_1,textbook,standard,ilp_lp,27,37,2000.0639997220132,OPTIMAL,37,"[1, 2, 3]","('Q: I am trying to fill a bag with valuable items. Each item has a weight and a value.\n\nFind a set of items such that that the total value is as high as possible,\nbut the total weight of the items does not exceed the bag\'s capacity,\nwhich is 33 kg.\n\nHere are the items I have:\n\nItem 1 has a weight of 14 kg and a value of 3 €.\nItem 2 has a weight of 16 kg and a value of 13 €.\nItem 3 has a weight of 5 kg and a value of 11 €.\nItem 4 has a weight of 6 kg and a value of 13 €.\n\nGenerate a comma-separated list containing the numbers of the items I should put in the bag. An example of a correctly formatted output could be ""1,3"" (without the quotes).\n\nPlease express this as an Integer Linear Program (ILP) problem in the LP format.\nHere is an example of the LP file format:\n```\n\\ This is a comment\n\nMaximize\n  3 a + 2 b + c - 2 d\nSubject To\n  c0: a + b = 1\n  c1: b + c >= 0\n  c2: a + c < 4\nBounds\n  1 <= c <= 5\n  2 <= d\nBinaries \\ these are binary variables that can only be 0 or 1\n  a b\nGenerals \\ these are integer variables\n  c d\nEnd\n```\nNOTE: Keep in mind that all constraints must have only terms with variables on the left and only constant terms on the right (note that ""a <= b"" can be instead written as ""a - b <= 0"").\'', ""Your ILP problem was successfully solved. Here is the solution:\n\nObjective value: 37.0\nValue Assignments:\nx1: 0.0\nx2: 1.0\nx3: 1.0\nx4: 1.0\n\nTranslate this solution back to the original problem and provide it as originally specified.\nDo not add any more explanation once you've provided the solution."")","(""To express this problem as an Integer Linear Program (ILP) in the LP format, we need to define binary variables for each item, where the variable is 1 if the item is included in the bag and 0 otherwise. The objective is to maximize the total value of the items in the bag, subject to the constraint that the total weight does not exceed the bag's capacity of 33 kg.\n\nLet's define the binary variables:\n- \\( x_1 \\) for Item 1\n- \\( x_2 \\) for Item 2\n- \\( x_3 \\) for Item 3\n- \\( x_4 \\) for Item 4\n\nThe ILP can be formulated as follows:\n\n```\nMaximize\n  3 x1 + 13 x2 + 11 x3 + 13 x4\nSubject To\n  c1: 14 x1 + 16 x2 + 5 x3 + 6 x4 <= 33\nBinaries\n  x1 x2 x3 x4\nEnd\n```\n\nExplanation:\n- The objective function `3 x1 + 13 x2 + 11 x3 + 13 x4` represents the total value of the items selected.\n- The constraint `14 x1 + 16 x2 + 5 x3 + 6 x4 <= 33` ensures that the total weight of the selected items does not exceed the bag's capacity of 33 kg.\n- The `Binaries` section specifies that \\( x_1, x_2, x_3, \\) and \\( x_4 \\) are binary variables, meaning they can only take values of 0 or 1."", '2,3,4')"
in_house_4_1,textbook,standard,ilp_python,27,37,184.32020112499595,SUBOPTIMAL,24,"[2, 3]","('Q: I am trying to fill a bag with valuable items. Each item has a weight and a value.\n\nFind a set of items such that that the total value is as high as possible,\nbut the total weight of the items does not exceed the bag\'s capacity,\nwhich is 33 kg.\n\nHere are the items I have:\n\nItem 1 has a weight of 14 kg and a value of 3 €.\nItem 2 has a weight of 16 kg and a value of 13 €.\nItem 3 has a weight of 5 kg and a value of 11 €.\nItem 4 has a weight of 6 kg and a value of 13 €.\n\nGenerate a comma-separated list containing the numbers of the items I should put in the bag. An example of a correctly formatted output could be ""1,3"" (without the quotes).\n\nPlease express this as an Integer Linear Program (ILP) problem using Python with the gurobipy library.\nSpecifically, define a function named f that returns an optimized gurobipy.Model object which represents the problem.\nHere is an example of the format you should use for your answer:\n```\nfrom gurobipy import GRB, Model\n\ndef f():\n    # Create the model\n    model = Model(""Example"")\n\n    # Add variables\n    vars = model.addMVar((5), vtype=GRB.BINARY, name=""vars"")\n\n    # Add constraints\n    model.addConstrs(vars[i] + vars[i + 1] <= 1 for i in range(4))\n    model.addConstr(vars[0] + vars[4] <= 1)\n\n    # Set objective\n    model.setObjective(vars.sum(), GRB.MAXIMIZE)\n\n    # Optimize/solve the model\n    model.optimize()\n\n    # Return the optimized model\n    return model\n```\nMake sure you only use the gurobipy library for this problem. Do not import any other libraries.\n', ""An error occurred while executing your code. Here is the output:\n\nTypeError at line 16: unsupported operand type(s) for @: 'MVar' and 'list'\n\nInstead of fixing the code, please provide a final answer for the problem. Do not add any more explanation once you've provided the solution."")","('```python\nfrom gurobipy import GRB, Model\n\ndef f():\n    # Create the model\n    model = Model(""Knapsack Problem"")\n\n    # Define the weights and values of the items\n    weights = [14, 16, 5, 6]\n    values = [3, 13, 11, 13]\n    capacity = 33\n\n    # Add variables: one binary variable for each item\n    vars = model.addMVar(len(weights), vtype=GRB.BINARY, name=""items"")\n\n    # Add the weight constraint\n    model.addConstr(vars @ weights <= capacity, name=""weight_constraint"")\n\n    # Set the objective to maximize the total value\n    model.setObjective(vars @ values, GRB.MAXIMIZE)\n\n    # Optimize/solve the model\n    model.optimize()\n\n    # Return the optimized model\n    return model\n```', '3,4')"
in_house_4_10,textbook,standard,ilp_lp,25,12,125.39800321916118,OPTIMAL,12,[0],"('Q: I am trying to fill a bag with valuable items. Each item has a weight and a value.\n\nFind a set of items such that that the total value is as high as possible,\nbut the total weight of the items does not exceed the bag\'s capacity,\nwhich is 8 kg.\n\nHere are the items I have:\n\nItem 1 has a weight of 8 kg and a value of 12 €.\nItem 2 has a weight of 12 kg and a value of 10 €.\nItem 3 has a weight of 5 kg and a value of 6 €.\nItem 4 has a weight of 11 kg and a value of 8 €.\n\nGenerate a comma-separated list containing the numbers of the items I should put in the bag. An example of a correctly formatted output could be ""1,3"" (without the quotes).\n\nPlease express this as an Integer Linear Program (ILP) problem in the LP format.\nHere is an example of the LP file format:\n```\n\\ This is a comment\n\nMaximize\n  3 a + 2 b + c - 2 d\nSubject To\n  c0: a + b = 1\n  c1: b + c >= 0\n  c2: a + c < 4\nBounds\n  1 <= c <= 5\n  2 <= d\nBinaries \\ these are binary variables that can only be 0 or 1\n  a b\nGenerals \\ these are integer variables\n  c d\nEnd\n```\nNOTE: Keep in mind that all constraints must have only terms with variables on the left and only constant terms on the right (note that ""a <= b"" can be instead written as ""a - b <= 0"").\'', ""Your ILP problem was successfully solved. Here is the solution:\n\nObjective value: 12.0\nValue Assignments:\nx1: 1.0\nx2: 0.0\nx3: 0.0\nx4: 0.0\n\nTranslate this solution back to the original problem and provide it as originally specified.\nDo not add any more explanation once you've provided the solution."")","(""To express this problem as an Integer Linear Program (ILP) in the LP format, we need to define binary variables for each item, where the variable is 1 if the item is included in the bag and 0 otherwise. The objective is to maximize the total value of the items in the bag, subject to the constraint that the total weight does not exceed the bag's capacity of 8 kg.\n\nLet's define the binary variables:\n- \\( x_1 \\) for Item 1\n- \\( x_2 \\) for Item 2\n- \\( x_3 \\) for Item 3\n- \\( x_4 \\) for Item 4\n\nThe ILP can be formulated as follows:\n\n```\n\\ Maximize the total value of items in the bag\n\nMaximize\n  12 x1 + 10 x2 + 6 x3 + 8 x4\n\nSubject To\n  \\ Total weight constraint\n  c0: 8 x1 + 12 x2 + 5 x3 + 11 x4 <= 8\n\nBinaries\n  x1 x2 x3 x4\n\nEnd\n```\n\nExplanation:\n- The objective function `12 x1 + 10 x2 + 6 x3 + 8 x4` represents the total value of the items selected.\n- The constraint `c0: 8 x1 + 12 x2 + 5 x3 + 11 x4 <= 8` ensures that the total weight of the selected items does not exceed the bag's capacity of 8 kg.\n- The `Binaries` section specifies that \\( x_1, x_2, x_3, \\) and \\( x_4 \\) are binary variables, meaning they can only take values of 0 or 1."", '1')"
in_house_4_10,textbook,standard,ilp_python,25,12,154.51258504507132,INCOMPATIBLE,None,Solution contains invalid items.,"('Q: I am trying to fill a bag with valuable items. Each item has a weight and a value.\n\nFind a set of items such that that the total value is as high as possible,\nbut the total weight of the items does not exceed the bag\'s capacity,\nwhich is 8 kg.\n\nHere are the items I have:\n\nItem 1 has a weight of 8 kg and a value of 12 €.\nItem 2 has a weight of 12 kg and a value of 10 €.\nItem 3 has a weight of 5 kg and a value of 6 €.\nItem 4 has a weight of 11 kg and a value of 8 €.\n\nGenerate a comma-separated list containing the numbers of the items I should put in the bag. An example of a correctly formatted output could be ""1,3"" (without the quotes).\n\nPlease express this as an Integer Linear Program (ILP) problem using Python with the gurobipy library.\nSpecifically, define a function named f that returns an optimized gurobipy.Model object which represents the problem.\nHere is an example of the format you should use for your answer:\n```\nfrom gurobipy import GRB, Model\n\ndef f():\n    # Create the model\n    model = Model(""Example"")\n\n    # Add variables\n    vars = model.addMVar((5), vtype=GRB.BINARY, name=""vars"")\n\n    # Add constraints\n    model.addConstrs(vars[i] + vars[i + 1] <= 1 for i in range(4))\n    model.addConstr(vars[0] + vars[4] <= 1)\n\n    # Set objective\n    model.setObjective(vars.sum(), GRB.MAXIMIZE)\n\n    # Optimize/solve the model\n    model.optimize()\n\n    # Return the optimized model\n    return model\n```\nMake sure you only use the gurobipy library for this problem. Do not import any other libraries.\n', ""An error occurred while executing your code. Here is the output:\n\nTypeError at line 16: unsupported operand type(s) for @: 'MVar' and 'list'\n\nInstead of fixing the code, please provide a final answer for the problem. Do not add any more explanation once you've provided the solution."")","('```python\nfrom gurobipy import GRB, Model\n\ndef f():\n    # Create the model\n    model = Model(""Knapsack Problem"")\n\n    # Define the weights and values of the items\n    weights = [8, 12, 5, 11]\n    values = [12, 10, 6, 8]\n    capacity = 8\n\n    # Add variables: one binary variable for each item\n    vars = model.addMVar(len(weights), vtype=GRB.BINARY, name=""vars"")\n\n    # Add the weight constraint\n    model.addConstr(vars @ weights <= capacity, name=""weight_constraint"")\n\n    # Set the objective to maximize the total value\n    model.setObjective(vars @ values, GRB.MAXIMIZE)\n\n    # Optimize/solve the model\n    model.optimize()\n\n    # Return the optimized model\n    return model\n```\n\nThis code sets up an integer linear programming model using the `gurobipy` library to solve the knapsack problem. The model includes binary decision variables for each item, a constraint to ensure the total weight does not exceed the bag\'s capacity, and an objective to maximize the total value of the selected items.', '```python\nfrom gurobipy import GRB, Model\n\ndef f():\n    # Create the model\n    model = Model(""Knapsack Problem"")\n\n    # Define the weights and values of the items\n    weights = [8, 12, 5, 11]\n    values = [12, 10, 6, 8]\n    capacity = 8\n\n    # Add variables: one binary variable for each item\n    vars = model.addVars(len(weights), vtype=GRB.BINARY, name=""vars"")\n\n    # Add the weight constraint\n    model.addConstr(sum(vars[i] * weights[i] for i in range(len(weights))) <= capacity, name=""weight_constraint"")\n\n    # Set the objective to maximize the total value\n    model.setObjective(sum(vars[i] * values[i] for i in range(len(values))), GRB.MAXIMIZE)\n\n    # Optimize/solve the model\n    model.optimize()\n\n    # Return the optimized model\n    return model\n```')"
in_house_4_11,textbook,standard,ilp_lp,23,16,183.93373611406423,OPTIMAL,16,[0],"('Q: I am trying to fill a bag with valuable items. Each item has a weight and a value.\n\nFind a set of items such that that the total value is as high as possible,\nbut the total weight of the items does not exceed the bag\'s capacity,\nwhich is 7 kg.\n\nHere are the items I have:\n\nItem 1 has a weight of 6 kg and a value of 16 €.\nItem 2 has a weight of 9 kg and a value of 4 €.\nItem 3 has a weight of 15 kg and a value of 9 €.\nItem 4 has a weight of 9 kg and a value of 4 €.\n\nGenerate a comma-separated list containing the numbers of the items I should put in the bag. An example of a correctly formatted output could be ""1,3"" (without the quotes).\n\nPlease express this as an Integer Linear Program (ILP) problem in the LP format.\nHere is an example of the LP file format:\n```\n\\ This is a comment\n\nMaximize\n  3 a + 2 b + c - 2 d\nSubject To\n  c0: a + b = 1\n  c1: b + c >= 0\n  c2: a + c < 4\nBounds\n  1 <= c <= 5\n  2 <= d\nBinaries \\ these are binary variables that can only be 0 or 1\n  a b\nGenerals \\ these are integer variables\n  c d\nEnd\n```\nNOTE: Keep in mind that all constraints must have only terms with variables on the left and only constant terms on the right (note that ""a <= b"" can be instead written as ""a - b <= 0"").\'', ""Your ILP problem was successfully solved. Here is the solution:\n\nObjective value: 16.0\nValue Assignments:\nx1: 1.0\nx2: 0.0\nx3: 0.0\nx4: 0.0\n\nTranslate this solution back to the original problem and provide it as originally specified.\nDo not add any more explanation once you've provided the solution."")","('To express this problem as an Integer Linear Program (ILP) in the LP format, we need to define binary variables for each item, where the variable is 1 if the item is included in the bag and 0 otherwise. The objective is to maximize the total value of the items in the bag, subject to the constraint that the total weight does not exceed the bag\'s capacity of 7 kg.\n\nLet\'s define the binary variables:\n- \\( x_1 \\) for Item 1\n- \\( x_2 \\) for Item 2\n- \\( x_3 \\) for Item 3\n- \\( x_4 \\) for Item 4\n\nThe ILP formulation is as follows:\n\n```\nMaximize\n  16 x1 + 4 x2 + 9 x3 + 4 x4\nSubject To\n  c1: 6 x1 + 9 x2 + 15 x3 + 9 x4 <= 7\nBinaries\n  x1 x2 x3 x4\nEnd\n```\n\nExplanation:\n- The ""Maximize"" section defines the objective function, which is the total value of the selected items.\n- The ""Subject To"" section includes the constraint that the total weight of the selected items must not exceed 7 kg.\n- The ""Binaries"" section specifies that the variables \\( x_1, x_2, x_3, \\) and \\( x_4 \\) are binary, meaning they can only take values of 0 or 1.\n- The ""End"" statement marks the end of the ILP formulation.', '1')"
in_house_4_11,textbook,standard,ilp_python,23,16,547.4961018769536,OPTIMAL,16,[0],"('Q: I am trying to fill a bag with valuable items. Each item has a weight and a value.\n\nFind a set of items such that that the total value is as high as possible,\nbut the total weight of the items does not exceed the bag\'s capacity,\nwhich is 7 kg.\n\nHere are the items I have:\n\nItem 1 has a weight of 6 kg and a value of 16 €.\nItem 2 has a weight of 9 kg and a value of 4 €.\nItem 3 has a weight of 15 kg and a value of 9 €.\nItem 4 has a weight of 9 kg and a value of 4 €.\n\nGenerate a comma-separated list containing the numbers of the items I should put in the bag. An example of a correctly formatted output could be ""1,3"" (without the quotes).\n\nPlease express this as an Integer Linear Program (ILP) problem using Python with the gurobipy library.\nSpecifically, define a function named f that returns an optimized gurobipy.Model object which represents the problem.\nHere is an example of the format you should use for your answer:\n```\nfrom gurobipy import GRB, Model\n\ndef f():\n    # Create the model\n    model = Model(""Example"")\n\n    # Add variables\n    vars = model.addMVar((5), vtype=GRB.BINARY, name=""vars"")\n\n    # Add constraints\n    model.addConstrs(vars[i] + vars[i + 1] <= 1 for i in range(4))\n    model.addConstr(vars[0] + vars[4] <= 1)\n\n    # Set objective\n    model.setObjective(vars.sum(), GRB.MAXIMIZE)\n\n    # Optimize/solve the model\n    model.optimize()\n\n    # Return the optimized model\n    return model\n```\nMake sure you only use the gurobipy library for this problem. Do not import any other libraries.\n', ""An error occurred while executing your code. Here is the output:\n\nTypeError at line 21: unsupported operand type(s) for @: 'MVar' and 'list'\n\nInstead of fixing the code, please provide a final answer for the problem. Do not add any more explanation once you've provided the solution."")","('```python\nfrom gurobipy import GRB, Model\n\ndef f():\n    # Create the model\n    model = Model(""Knapsack Problem"")\n\n    # We have 4 items\n    num_items = 4\n\n    # Weights and values of the items\n    weights = [6, 9, 15, 9]\n    values = [16, 4, 9, 4]\n\n    # Capacity of the bag\n    capacity = 7\n\n    # Add variables: x[i] is 1 if item i is included, 0 otherwise\n    x = model.addMVar(num_items, vtype=GRB.BINARY, name=""x"")\n\n    # Add the weight constraint\n    model.addConstr(x @ weights <= capacity, name=""weight_constraint"")\n\n    # Set the objective to maximize the total value\n    model.setObjective(x @ values, GRB.MAXIMIZE)\n\n    # Optimize/solve the model\n    model.optimize()\n\n    # Return the optimized model\n    return model\n```\n\nThis code sets up an integer linear programming model using the `gurobipy` library to solve the knapsack problem. The model includes variables representing whether each item is included in the bag, a constraint ensuring the total weight does not exceed the bag\'s capacity, and an objective to maximize the total value of the items in the bag.', '1')"
in_house_4_2,textbook,standard,ilp_lp,25,18,789.5913546308875,OPTIMAL,18,"[0, 1, 2]","('Q: I am trying to fill a bag with valuable items. Each item has a weight and a value.\n\nFind a set of items such that that the total value is as high as possible,\nbut the total weight of the items does not exceed the bag\'s capacity,\nwhich is 14 kg.\n\nHere are the items I have:\n\nItem 1 has a weight of 3 kg and a value of 6 €.\nItem 2 has a weight of 5 kg and a value of 11 €.\nItem 3 has a weight of 5 kg and a value of 1 €.\nItem 4 has a weight of 16 kg and a value of 13 €.\n\nGenerate a comma-separated list containing the numbers of the items I should put in the bag. An example of a correctly formatted output could be ""1,3"" (without the quotes).\n\nPlease express this as an Integer Linear Program (ILP) problem in the LP format.\nHere is an example of the LP file format:\n```\n\\ This is a comment\n\nMaximize\n  3 a + 2 b + c - 2 d\nSubject To\n  c0: a + b = 1\n  c1: b + c >= 0\n  c2: a + c < 4\nBounds\n  1 <= c <= 5\n  2 <= d\nBinaries \\ these are binary variables that can only be 0 or 1\n  a b\nGenerals \\ these are integer variables\n  c d\nEnd\n```\nNOTE: Keep in mind that all constraints must have only terms with variables on the left and only constant terms on the right (note that ""a <= b"" can be instead written as ""a - b <= 0"").\'', ""Your ILP problem was successfully solved. Here is the solution:\n\nObjective value: 18.0\nValue Assignments:\nx1: 1.0\nx2: 1.0\nx3: 1.0\nx4: 0.0\n\nTranslate this solution back to the original problem and provide it as originally specified.\nDo not add any more explanation once you've provided the solution."")","(""To express this problem as an Integer Linear Program (ILP) in the LP format, we need to define binary variables for each item, where the variable is 1 if the item is included in the bag and 0 otherwise. The objective is to maximize the total value of the items in the bag, subject to the constraint that the total weight does not exceed the bag's capacity of 14 kg.\n\nHere is the ILP formulation in the LP file format:\n\n```\n\\ Maximize the total value of items in the bag\nMaximize\n  6 x1 + 11 x2 + 1 x3 + 13 x4\n\nSubject To\n  \\ Total weight constraint\n  c0: 3 x1 + 5 x2 + 5 x3 + 16 x4 <= 14\n\nBinaries\n  x1 x2 x3 x4\n\nEnd\n```\n\nExplanation:\n- The objective function `6 x1 + 11 x2 + 1 x3 + 13 x4` represents the total value of the items in the bag.\n- The constraint `c0: 3 x1 + 5 x2 + 5 x3 + 16 x4 <= 14` ensures that the total weight of the selected items does not exceed 14 kg.\n- The `Binaries` section specifies that `x1`, `x2`, `x3`, and `x4` are binary variables, meaning they can only take values of 0 or 1, indicating whether an item is included in the bag or not."", '1,2,3')"
in_house_4_2,textbook,standard,ilp_python,25,18,245.41416892409325,SUBOPTIMAL,17,"[0, 1]","('Q: I am trying to fill a bag with valuable items. Each item has a weight and a value.\n\nFind a set of items such that that the total value is as high as possible,\nbut the total weight of the items does not exceed the bag\'s capacity,\nwhich is 14 kg.\n\nHere are the items I have:\n\nItem 1 has a weight of 3 kg and a value of 6 €.\nItem 2 has a weight of 5 kg and a value of 11 €.\nItem 3 has a weight of 5 kg and a value of 1 €.\nItem 4 has a weight of 16 kg and a value of 13 €.\n\nGenerate a comma-separated list containing the numbers of the items I should put in the bag. An example of a correctly formatted output could be ""1,3"" (without the quotes).\n\nPlease express this as an Integer Linear Program (ILP) problem using Python with the gurobipy library.\nSpecifically, define a function named f that returns an optimized gurobipy.Model object which represents the problem.\nHere is an example of the format you should use for your answer:\n```\nfrom gurobipy import GRB, Model\n\ndef f():\n    # Create the model\n    model = Model(""Example"")\n\n    # Add variables\n    vars = model.addMVar((5), vtype=GRB.BINARY, name=""vars"")\n\n    # Add constraints\n    model.addConstrs(vars[i] + vars[i + 1] <= 1 for i in range(4))\n    model.addConstr(vars[0] + vars[4] <= 1)\n\n    # Set objective\n    model.setObjective(vars.sum(), GRB.MAXIMIZE)\n\n    # Optimize/solve the model\n    model.optimize()\n\n    # Return the optimized model\n    return model\n```\nMake sure you only use the gurobipy library for this problem. Do not import any other libraries.\n', ""An error occurred while executing your code. Here is the output:\n\nTypeError at line 16: unsupported operand type(s) for @: 'MVar' and 'list'\n\nInstead of fixing the code, please provide a final answer for the problem. Do not add any more explanation once you've provided the solution."")","('```python\nfrom gurobipy import GRB, Model\n\ndef f():\n    # Create the model\n    model = Model(""Knapsack Problem"")\n\n    # Define the weights and values of the items\n    weights = [3, 5, 5, 16]\n    values = [6, 11, 1, 13]\n    capacity = 14\n\n    # Add variables: one binary variable for each item\n    vars = model.addMVar(len(weights), vtype=GRB.BINARY, name=""vars"")\n\n    # Add the weight constraint\n    model.addConstr(vars @ weights <= capacity, name=""weight_constraint"")\n\n    # Set the objective to maximize the total value\n    model.setObjective(vars @ values, GRB.MAXIMIZE)\n\n    # Optimize/solve the model\n    model.optimize()\n\n    # Return the optimized model\n    return model\n```', '1,2')"
in_house_4_3,textbook,standard,ilp_lp,23,12,123.73795453994535,OPTIMAL,12,[0],"('Q: I am trying to fill a bag with valuable items. Each item has a weight and a value.\n\nFind a set of items such that that the total value is as high as possible,\nbut the total weight of the items does not exceed the bag\'s capacity,\nwhich is 5 kg.\n\nHere are the items I have:\n\nItem 1 has a weight of 2 kg and a value of 12 €.\nItem 2 has a weight of 9 kg and a value of 1 €.\nItem 3 has a weight of 9 kg and a value of 4 €.\nItem 4 has a weight of 14 kg and a value of 4 €.\n\nGenerate a comma-separated list containing the numbers of the items I should put in the bag. An example of a correctly formatted output could be ""1,3"" (without the quotes).\n\nPlease express this as an Integer Linear Program (ILP) problem in the LP format.\nHere is an example of the LP file format:\n```\n\\ This is a comment\n\nMaximize\n  3 a + 2 b + c - 2 d\nSubject To\n  c0: a + b = 1\n  c1: b + c >= 0\n  c2: a + c < 4\nBounds\n  1 <= c <= 5\n  2 <= d\nBinaries \\ these are binary variables that can only be 0 or 1\n  a b\nGenerals \\ these are integer variables\n  c d\nEnd\n```\nNOTE: Keep in mind that all constraints must have only terms with variables on the left and only constant terms on the right (note that ""a <= b"" can be instead written as ""a - b <= 0"").\'', ""Your ILP problem was successfully solved. Here is the solution:\n\nObjective value: 12.0\nValue Assignments:\nx1: 1.0\nx2: 0.0\nx3: 0.0\nx4: 0.0\n\nTranslate this solution back to the original problem and provide it as originally specified.\nDo not add any more explanation once you've provided the solution."")","(""To express this problem as an Integer Linear Program (ILP) in the LP format, we need to define binary variables for each item, where the variable is 1 if the item is included in the bag and 0 otherwise. The objective is to maximize the total value of the items in the bag, subject to the constraint that the total weight does not exceed the bag's capacity of 5 kg.\n\nLet's define the binary variables:\n- \\( x_1 \\) for Item 1\n- \\( x_2 \\) for Item 2\n- \\( x_3 \\) for Item 3\n- \\( x_4 \\) for Item 4\n\nThe ILP can be formulated as follows:\n\n```\nMaximize\n  12 x1 + 1 x2 + 4 x3 + 4 x4\nSubject To\n  c1: 2 x1 + 9 x2 + 9 x3 + 14 x4 <= 5\nBinaries\n  x1 x2 x3 x4\nEnd\n```\n\nExplanation:\n- The objective function is to maximize the total value: \\( 12x_1 + 1x_2 + 4x_3 + 4x_4 \\).\n- The constraint \\( c1 \\) ensures that the total weight of the selected items does not exceed 5 kg: \\( 2x_1 + 9x_2 + 9x_3 + 14x_4 \\leq 5 \\).\n- The variables \\( x_1, x_2, x_3, \\) and \\( x_4 \\) are binary, indicating whether each item is included in the bag or not."", '1')"
in_house_4_3,textbook,standard,ilp_python,23,12,184.72060966701247,OPTIMAL,12,[0],"('Q: I am trying to fill a bag with valuable items. Each item has a weight and a value.\n\nFind a set of items such that that the total value is as high as possible,\nbut the total weight of the items does not exceed the bag\'s capacity,\nwhich is 5 kg.\n\nHere are the items I have:\n\nItem 1 has a weight of 2 kg and a value of 12 €.\nItem 2 has a weight of 9 kg and a value of 1 €.\nItem 3 has a weight of 9 kg and a value of 4 €.\nItem 4 has a weight of 14 kg and a value of 4 €.\n\nGenerate a comma-separated list containing the numbers of the items I should put in the bag. An example of a correctly formatted output could be ""1,3"" (without the quotes).\n\nPlease express this as an Integer Linear Program (ILP) problem using Python with the gurobipy library.\nSpecifically, define a function named f that returns an optimized gurobipy.Model object which represents the problem.\nHere is an example of the format you should use for your answer:\n```\nfrom gurobipy import GRB, Model\n\ndef f():\n    # Create the model\n    model = Model(""Example"")\n\n    # Add variables\n    vars = model.addMVar((5), vtype=GRB.BINARY, name=""vars"")\n\n    # Add constraints\n    model.addConstrs(vars[i] + vars[i + 1] <= 1 for i in range(4))\n    model.addConstr(vars[0] + vars[4] <= 1)\n\n    # Set objective\n    model.setObjective(vars.sum(), GRB.MAXIMIZE)\n\n    # Optimize/solve the model\n    model.optimize()\n\n    # Return the optimized model\n    return model\n```\nMake sure you only use the gurobipy library for this problem. Do not import any other libraries.\n', ""Your code was executed successfully. Here are all the variables of the model and their optimal values:\n\nitem[0] = 1.0\nitem[1] = 0.0\nitem[2] = 0.0\nitem[3] = 0.0\n\nTranslate this solution back to the original problem and provide it as originally specified.\nDo not add any more explanation once you've provided the solution."")","('```python\nfrom gurobipy import GRB, Model\n\ndef f():\n    # Create the model\n    model = Model(""Knapsack Problem"")\n\n    # Define the weights and values of the items\n    weights = [2, 9, 9, 14]\n    values = [12, 1, 4, 4]\n    capacity = 5\n\n    # Add variables: one binary variable for each item\n    vars = model.addVars(len(weights), vtype=GRB.BINARY, name=""item"")\n\n    # Add the weight constraint\n    model.addConstr(sum(vars[i] * weights[i] for i in range(len(weights))) <= capacity, ""weight"")\n\n    # Set the objective to maximize the total value\n    model.setObjective(sum(vars[i] * values[i] for i in range(len(values))), GRB.MAXIMIZE)\n\n    # Optimize/solve the model\n    model.optimize()\n\n    # Return the optimized model\n    return model\n```\n\nThis code sets up an integer linear programming model using the `gurobipy` library to solve the knapsack problem. The function `f` creates a model, adds binary variables for each item, sets up the weight constraint, and defines the objective to maximize the total value of the selected items. The model is then optimized, and the function returns the optimized model.', '1')"
in_house_4_4,textbook,standard,ilp_lp,23,17,275.07552884705365,OPTIMAL,17,"[2, 3]","('Q: I am trying to fill a bag with valuable items. Each item has a weight and a value.\n\nFind a set of items such that that the total value is as high as possible,\nbut the total weight of the items does not exceed the bag\'s capacity,\nwhich is 9 kg.\n\nHere are the items I have:\n\nItem 1 has a weight of 6 kg and a value of 3 €.\nItem 2 has a weight of 13 kg and a value of 5 €.\nItem 3 has a weight of 5 kg and a value of 5 €.\nItem 4 has a weight of 3 kg and a value of 12 €.\n\nGenerate a comma-separated list containing the numbers of the items I should put in the bag. An example of a correctly formatted output could be ""1,3"" (without the quotes).\n\nPlease express this as an Integer Linear Program (ILP) problem in the LP format.\nHere is an example of the LP file format:\n```\n\\ This is a comment\n\nMaximize\n  3 a + 2 b + c - 2 d\nSubject To\n  c0: a + b = 1\n  c1: b + c >= 0\n  c2: a + c < 4\nBounds\n  1 <= c <= 5\n  2 <= d\nBinaries \\ these are binary variables that can only be 0 or 1\n  a b\nGenerals \\ these are integer variables\n  c d\nEnd\n```\nNOTE: Keep in mind that all constraints must have only terms with variables on the left and only constant terms on the right (note that ""a <= b"" can be instead written as ""a - b <= 0"").\'', ""Your ILP problem was successfully solved. Here is the solution:\n\nObjective value: 17.0\nValue Assignments:\nx1: 0.0\nx2: 0.0\nx3: 1.0\nx4: 1.0\n\nTranslate this solution back to the original problem and provide it as originally specified.\nDo not add any more explanation once you've provided the solution."")","(""To express this problem as an Integer Linear Program (ILP) in the LP format, we need to define binary variables for each item, where the variable is 1 if the item is included in the bag and 0 otherwise. The objective is to maximize the total value of the items in the bag, subject to the constraint that the total weight does not exceed the bag's capacity of 9 kg.\n\nLet's define the binary variables:\n- \\( x_1 \\) for Item 1\n- \\( x_2 \\) for Item 2\n- \\( x_3 \\) for Item 3\n- \\( x_4 \\) for Item 4\n\nThe ILP can be formulated as follows:\n\n```\nMaximize\n  3 x1 + 5 x2 + 5 x3 + 12 x4\nSubject To\n  c1: 6 x1 + 13 x2 + 5 x3 + 3 x4 <= 9\nBinaries\n  x1 x2 x3 x4\nEnd\n```\n\nExplanation:\n- The objective function `3 x1 + 5 x2 + 5 x3 + 12 x4` represents the total value of the items in the bag.\n- The constraint `6 x1 + 13 x2 + 5 x3 + 3 x4 <= 9` ensures that the total weight of the selected items does not exceed the bag's capacity of 9 kg.\n- The `Binaries` section specifies that \\( x_1, x_2, x_3, \\) and \\( x_4 \\) are binary variables, meaning they can only take values of 0 or 1."", '3,4')"
in_house_4_4,textbook,standard,ilp_python,23,17,382.7496027809102,OPTIMAL,17,"[2, 3]","('Q: I am trying to fill a bag with valuable items. Each item has a weight and a value.\n\nFind a set of items such that that the total value is as high as possible,\nbut the total weight of the items does not exceed the bag\'s capacity,\nwhich is 9 kg.\n\nHere are the items I have:\n\nItem 1 has a weight of 6 kg and a value of 3 €.\nItem 2 has a weight of 13 kg and a value of 5 €.\nItem 3 has a weight of 5 kg and a value of 5 €.\nItem 4 has a weight of 3 kg and a value of 12 €.\n\nGenerate a comma-separated list containing the numbers of the items I should put in the bag. An example of a correctly formatted output could be ""1,3"" (without the quotes).\n\nPlease express this as an Integer Linear Program (ILP) problem using Python with the gurobipy library.\nSpecifically, define a function named f that returns an optimized gurobipy.Model object which represents the problem.\nHere is an example of the format you should use for your answer:\n```\nfrom gurobipy import GRB, Model\n\ndef f():\n    # Create the model\n    model = Model(""Example"")\n\n    # Add variables\n    vars = model.addMVar((5), vtype=GRB.BINARY, name=""vars"")\n\n    # Add constraints\n    model.addConstrs(vars[i] + vars[i + 1] <= 1 for i in range(4))\n    model.addConstr(vars[0] + vars[4] <= 1)\n\n    # Set objective\n    model.setObjective(vars.sum(), GRB.MAXIMIZE)\n\n    # Optimize/solve the model\n    model.optimize()\n\n    # Return the optimized model\n    return model\n```\nMake sure you only use the gurobipy library for this problem. Do not import any other libraries.\n', ""An error occurred while executing your code. Here is the output:\n\nTypeError at line 16: unsupported operand type(s) for @: 'MVar' and 'list'\n\nInstead of fixing the code, please provide a final answer for the problem. Do not add any more explanation once you've provided the solution."")","('```python\nfrom gurobipy import GRB, Model\n\ndef f():\n    # Create the model\n    model = Model(""Knapsack Problem"")\n\n    # Define the weights and values of the items\n    weights = [6, 13, 5, 3]\n    values = [3, 5, 5, 12]\n    capacity = 9\n\n    # Add variables: binary variables indicating whether each item is included\n    vars = model.addMVar(len(weights), vtype=GRB.BINARY, name=""vars"")\n\n    # Add the weight constraint\n    model.addConstr(vars @ weights <= capacity, name=""weight_constraint"")\n\n    # Set the objective to maximize the total value\n    model.setObjective(vars @ values, GRB.MAXIMIZE)\n\n    # Optimize/solve the model\n    model.optimize()\n\n    # Return the optimized model\n    return model\n```\n\nThis code sets up an Integer Linear Programming (ILP) model using the `gurobipy` library to solve the knapsack problem. The model includes binary decision variables for each item, a constraint to ensure the total weight does not exceed the bag\'s capacity, and an objective to maximize the total value of the selected items.', '3,4')"
in_house_4_5,textbook,standard,ilp_lp,26,31,215.24593497486785,OPTIMAL,31,"[0, 2, 3]","('Q: I am trying to fill a bag with valuable items. Each item has a weight and a value.\n\nFind a set of items such that that the total value is as high as possible,\nbut the total weight of the items does not exceed the bag\'s capacity,\nwhich is 49 kg.\n\nHere are the items I have:\n\nItem 1 has a weight of 12 kg and a value of 15 €.\nItem 2 has a weight of 14 kg and a value of 4 €.\nItem 3 has a weight of 9 kg and a value of 7 €.\nItem 4 has a weight of 16 kg and a value of 9 €.\n\nGenerate a comma-separated list containing the numbers of the items I should put in the bag. An example of a correctly formatted output could be ""1,3"" (without the quotes).\n\nPlease express this as an Integer Linear Program (ILP) problem in the LP format.\nHere is an example of the LP file format:\n```\n\\ This is a comment\n\nMaximize\n  3 a + 2 b + c - 2 d\nSubject To\n  c0: a + b = 1\n  c1: b + c >= 0\n  c2: a + c < 4\nBounds\n  1 <= c <= 5\n  2 <= d\nBinaries \\ these are binary variables that can only be 0 or 1\n  a b\nGenerals \\ these are integer variables\n  c d\nEnd\n```\nNOTE: Keep in mind that all constraints must have only terms with variables on the left and only constant terms on the right (note that ""a <= b"" can be instead written as ""a - b <= 0"").\'', ""Your ILP problem was successfully solved. Here is the solution:\n\nObjective value: 31.0\nValue Assignments:\nx1: 1.0\nx2: 0.0\nx3: 1.0\nx4: 1.0\n\nTranslate this solution back to the original problem and provide it as originally specified.\nDo not add any more explanation once you've provided the solution."")","(""To express this problem as an Integer Linear Program (ILP) in the LP format, we need to define binary variables for each item, where the variable is 1 if the item is included in the bag and 0 otherwise. The objective is to maximize the total value of the selected items while ensuring that the total weight does not exceed the bag's capacity of 49 kg.\n\nLet's define the binary variables:\n- \\( x_1 \\) for Item 1\n- \\( x_2 \\) for Item 2\n- \\( x_3 \\) for Item 3\n- \\( x_4 \\) for Item 4\n\nThe ILP can be formulated as follows:\n\n```\n\\ Maximize the total value of the items in the bag\n\nMaximize\n  15 x1 + 4 x2 + 7 x3 + 9 x4\n\nSubject To\n  \\ Total weight constraint\n  c0: 12 x1 + 14 x2 + 9 x3 + 16 x4 <= 49\n\nBinaries\n  x1 x2 x3 x4\n\nEnd\n```\n\nExplanation:\n- The objective function `15 x1 + 4 x2 + 7 x3 + 9 x4` represents the total value of the items selected.\n- The constraint `c0: 12 x1 + 14 x2 + 9 x3 + 16 x4 <= 49` ensures that the total weight of the selected items does not exceed 49 kg.\n- The `Binaries` section specifies that \\( x_1, x_2, x_3, \\) and \\( x_4 \\) are binary variables, meaning they can only take values of 0 or 1."", '1,3,4')"
in_house_4_5,textbook,standard,ilp_python,26,31,183.92663962906227,OPTIMAL,31,"[0, 2, 3]","('Q: I am trying to fill a bag with valuable items. Each item has a weight and a value.\n\nFind a set of items such that that the total value is as high as possible,\nbut the total weight of the items does not exceed the bag\'s capacity,\nwhich is 49 kg.\n\nHere are the items I have:\n\nItem 1 has a weight of 12 kg and a value of 15 €.\nItem 2 has a weight of 14 kg and a value of 4 €.\nItem 3 has a weight of 9 kg and a value of 7 €.\nItem 4 has a weight of 16 kg and a value of 9 €.\n\nGenerate a comma-separated list containing the numbers of the items I should put in the bag. An example of a correctly formatted output could be ""1,3"" (without the quotes).\n\nPlease express this as an Integer Linear Program (ILP) problem using Python with the gurobipy library.\nSpecifically, define a function named f that returns an optimized gurobipy.Model object which represents the problem.\nHere is an example of the format you should use for your answer:\n```\nfrom gurobipy import GRB, Model\n\ndef f():\n    # Create the model\n    model = Model(""Example"")\n\n    # Add variables\n    vars = model.addMVar((5), vtype=GRB.BINARY, name=""vars"")\n\n    # Add constraints\n    model.addConstrs(vars[i] + vars[i + 1] <= 1 for i in range(4))\n    model.addConstr(vars[0] + vars[4] <= 1)\n\n    # Set objective\n    model.setObjective(vars.sum(), GRB.MAXIMIZE)\n\n    # Optimize/solve the model\n    model.optimize()\n\n    # Return the optimized model\n    return model\n```\nMake sure you only use the gurobipy library for this problem. Do not import any other libraries.\n', ""An error occurred while executing your code. Here is the output:\n\nTypeError at line 21: unsupported operand type(s) for @: 'MVar' and 'list'\n\nInstead of fixing the code, please provide a final answer for the problem. Do not add any more explanation once you've provided the solution."")","('```python\nfrom gurobipy import GRB, Model\n\ndef f():\n    # Create the model\n    model = Model(""Knapsack Problem"")\n\n    # We have 4 items\n    num_items = 4\n\n    # Weights and values of the items\n    weights = [12, 14, 9, 16]\n    values = [15, 4, 7, 9]\n\n    # Capacity of the bag\n    capacity = 49\n\n    # Add variables: x[i] is 1 if item i is included, 0 otherwise\n    x = model.addMVar(num_items, vtype=GRB.BINARY, name=""x"")\n\n    # Add the weight constraint\n    model.addConstr(x @ weights <= capacity, name=""weight_constraint"")\n\n    # Set the objective to maximize the total value\n    model.setObjective(x @ values, GRB.MAXIMIZE)\n\n    # Optimize/solve the model\n    model.optimize()\n\n    # Return the optimized model\n    return model\n```', '1,3,4')"
in_house_4_6,textbook,standard,ilp_lp,24,15,122.9980971000623,OPTIMAL,15,"[1, 3]","('Q: I am trying to fill a bag with valuable items. Each item has a weight and a value.\n\nFind a set of items such that that the total value is as high as possible,\nbut the total weight of the items does not exceed the bag\'s capacity,\nwhich is 11 kg.\n\nHere are the items I have:\n\nItem 1 has a weight of 16 kg and a value of 3 €.\nItem 2 has a weight of 1 kg and a value of 6 €.\nItem 3 has a weight of 16 kg and a value of 6 €.\nItem 4 has a weight of 9 kg and a value of 9 €.\n\nGenerate a comma-separated list containing the numbers of the items I should put in the bag. An example of a correctly formatted output could be ""1,3"" (without the quotes).\n\nPlease express this as an Integer Linear Program (ILP) problem in the LP format.\nHere is an example of the LP file format:\n```\n\\ This is a comment\n\nMaximize\n  3 a + 2 b + c - 2 d\nSubject To\n  c0: a + b = 1\n  c1: b + c >= 0\n  c2: a + c < 4\nBounds\n  1 <= c <= 5\n  2 <= d\nBinaries \\ these are binary variables that can only be 0 or 1\n  a b\nGenerals \\ these are integer variables\n  c d\nEnd\n```\nNOTE: Keep in mind that all constraints must have only terms with variables on the left and only constant terms on the right (note that ""a <= b"" can be instead written as ""a - b <= 0"").\'', ""Your ILP problem was successfully solved. Here is the solution:\n\nObjective value: 15.0\nValue Assignments:\nx1: 0.0\nx2: 1.0\nx3: 0.0\nx4: 1.0\n\nTranslate this solution back to the original problem and provide it as originally specified.\nDo not add any more explanation once you've provided the solution."")","(""To express this problem as an Integer Linear Program (ILP) in the LP format, we need to define binary variables for each item, where the variable is 1 if the item is included in the bag and 0 otherwise. We aim to maximize the total value of the items while ensuring the total weight does not exceed the bag's capacity of 11 kg.\n\nLet's define the binary variables:\n- \\( x_1 \\) for Item 1\n- \\( x_2 \\) for Item 2\n- \\( x_3 \\) for Item 3\n- \\( x_4 \\) for Item 4\n\nThe ILP can be formulated as follows:\n\n```\nMaximize\n  3 x1 + 6 x2 + 6 x3 + 9 x4\nSubject To\n  c1: 16 x1 + 1 x2 + 16 x3 + 9 x4 <= 11\nBounds\n  0 <= x1 <= 1\n  0 <= x2 <= 1\n  0 <= x3 <= 1\n  0 <= x4 <= 1\nBinaries\n  x1 x2 x3 x4\nEnd\n```\n\nExplanation:\n- The objective function is to maximize the total value: \\( 3x_1 + 6x_2 + 6x_3 + 9x_4 \\).\n- The constraint \\( c1 \\) ensures that the total weight does not exceed 11 kg: \\( 16x_1 + 1x_2 + 16x_3 + 9x_4 \\leq 11 \\).\n- The bounds section specifies that each variable \\( x_1, x_2, x_3, x_4 \\) is binary, meaning it can only take values 0 or 1."", '2,4')"
in_house_4_6,textbook,standard,ilp_python,24,15,153.73374335095286,OPTIMAL,15,"[1, 3]","('Q: I am trying to fill a bag with valuable items. Each item has a weight and a value.\n\nFind a set of items such that that the total value is as high as possible,\nbut the total weight of the items does not exceed the bag\'s capacity,\nwhich is 11 kg.\n\nHere are the items I have:\n\nItem 1 has a weight of 16 kg and a value of 3 €.\nItem 2 has a weight of 1 kg and a value of 6 €.\nItem 3 has a weight of 16 kg and a value of 6 €.\nItem 4 has a weight of 9 kg and a value of 9 €.\n\nGenerate a comma-separated list containing the numbers of the items I should put in the bag. An example of a correctly formatted output could be ""1,3"" (without the quotes).\n\nPlease express this as an Integer Linear Program (ILP) problem using Python with the gurobipy library.\nSpecifically, define a function named f that returns an optimized gurobipy.Model object which represents the problem.\nHere is an example of the format you should use for your answer:\n```\nfrom gurobipy import GRB, Model\n\ndef f():\n    # Create the model\n    model = Model(""Example"")\n\n    # Add variables\n    vars = model.addMVar((5), vtype=GRB.BINARY, name=""vars"")\n\n    # Add constraints\n    model.addConstrs(vars[i] + vars[i + 1] <= 1 for i in range(4))\n    model.addConstr(vars[0] + vars[4] <= 1)\n\n    # Set objective\n    model.setObjective(vars.sum(), GRB.MAXIMIZE)\n\n    # Optimize/solve the model\n    model.optimize()\n\n    # Return the optimized model\n    return model\n```\nMake sure you only use the gurobipy library for this problem. Do not import any other libraries.\n', ""An error occurred while executing your code. Here is the output:\n\nTypeError at line 16: unsupported operand type(s) for @: 'MVar' and 'list'\n\nInstead of fixing the code, please provide a final answer for the problem. Do not add any more explanation once you've provided the solution."")","('```python\nfrom gurobipy import GRB, Model\n\ndef f():\n    # Create the model\n    model = Model(""Knapsack Problem"")\n\n    # Define the weights and values of the items\n    weights = [16, 1, 16, 9]\n    values = [3, 6, 6, 9]\n    capacity = 11\n\n    # Add variables: binary variables for each item\n    vars = model.addMVar(len(weights), vtype=GRB.BINARY, name=""vars"")\n\n    # Add constraint: total weight should not exceed the capacity\n    model.addConstr(vars @ weights <= capacity, name=""weight_constraint"")\n\n    # Set objective: maximize the total value\n    model.setObjective(vars @ values, GRB.MAXIMIZE)\n\n    # Optimize/solve the model\n    model.optimize()\n\n    # Return the optimized model\n    return model\n```', '2,4')"
in_house_4_7,textbook,standard,ilp_lp,27,24,246.0357068509329,OPTIMAL,24,"[2, 3]","('Q: I am trying to fill a bag with valuable items. Each item has a weight and a value.\n\nFind a set of items such that that the total value is as high as possible,\nbut the total weight of the items does not exceed the bag\'s capacity,\nwhich is 26 kg.\n\nHere are the items I have:\n\nItem 1 has a weight of 15 kg and a value of 7 €.\nItem 2 has a weight of 14 kg and a value of 4 €.\nItem 3 has a weight of 12 kg and a value of 11 €.\nItem 4 has a weight of 3 kg and a value of 13 €.\n\nGenerate a comma-separated list containing the numbers of the items I should put in the bag. An example of a correctly formatted output could be ""1,3"" (without the quotes).\n\nPlease express this as an Integer Linear Program (ILP) problem in the LP format.\nHere is an example of the LP file format:\n```\n\\ This is a comment\n\nMaximize\n  3 a + 2 b + c - 2 d\nSubject To\n  c0: a + b = 1\n  c1: b + c >= 0\n  c2: a + c < 4\nBounds\n  1 <= c <= 5\n  2 <= d\nBinaries \\ these are binary variables that can only be 0 or 1\n  a b\nGenerals \\ these are integer variables\n  c d\nEnd\n```\nNOTE: Keep in mind that all constraints must have only terms with variables on the left and only constant terms on the right (note that ""a <= b"" can be instead written as ""a - b <= 0"").\'', ""Your ILP problem was successfully solved. Here is the solution:\n\nObjective value: 24.0\nValue Assignments:\nx1: 0.0\nx2: 0.0\nx3: 1.0\nx4: 1.0\n\nTranslate this solution back to the original problem and provide it as originally specified.\nDo not add any more explanation once you've provided the solution."")","('To express this problem as an Integer Linear Program (ILP) in the LP file format, we need to define binary variables for each item, where the variable is 1 if the item is included in the bag and 0 otherwise. The objective is to maximize the total value of the items in the bag, subject to the constraint that the total weight does not exceed the bag\'s capacity of 26 kg.\n\nLet\'s define the binary variables:\n- \\( x_1 \\) for Item 1\n- \\( x_2 \\) for Item 2\n- \\( x_3 \\) for Item 3\n- \\( x_4 \\) for Item 4\n\nThe ILP formulation is as follows:\n\n```\nMaximize\n  7 x1 + 4 x2 + 11 x3 + 13 x4\nSubject To\n  c1: 15 x1 + 14 x2 + 12 x3 + 3 x4 <= 26\nBinaries\n  x1 x2 x3 x4\nEnd\n```\n\nExplanation:\n- The ""Maximize"" section defines the objective function, which is to maximize the total value of the selected items.\n- The ""Subject To"" section includes the constraint that the total weight of the selected items must not exceed 26 kg.\n- The ""Binaries"" section specifies that \\( x_1, x_2, x_3, \\) and \\( x_4 \\) are binary variables, meaning they can only take values of 0 or 1.\n- The ""End"" statement marks the end of the ILP formulation.', '3,4')"
in_house_4_7,textbook,standard,ilp_python,27,24,603.4692240799777,OPTIMAL,24,"[2, 3]","('Q: I am trying to fill a bag with valuable items. Each item has a weight and a value.\n\nFind a set of items such that that the total value is as high as possible,\nbut the total weight of the items does not exceed the bag\'s capacity,\nwhich is 26 kg.\n\nHere are the items I have:\n\nItem 1 has a weight of 15 kg and a value of 7 €.\nItem 2 has a weight of 14 kg and a value of 4 €.\nItem 3 has a weight of 12 kg and a value of 11 €.\nItem 4 has a weight of 3 kg and a value of 13 €.\n\nGenerate a comma-separated list containing the numbers of the items I should put in the bag. An example of a correctly formatted output could be ""1,3"" (without the quotes).\n\nPlease express this as an Integer Linear Program (ILP) problem using Python with the gurobipy library.\nSpecifically, define a function named f that returns an optimized gurobipy.Model object which represents the problem.\nHere is an example of the format you should use for your answer:\n```\nfrom gurobipy import GRB, Model\n\ndef f():\n    # Create the model\n    model = Model(""Example"")\n\n    # Add variables\n    vars = model.addMVar((5), vtype=GRB.BINARY, name=""vars"")\n\n    # Add constraints\n    model.addConstrs(vars[i] + vars[i + 1] <= 1 for i in range(4))\n    model.addConstr(vars[0] + vars[4] <= 1)\n\n    # Set objective\n    model.setObjective(vars.sum(), GRB.MAXIMIZE)\n\n    # Optimize/solve the model\n    model.optimize()\n\n    # Return the optimized model\n    return model\n```\nMake sure you only use the gurobipy library for this problem. Do not import any other libraries.\n', ""An error occurred while executing your code. Here is the output:\n\nTypeError at line 21: unsupported operand type(s) for @: 'MVar' and 'list'\n\nInstead of fixing the code, please provide a final answer for the problem. Do not add any more explanation once you've provided the solution."")","('```python\nfrom gurobipy import GRB, Model\n\ndef f():\n    # Create the model\n    model = Model(""Knapsack"")\n\n    # We have 4 items\n    num_items = 4\n\n    # Weights and values of the items\n    weights = [15, 14, 12, 3]\n    values = [7, 4, 11, 13]\n\n    # Capacity of the bag\n    capacity = 26\n\n    # Add variables: x[i] is 1 if item i is included, 0 otherwise\n    x = model.addMVar(num_items, vtype=GRB.BINARY, name=""x"")\n\n    # Add the weight constraint\n    model.addConstr(x @ weights <= capacity, name=""weight_constraint"")\n\n    # Set the objective to maximize the total value\n    model.setObjective(x @ values, GRB.MAXIMIZE)\n\n    # Optimize/solve the model\n    model.optimize()\n\n    # Return the optimized model\n    return model\n```\n\nThis code sets up an integer linear programming model using the `gurobipy` library to solve the knapsack problem. The model includes binary decision variables for each item, a constraint to ensure the total weight does not exceed the bag\'s capacity, and an objective to maximize the total value of the selected items.', '3,4')"
in_house_4_8,textbook,standard,ilp_lp,26,15,123.59189567202702,OPTIMAL,15,[2],"('Q: I am trying to fill a bag with valuable items. Each item has a weight and a value.\n\nFind a set of items such that that the total value is as high as possible,\nbut the total weight of the items does not exceed the bag\'s capacity,\nwhich is 16 kg.\n\nHere are the items I have:\n\nItem 1 has a weight of 4 kg and a value of 1 €.\nItem 2 has a weight of 12 kg and a value of 4 €.\nItem 3 has a weight of 13 kg and a value of 15 €.\nItem 4 has a weight of 12 kg and a value of 9 €.\n\nGenerate a comma-separated list containing the numbers of the items I should put in the bag. An example of a correctly formatted output could be ""1,3"" (without the quotes).\n\nPlease express this as an Integer Linear Program (ILP) problem in the LP format.\nHere is an example of the LP file format:\n```\n\\ This is a comment\n\nMaximize\n  3 a + 2 b + c - 2 d\nSubject To\n  c0: a + b = 1\n  c1: b + c >= 0\n  c2: a + c < 4\nBounds\n  1 <= c <= 5\n  2 <= d\nBinaries \\ these are binary variables that can only be 0 or 1\n  a b\nGenerals \\ these are integer variables\n  c d\nEnd\n```\nNOTE: Keep in mind that all constraints must have only terms with variables on the left and only constant terms on the right (note that ""a <= b"" can be instead written as ""a - b <= 0"").\'', ""Your ILP problem was successfully solved. Here is the solution:\n\nObjective value: 15.0\nValue Assignments:\nx1: 0.0\nx2: 0.0\nx3: 1.0\nx4: 0.0\n\nTranslate this solution back to the original problem and provide it as originally specified.\nDo not add any more explanation once you've provided the solution."")","(""To express this problem as an Integer Linear Program (ILP) in the LP format, we need to define binary variables for each item, where the variable is 1 if the item is included in the bag and 0 otherwise. The objective is to maximize the total value of the items in the bag, subject to the constraint that the total weight does not exceed the bag's capacity of 16 kg.\n\nLet's define the binary variables:\n- \\( x_1 \\) for Item 1\n- \\( x_2 \\) for Item 2\n- \\( x_3 \\) for Item 3\n- \\( x_4 \\) for Item 4\n\nThe ILP can be formulated as follows:\n\n```\nMaximize\n  1 x1 + 4 x2 + 15 x3 + 9 x4\nSubject To\n  c1: 4 x1 + 12 x2 + 13 x3 + 12 x4 <= 16\nBinaries\n  x1 x2 x3 x4\nEnd\n```\n\nExplanation:\n- The objective function `1 x1 + 4 x2 + 15 x3 + 9 x4` represents the total value of the items selected.\n- The constraint `4 x1 + 12 x2 + 13 x3 + 12 x4 <= 16` ensures that the total weight of the selected items does not exceed the bag's capacity of 16 kg.\n- The `Binaries` section specifies that \\( x_1, x_2, x_3, \\) and \\( x_4 \\) are binary variables, meaning they can only take values of 0 or 1."", '3')"
in_house_4_8,textbook,standard,ilp_python,26,15,305.0850968910381,INCOMPATIBLE,None,Solution contains invalid items.,"('Q: I am trying to fill a bag with valuable items. Each item has a weight and a value.\n\nFind a set of items such that that the total value is as high as possible,\nbut the total weight of the items does not exceed the bag\'s capacity,\nwhich is 16 kg.\n\nHere are the items I have:\n\nItem 1 has a weight of 4 kg and a value of 1 €.\nItem 2 has a weight of 12 kg and a value of 4 €.\nItem 3 has a weight of 13 kg and a value of 15 €.\nItem 4 has a weight of 12 kg and a value of 9 €.\n\nGenerate a comma-separated list containing the numbers of the items I should put in the bag. An example of a correctly formatted output could be ""1,3"" (without the quotes).\n\nPlease express this as an Integer Linear Program (ILP) problem using Python with the gurobipy library.\nSpecifically, define a function named f that returns an optimized gurobipy.Model object which represents the problem.\nHere is an example of the format you should use for your answer:\n```\nfrom gurobipy import GRB, Model\n\ndef f():\n    # Create the model\n    model = Model(""Example"")\n\n    # Add variables\n    vars = model.addMVar((5), vtype=GRB.BINARY, name=""vars"")\n\n    # Add constraints\n    model.addConstrs(vars[i] + vars[i + 1] <= 1 for i in range(4))\n    model.addConstr(vars[0] + vars[4] <= 1)\n\n    # Set objective\n    model.setObjective(vars.sum(), GRB.MAXIMIZE)\n\n    # Optimize/solve the model\n    model.optimize()\n\n    # Return the optimized model\n    return model\n```\nMake sure you only use the gurobipy library for this problem. Do not import any other libraries.\n', ""An error occurred while executing your code. Here is the output:\n\nTypeError at line 16: unsupported operand type(s) for @: 'MVar' and 'list'\n\nInstead of fixing the code, please provide a final answer for the problem. Do not add any more explanation once you've provided the solution."")","('```python\nfrom gurobipy import GRB, Model\n\ndef f():\n    # Create the model\n    model = Model(""Knapsack Problem"")\n\n    # Define the weights and values of the items\n    weights = [4, 12, 13, 12]\n    values = [1, 4, 15, 9]\n    capacity = 16\n\n    # Add variables: one binary variable for each item\n    vars = model.addMVar(len(weights), vtype=GRB.BINARY, name=""vars"")\n\n    # Add the weight constraint\n    model.addConstr(vars @ weights <= capacity, name=""weight_constraint"")\n\n    # Set the objective to maximize the total value\n    model.setObjective(vars @ values, GRB.MAXIMIZE)\n\n    # Optimize/solve the model\n    model.optimize()\n\n    # Return the optimized model\n    return model\n```\n\nThis code sets up an integer linear programming model using the `gurobipy` library to solve the knapsack problem. The model includes binary decision variables for each item, a constraint to ensure the total weight does not exceed the bag\'s capacity, and an objective to maximize the total value of the selected items.', '```python\nfrom gurobipy import GRB, Model\n\ndef f():\n    # Create the model\n    model = Model(""Knapsack Problem"")\n\n    # Define the weights and values of the items\n    weights = [4, 12, 13, 12]\n    values = [1, 4, 15, 9]\n    capacity = 16\n\n    # Add variables: one binary variable for each item\n    vars = model.addVars(len(weights), vtype=GRB.BINARY, name=""vars"")\n\n    # Add the weight constraint\n    model.addConstr(sum(vars[i] * weights[i] for i in range(len(weights))) <= capacity, name=""weight_constraint"")\n\n    # Set the objective to maximize the total value\n    model.setObjective(sum(vars[i] * values[i] for i in range(len(values))), GRB.MAXIMIZE)\n\n    # Optimize/solve the model\n    model.optimize()\n\n    # Return the optimized model\n    return model\n```')"
in_house_4_9,textbook,standard,ilp_lp,26,21,214.85877600614913,OPTIMAL,21,"[0, 1, 2]","('Q: I am trying to fill a bag with valuable items. Each item has a weight and a value.\n\nFind a set of items such that that the total value is as high as possible,\nbut the total weight of the items does not exceed the bag\'s capacity,\nwhich is 41 kg.\n\nHere are the items I have:\n\nItem 1 has a weight of 8 kg and a value of 3 €.\nItem 2 has a weight of 14 kg and a value of 8 €.\nItem 3 has a weight of 10 kg and a value of 10 €.\nItem 4 has a weight of 16 kg and a value of 2 €.\n\nGenerate a comma-separated list containing the numbers of the items I should put in the bag. An example of a correctly formatted output could be ""1,3"" (without the quotes).\n\nPlease express this as an Integer Linear Program (ILP) problem in the LP format.\nHere is an example of the LP file format:\n```\n\\ This is a comment\n\nMaximize\n  3 a + 2 b + c - 2 d\nSubject To\n  c0: a + b = 1\n  c1: b + c >= 0\n  c2: a + c < 4\nBounds\n  1 <= c <= 5\n  2 <= d\nBinaries \\ these are binary variables that can only be 0 or 1\n  a b\nGenerals \\ these are integer variables\n  c d\nEnd\n```\nNOTE: Keep in mind that all constraints must have only terms with variables on the left and only constant terms on the right (note that ""a <= b"" can be instead written as ""a - b <= 0"").\'', ""Your ILP problem was successfully solved. Here is the solution:\n\nObjective value: 21.0\nValue Assignments:\nx1: 1.0\nx2: 1.0\nx3: 1.0\nx4: 0.0\n\nTranslate this solution back to the original problem and provide it as originally specified.\nDo not add any more explanation once you've provided the solution."")","('To express this problem as an Integer Linear Program (ILP) in the LP format, we need to define binary variables for each item, where the variable is 1 if the item is included in the bag and 0 otherwise. The objective is to maximize the total value of the items in the bag, subject to the constraint that the total weight does not exceed the bag\'s capacity of 41 kg.\n\nLet\'s define the binary variables:\n- \\( x_1 \\) for Item 1\n- \\( x_2 \\) for Item 2\n- \\( x_3 \\) for Item 3\n- \\( x_4 \\) for Item 4\n\nThe ILP can be expressed as follows:\n\n```\nMaximize\n  3 x1 + 8 x2 + 10 x3 + 2 x4\nSubject To\n  c1: 8 x1 + 14 x2 + 10 x3 + 16 x4 <= 41\nBinaries\n  x1 x2 x3 x4\nEnd\n```\n\nExplanation:\n- The ""Maximize"" section defines the objective function, which is to maximize the total value of the selected items.\n- The ""Subject To"" section includes the constraint that the total weight of the selected items must not exceed 41 kg.\n- The ""Binaries"" section specifies that the variables \\( x_1, x_2, x_3, \\) and \\( x_4 \\) are binary, meaning they can only take values of 0 or 1.\n- The ""End"" statement marks the end of the ILP formulation.', '1,2,3')"
in_house_4_9,textbook,standard,ilp_python,26,21,153.5738978460431,OPTIMAL,21,"[0, 1, 2]","('Q: I am trying to fill a bag with valuable items. Each item has a weight and a value.\n\nFind a set of items such that that the total value is as high as possible,\nbut the total weight of the items does not exceed the bag\'s capacity,\nwhich is 41 kg.\n\nHere are the items I have:\n\nItem 1 has a weight of 8 kg and a value of 3 €.\nItem 2 has a weight of 14 kg and a value of 8 €.\nItem 3 has a weight of 10 kg and a value of 10 €.\nItem 4 has a weight of 16 kg and a value of 2 €.\n\nGenerate a comma-separated list containing the numbers of the items I should put in the bag. An example of a correctly formatted output could be ""1,3"" (without the quotes).\n\nPlease express this as an Integer Linear Program (ILP) problem using Python with the gurobipy library.\nSpecifically, define a function named f that returns an optimized gurobipy.Model object which represents the problem.\nHere is an example of the format you should use for your answer:\n```\nfrom gurobipy import GRB, Model\n\ndef f():\n    # Create the model\n    model = Model(""Example"")\n\n    # Add variables\n    vars = model.addMVar((5), vtype=GRB.BINARY, name=""vars"")\n\n    # Add constraints\n    model.addConstrs(vars[i] + vars[i + 1] <= 1 for i in range(4))\n    model.addConstr(vars[0] + vars[4] <= 1)\n\n    # Set objective\n    model.setObjective(vars.sum(), GRB.MAXIMIZE)\n\n    # Optimize/solve the model\n    model.optimize()\n\n    # Return the optimized model\n    return model\n```\nMake sure you only use the gurobipy library for this problem. Do not import any other libraries.\n', ""Your code was executed successfully. Here are all the variables of the model and their optimal values:\n\nx[0] = 1.0\nx[1] = 1.0\nx[2] = 1.0\nx[3] = 0.0\n\nTranslate this solution back to the original problem and provide it as originally specified.\nDo not add any more explanation once you've provided the solution."")","('```python\nfrom gurobipy import GRB, Model\n\ndef f():\n    # Create the model\n    model = Model(""Knapsack Problem"")\n\n    # Define the weights and values of the items\n    weights = [8, 14, 10, 16]\n    values = [3, 8, 10, 2]\n    capacity = 41\n\n    # Add variables: x[i] is 1 if item i is included, 0 otherwise\n    x = model.addVars(len(weights), vtype=GRB.BINARY, name=""x"")\n\n    # Add the weight constraint\n    model.addConstr(sum(weights[i] * x[i] for i in range(len(weights))) <= capacity, ""WeightConstraint"")\n\n    # Set the objective to maximize the total value\n    model.setObjective(sum(values[i] * x[i] for i in range(len(values))), GRB.MAXIMIZE)\n\n    # Optimize/solve the model\n    model.optimize()\n\n    # Return the optimized model\n    return model\n```\n\nThis code sets up an integer linear programming model using the `gurobipy` library to solve the knapsack problem. The function `f` creates a model, adds binary variables for each item, sets up the weight constraint, and defines the objective to maximize the total value of the selected items. The model is then optimized, and the function returns the optimized model.', '1,2,3')"
in_house_5_0,textbook,standard,ilp_lp,32,38,214.4949125710409,OPTIMAL,38,"[1, 3, 4]","('Q: I am trying to fill a bag with valuable items. Each item has a weight and a value.\n\nFind a set of items such that that the total value is as high as possible,\nbut the total weight of the items does not exceed the bag\'s capacity,\nwhich is 27 kg.\n\nHere are the items I have:\n\nItem 1 has a weight of 20 kg and a value of 6 €.\nItem 2 has a weight of 4 kg and a value of 16 €.\nItem 3 has a weight of 14 kg and a value of 1 €.\nItem 4 has a weight of 2 kg and a value of 14 €.\nItem 5 has a weight of 21 kg and a value of 8 €.\n\nGenerate a comma-separated list containing the numbers of the items I should put in the bag. An example of a correctly formatted output could be ""1,3"" (without the quotes).\n\nPlease express this as an Integer Linear Program (ILP) problem in the LP format.\nHere is an example of the LP file format:\n```\n\\ This is a comment\n\nMaximize\n  3 a + 2 b + c - 2 d\nSubject To\n  c0: a + b = 1\n  c1: b + c >= 0\n  c2: a + c < 4\nBounds\n  1 <= c <= 5\n  2 <= d\nBinaries \\ these are binary variables that can only be 0 or 1\n  a b\nGenerals \\ these are integer variables\n  c d\nEnd\n```\nNOTE: Keep in mind that all constraints must have only terms with variables on the left and only constant terms on the right (note that ""a <= b"" can be instead written as ""a - b <= 0"").\'', ""Your ILP problem was successfully solved. Here is the solution:\n\nObjective value: 38.0\nValue Assignments:\nx1: 0.0\nx2: 1.0\nx3: 0.0\nx4: 1.0\nx5: 1.0\n\nTranslate this solution back to the original problem and provide it as originally specified.\nDo not add any more explanation once you've provided the solution."")","(""To express this problem as an Integer Linear Program (ILP) in the LP format, we need to define binary variables for each item, where the variable is 1 if the item is included in the bag and 0 otherwise. The objective is to maximize the total value of the items in the bag, subject to the constraint that the total weight does not exceed the bag's capacity of 27 kg.\n\nLet's define the binary variables:\n- \\( x_1 \\) for Item 1\n- \\( x_2 \\) for Item 2\n- \\( x_3 \\) for Item 3\n- \\( x_4 \\) for Item 4\n- \\( x_5 \\) for Item 5\n\nThe ILP can be formulated as follows:\n\n```\n\\ Maximize the total value of items in the bag\n\nMaximize\n  6 x1 + 16 x2 + 1 x3 + 14 x4 + 8 x5\n\nSubject To\n  \\ Total weight constraint\n  c0: 20 x1 + 4 x2 + 14 x3 + 2 x4 + 21 x5 <= 27\n\nBinaries\n  x1 x2 x3 x4 x5\n\nEnd\n```\n\nIn this formulation:\n- The objective function is \\( 6 x_1 + 16 x_2 + 1 x_3 + 14 x_4 + 8 x_5 \\), which represents the total value of the selected items.\n- The constraint \\( 20 x_1 + 4 x_2 + 14 x_3 + 2 x_4 + 21 x_5 \\leq 27 \\) ensures that the total weight of the selected items does not exceed the bag's capacity.\n- The variables \\( x_1, x_2, x_3, x_4, \\) and \\( x_5 \\) are binary, indicating whether each item is included in the bag."", '2,4,5')"
in_house_5_0,textbook,standard,ilp_python,32,38,305.37910937611014,SUBOPTIMAL,30,"[1, 3]","('Q: I am trying to fill a bag with valuable items. Each item has a weight and a value.\n\nFind a set of items such that that the total value is as high as possible,\nbut the total weight of the items does not exceed the bag\'s capacity,\nwhich is 27 kg.\n\nHere are the items I have:\n\nItem 1 has a weight of 20 kg and a value of 6 €.\nItem 2 has a weight of 4 kg and a value of 16 €.\nItem 3 has a weight of 14 kg and a value of 1 €.\nItem 4 has a weight of 2 kg and a value of 14 €.\nItem 5 has a weight of 21 kg and a value of 8 €.\n\nGenerate a comma-separated list containing the numbers of the items I should put in the bag. An example of a correctly formatted output could be ""1,3"" (without the quotes).\n\nPlease express this as an Integer Linear Program (ILP) problem using Python with the gurobipy library.\nSpecifically, define a function named f that returns an optimized gurobipy.Model object which represents the problem.\nHere is an example of the format you should use for your answer:\n```\nfrom gurobipy import GRB, Model\n\ndef f():\n    # Create the model\n    model = Model(""Example"")\n\n    # Add variables\n    vars = model.addMVar((5), vtype=GRB.BINARY, name=""vars"")\n\n    # Add constraints\n    model.addConstrs(vars[i] + vars[i + 1] <= 1 for i in range(4))\n    model.addConstr(vars[0] + vars[4] <= 1)\n\n    # Set objective\n    model.setObjective(vars.sum(), GRB.MAXIMIZE)\n\n    # Optimize/solve the model\n    model.optimize()\n\n    # Return the optimized model\n    return model\n```\nMake sure you only use the gurobipy library for this problem. Do not import any other libraries.\n', ""An error occurred while executing your code. Here is the output:\n\nTypeError at line 16: unsupported operand type(s) for @: 'MVar' and 'list'\n\nInstead of fixing the code, please provide a final answer for the problem. Do not add any more explanation once you've provided the solution."")","('```python\nfrom gurobipy import GRB, Model\n\ndef f():\n    # Create the model\n    model = Model(""Knapsack"")\n\n    # We have 5 items\n    weights = [20, 4, 14, 2, 21]\n    values = [6, 16, 1, 14, 8]\n    capacity = 27\n\n    # Add variables: binary variables indicating whether each item is included\n    vars = model.addMVar((5), vtype=GRB.BINARY, name=""vars"")\n\n    # Add constraint: total weight of selected items must not exceed the capacity\n    model.addConstr(vars @ weights <= capacity, name=""weight_constraint"")\n\n    # Set objective: maximize the total value of selected items\n    model.setObjective(vars @ values, GRB.MAXIMIZE)\n\n    # Optimize/solve the model\n    model.optimize()\n\n    # Return the optimized model\n    return model\n```\n\nThis code sets up an integer linear programming model using the `gurobipy` library to solve the knapsack problem. The model includes binary decision variables for each item, a constraint to ensure the total weight does not exceed the bag\'s capacity, and an objective to maximize the total value of the selected items.', '```\n2,4\n```')"
in_house_5_1,textbook,standard,ilp_lp,34,19,475.6235761558637,OPTIMAL,19,[0],"('Q: I am trying to fill a bag with valuable items. Each item has a weight and a value.\n\nFind a set of items such that that the total value is as high as possible,\nbut the total weight of the items does not exceed the bag\'s capacity,\nwhich is 9 kg.\n\nHere are the items I have:\n\nItem 1 has a weight of 7 kg and a value of 19 €.\nItem 2 has a weight of 23 kg and a value of 20 €.\nItem 3 has a weight of 24 kg and a value of 5 €.\nItem 4 has a weight of 24 kg and a value of 23 €.\nItem 5 has a weight of 22 kg and a value of 19 €.\n\nGenerate a comma-separated list containing the numbers of the items I should put in the bag. An example of a correctly formatted output could be ""1,3"" (without the quotes).\n\nPlease express this as an Integer Linear Program (ILP) problem in the LP format.\nHere is an example of the LP file format:\n```\n\\ This is a comment\n\nMaximize\n  3 a + 2 b + c - 2 d\nSubject To\n  c0: a + b = 1\n  c1: b + c >= 0\n  c2: a + c < 4\nBounds\n  1 <= c <= 5\n  2 <= d\nBinaries \\ these are binary variables that can only be 0 or 1\n  a b\nGenerals \\ these are integer variables\n  c d\nEnd\n```\nNOTE: Keep in mind that all constraints must have only terms with variables on the left and only constant terms on the right (note that ""a <= b"" can be instead written as ""a - b <= 0"").\'', ""Your ILP problem was successfully solved. Here is the solution:\n\nObjective value: 19.0\nValue Assignments:\nx1: 1.0\nx2: 0.0\nx3: 0.0\nx4: 0.0\nx5: 0.0\n\nTranslate this solution back to the original problem and provide it as originally specified.\nDo not add any more explanation once you've provided the solution."")","(""To express this problem as an Integer Linear Program (ILP) in the LP format, we need to define binary variables for each item, where the variable is 1 if the item is included in the bag and 0 otherwise. The objective is to maximize the total value of the items in the bag, subject to the constraint that the total weight does not exceed the bag's capacity of 9 kg.\n\nHere is the ILP formulation in the LP format:\n\n```\n\\ Maximize the total value of items in the bag\n\nMaximize\n  19 x1 + 20 x2 + 5 x3 + 23 x4 + 19 x5\n\nSubject To\n  \\ Total weight constraint\n  c0: 7 x1 + 23 x2 + 24 x3 + 24 x4 + 22 x5 <= 9\n\nBinaries\n  x1 x2 x3 x4 x5\n\nEnd\n```\n\nExplanation:\n- The objective function is `19 x1 + 20 x2 + 5 x3 + 23 x4 + 19 x5`, which represents the total value of the items selected.\n- The constraint `c0: 7 x1 + 23 x2 + 24 x3 + 24 x4 + 22 x5 <= 9` ensures that the total weight of the selected items does not exceed 9 kg.\n- The `Binaries` section specifies that `x1, x2, x3, x4, x5` are binary variables, meaning they can only take values of 0 or 1, indicating whether an item is included in the bag or not."", '1')"
in_house_5_1,textbook,standard,ilp_python,34,19,245.95089063001797,OPTIMAL,19,[0],"('Q: I am trying to fill a bag with valuable items. Each item has a weight and a value.\n\nFind a set of items such that that the total value is as high as possible,\nbut the total weight of the items does not exceed the bag\'s capacity,\nwhich is 9 kg.\n\nHere are the items I have:\n\nItem 1 has a weight of 7 kg and a value of 19 €.\nItem 2 has a weight of 23 kg and a value of 20 €.\nItem 3 has a weight of 24 kg and a value of 5 €.\nItem 4 has a weight of 24 kg and a value of 23 €.\nItem 5 has a weight of 22 kg and a value of 19 €.\n\nGenerate a comma-separated list containing the numbers of the items I should put in the bag. An example of a correctly formatted output could be ""1,3"" (without the quotes).\n\nPlease express this as an Integer Linear Program (ILP) problem using Python with the gurobipy library.\nSpecifically, define a function named f that returns an optimized gurobipy.Model object which represents the problem.\nHere is an example of the format you should use for your answer:\n```\nfrom gurobipy import GRB, Model\n\ndef f():\n    # Create the model\n    model = Model(""Example"")\n\n    # Add variables\n    vars = model.addMVar((5), vtype=GRB.BINARY, name=""vars"")\n\n    # Add constraints\n    model.addConstrs(vars[i] + vars[i + 1] <= 1 for i in range(4))\n    model.addConstr(vars[0] + vars[4] <= 1)\n\n    # Set objective\n    model.setObjective(vars.sum(), GRB.MAXIMIZE)\n\n    # Optimize/solve the model\n    model.optimize()\n\n    # Return the optimized model\n    return model\n```\nMake sure you only use the gurobipy library for this problem. Do not import any other libraries.\n', ""An error occurred while executing your code. Here is the output:\n\nTypeError at line 21: unsupported operand type(s) for @: 'MVar' and 'list'\n\nInstead of fixing the code, please provide a final answer for the problem. Do not add any more explanation once you've provided the solution."")","('```python\nfrom gurobipy import GRB, Model\n\ndef f():\n    # Create the model\n    model = Model(""Knapsack"")\n\n    # We have 5 items\n    num_items = 5\n\n    # Weights and values of the items\n    weights = [7, 23, 24, 24, 22]\n    values = [19, 20, 5, 23, 19]\n\n    # Capacity of the bag\n    capacity = 9\n\n    # Add variables: 1 if the item is included, 0 otherwise\n    vars = model.addMVar(num_items, vtype=GRB.BINARY, name=""vars"")\n\n    # Add the weight constraint\n    model.addConstr(vars @ weights <= capacity, name=""weight_constraint"")\n\n    # Set the objective to maximize the total value\n    model.setObjective(vars @ values, GRB.MAXIMIZE)\n\n    # Optimize/solve the model\n    model.optimize()\n\n    # Return the optimized model\n    return model\n```\n\nThis code sets up an Integer Linear Programming (ILP) problem using the `gurobipy` library to solve the knapsack problem. The function `f` creates a model, adds binary variables for each item, sets a constraint for the total weight, and sets the objective to maximize the total value of the selected items. The model is then optimized, and the function returns the optimized model.', '1')"
in_house_5_10,textbook,standard,ilp_lp,32,18,468.5270825009793,OPTIMAL,18,"[0, 1]","('Q: I am trying to fill a bag with valuable items. Each item has a weight and a value.\n\nFind a set of items such that that the total value is as high as possible,\nbut the total weight of the items does not exceed the bag\'s capacity,\nwhich is 8 kg.\n\nHere are the items I have:\n\nItem 1 has a weight of 3 kg and a value of 17 €.\nItem 2 has a weight of 4 kg and a value of 1 €.\nItem 3 has a weight of 6 kg and a value of 17 €.\nItem 4 has a weight of 23 kg and a value of 15 €.\nItem 5 has a weight of 18 kg and a value of 13 €.\n\nGenerate a comma-separated list containing the numbers of the items I should put in the bag. An example of a correctly formatted output could be ""1,3"" (without the quotes).\n\nPlease express this as an Integer Linear Program (ILP) problem in the LP format.\nHere is an example of the LP file format:\n```\n\\ This is a comment\n\nMaximize\n  3 a + 2 b + c - 2 d\nSubject To\n  c0: a + b = 1\n  c1: b + c >= 0\n  c2: a + c < 4\nBounds\n  1 <= c <= 5\n  2 <= d\nBinaries \\ these are binary variables that can only be 0 or 1\n  a b\nGenerals \\ these are integer variables\n  c d\nEnd\n```\nNOTE: Keep in mind that all constraints must have only terms with variables on the left and only constant terms on the right (note that ""a <= b"" can be instead written as ""a - b <= 0"").\'', ""Your ILP problem was successfully solved. Here is the solution:\n\nObjective value: 18.0\nValue Assignments:\nx1: 1.0\nx2: 1.0\nx3: 0.0\nx4: 0.0\nx5: 0.0\n\nTranslate this solution back to the original problem and provide it as originally specified.\nDo not add any more explanation once you've provided the solution."")","(""To express this problem as an Integer Linear Program (ILP) in the LP format, we need to define binary variables for each item, where the variable is 1 if the item is included in the bag and 0 otherwise. The objective is to maximize the total value of the items in the bag, subject to the constraint that the total weight does not exceed the bag's capacity of 8 kg.\n\nLet's define the binary variables:\n- \\( x_1 \\) for Item 1\n- \\( x_2 \\) for Item 2\n- \\( x_3 \\) for Item 3\n- \\( x_4 \\) for Item 4\n- \\( x_5 \\) for Item 5\n\nThe ILP can be expressed as follows:\n\n```\n\\ Maximize the total value of items in the bag\n\nMaximize\n  17 x1 + 1 x2 + 17 x3 + 15 x4 + 13 x5\n\nSubject To\n  \\ Total weight constraint\n  c0: 3 x1 + 4 x2 + 6 x3 + 23 x4 + 18 x5 <= 8\n\nBinaries\n  x1 x2 x3 x4 x5\n\nEnd\n```\n\nIn this formulation:\n- The objective function is to maximize the total value: \\( 17x_1 + 1x_2 + 17x_3 + 15x_4 + 13x_5 \\).\n- The constraint \\( c0 \\) ensures that the total weight of the selected items does not exceed 8 kg: \\( 3x_1 + 4x_2 + 6x_3 + 23x_4 + 18x_5 \\leq 8 \\).\n- The variables \\( x_1, x_2, x_3, x_4, x_5 \\) are binary, indicating whether each item is included in the bag."", '1,2')"
in_house_5_10,textbook,standard,ilp_python,32,18,365.51699639786966,SUBOPTIMAL,17,[0],"('Q: I am trying to fill a bag with valuable items. Each item has a weight and a value.\n\nFind a set of items such that that the total value is as high as possible,\nbut the total weight of the items does not exceed the bag\'s capacity,\nwhich is 8 kg.\n\nHere are the items I have:\n\nItem 1 has a weight of 3 kg and a value of 17 €.\nItem 2 has a weight of 4 kg and a value of 1 €.\nItem 3 has a weight of 6 kg and a value of 17 €.\nItem 4 has a weight of 23 kg and a value of 15 €.\nItem 5 has a weight of 18 kg and a value of 13 €.\n\nGenerate a comma-separated list containing the numbers of the items I should put in the bag. An example of a correctly formatted output could be ""1,3"" (without the quotes).\n\nPlease express this as an Integer Linear Program (ILP) problem using Python with the gurobipy library.\nSpecifically, define a function named f that returns an optimized gurobipy.Model object which represents the problem.\nHere is an example of the format you should use for your answer:\n```\nfrom gurobipy import GRB, Model\n\ndef f():\n    # Create the model\n    model = Model(""Example"")\n\n    # Add variables\n    vars = model.addMVar((5), vtype=GRB.BINARY, name=""vars"")\n\n    # Add constraints\n    model.addConstrs(vars[i] + vars[i + 1] <= 1 for i in range(4))\n    model.addConstr(vars[0] + vars[4] <= 1)\n\n    # Set objective\n    model.setObjective(vars.sum(), GRB.MAXIMIZE)\n\n    # Optimize/solve the model\n    model.optimize()\n\n    # Return the optimized model\n    return model\n```\nMake sure you only use the gurobipy library for this problem. Do not import any other libraries.\n', ""An error occurred while executing your code. Here is the output:\n\nTypeError at line 21: unsupported operand type(s) for @: 'MVar' and 'list'\n\nInstead of fixing the code, please provide a final answer for the problem. Do not add any more explanation once you've provided the solution."")","('```python\nfrom gurobipy import GRB, Model\n\ndef f():\n    # Create the model\n    model = Model(""Knapsack"")\n\n    # We have 5 items\n    n_items = 5\n\n    # Weights and values of the items\n    weights = [3, 4, 6, 23, 18]\n    values = [17, 1, 17, 15, 13]\n\n    # Capacity of the bag\n    capacity = 8\n\n    # Add variables: 1 if the item is included, 0 otherwise\n    vars = model.addMVar(n_items, vtype=GRB.BINARY, name=""vars"")\n\n    # Add the weight constraint\n    model.addConstr(vars @ weights <= capacity, name=""weight_constraint"")\n\n    # Set the objective to maximize the total value\n    model.setObjective(vars @ values, GRB.MAXIMIZE)\n\n    # Optimize/solve the model\n    model.optimize()\n\n    # Return the optimized model\n    return model\n```\n\nThis code sets up an integer linear programming model using the `gurobipy` library to solve the knapsack problem. The model includes binary decision variables for each item, a constraint to ensure the total weight does not exceed the bag\'s capacity, and an objective to maximize the total value of the selected items.', '1')"
in_house_5_11,textbook,standard,ilp_lp,32,2,244.5576789129991,OPTIMAL,2,[4],"('Q: I am trying to fill a bag with valuable items. Each item has a weight and a value.\n\nFind a set of items such that that the total value is as high as possible,\nbut the total weight of the items does not exceed the bag\'s capacity,\nwhich is 7 kg.\n\nHere are the items I have:\n\nItem 1 has a weight of 16 kg and a value of 11 €.\nItem 2 has a weight of 23 kg and a value of 8 €.\nItem 3 has a weight of 16 kg and a value of 1 €.\nItem 4 has a weight of 19 kg and a value of 12 €.\nItem 5 has a weight of 4 kg and a value of 2 €.\n\nGenerate a comma-separated list containing the numbers of the items I should put in the bag. An example of a correctly formatted output could be ""1,3"" (without the quotes).\n\nPlease express this as an Integer Linear Program (ILP) problem in the LP format.\nHere is an example of the LP file format:\n```\n\\ This is a comment\n\nMaximize\n  3 a + 2 b + c - 2 d\nSubject To\n  c0: a + b = 1\n  c1: b + c >= 0\n  c2: a + c < 4\nBounds\n  1 <= c <= 5\n  2 <= d\nBinaries \\ these are binary variables that can only be 0 or 1\n  a b\nGenerals \\ these are integer variables\n  c d\nEnd\n```\nNOTE: Keep in mind that all constraints must have only terms with variables on the left and only constant terms on the right (note that ""a <= b"" can be instead written as ""a - b <= 0"").\'', ""Your ILP problem was successfully solved. Here is the solution:\n\nObjective value: 2.0\nValue Assignments:\nx1: 0.0\nx2: 0.0\nx3: 0.0\nx4: 0.0\nx5: 1.0\n\nTranslate this solution back to the original problem and provide it as originally specified.\nDo not add any more explanation once you've provided the solution."")","('To express this problem as an Integer Linear Program (ILP) in the LP format, we need to define binary variables for each item, where the variable is 1 if the item is included in the bag and 0 otherwise. The objective is to maximize the total value of the items in the bag, subject to the constraint that the total weight does not exceed the bag\'s capacity of 7 kg.\n\nLet\'s define the binary variables:\n- \\( x_1 \\) for Item 1\n- \\( x_2 \\) for Item 2\n- \\( x_3 \\) for Item 3\n- \\( x_4 \\) for Item 4\n- \\( x_5 \\) for Item 5\n\nThe ILP can be formulated as follows:\n\n```\nMaximize\n  11 x1 + 8 x2 + 1 x3 + 12 x4 + 2 x5\nSubject To\n  c1: 16 x1 + 23 x2 + 16 x3 + 19 x4 + 4 x5 <= 7\nBinaries\n  x1 x2 x3 x4 x5\nEnd\n```\n\nExplanation:\n- The ""Maximize"" section defines the objective function, which is the total value of the selected items.\n- The ""Subject To"" section includes the constraint that the total weight of the selected items must not exceed 7 kg.\n- The ""Binaries"" section specifies that the variables \\( x_1, x_2, x_3, x_4, \\) and \\( x_5 \\) are binary, meaning they can only take values of 0 or 1.\n- The ""End"" statement marks the end of the ILP formulation.', '5')"
in_house_5_11,textbook,standard,ilp_python,32,2,123.75330336391926,OPTIMAL,2,[4],"('Q: I am trying to fill a bag with valuable items. Each item has a weight and a value.\n\nFind a set of items such that that the total value is as high as possible,\nbut the total weight of the items does not exceed the bag\'s capacity,\nwhich is 7 kg.\n\nHere are the items I have:\n\nItem 1 has a weight of 16 kg and a value of 11 €.\nItem 2 has a weight of 23 kg and a value of 8 €.\nItem 3 has a weight of 16 kg and a value of 1 €.\nItem 4 has a weight of 19 kg and a value of 12 €.\nItem 5 has a weight of 4 kg and a value of 2 €.\n\nGenerate a comma-separated list containing the numbers of the items I should put in the bag. An example of a correctly formatted output could be ""1,3"" (without the quotes).\n\nPlease express this as an Integer Linear Program (ILP) problem using Python with the gurobipy library.\nSpecifically, define a function named f that returns an optimized gurobipy.Model object which represents the problem.\nHere is an example of the format you should use for your answer:\n```\nfrom gurobipy import GRB, Model\n\ndef f():\n    # Create the model\n    model = Model(""Example"")\n\n    # Add variables\n    vars = model.addMVar((5), vtype=GRB.BINARY, name=""vars"")\n\n    # Add constraints\n    model.addConstrs(vars[i] + vars[i + 1] <= 1 for i in range(4))\n    model.addConstr(vars[0] + vars[4] <= 1)\n\n    # Set objective\n    model.setObjective(vars.sum(), GRB.MAXIMIZE)\n\n    # Optimize/solve the model\n    model.optimize()\n\n    # Return the optimized model\n    return model\n```\nMake sure you only use the gurobipy library for this problem. Do not import any other libraries.\n', ""An error occurred while executing your code. Here is the output:\n\nTypeError at line 16: unsupported operand type(s) for @: 'MVar' and 'list'\n\nInstead of fixing the code, please provide a final answer for the problem. Do not add any more explanation once you've provided the solution."")","('```python\nfrom gurobipy import GRB, Model\n\ndef f():\n    # Create the model\n    model = Model(""Knapsack Problem"")\n\n    # We have 5 items\n    weights = [16, 23, 16, 19, 4]\n    values = [11, 8, 1, 12, 2]\n    capacity = 7\n\n    # Add variables: 1 if the item is included in the knapsack, 0 otherwise\n    vars = model.addMVar((5), vtype=GRB.BINARY, name=""vars"")\n\n    # Add the weight constraint\n    model.addConstr(vars @ weights <= capacity, name=""weight_constraint"")\n\n    # Set the objective to maximize the total value\n    model.setObjective(vars @ values, GRB.MAXIMIZE)\n\n    # Optimize/solve the model\n    model.optimize()\n\n    # Return the optimized model\n    return model\n```\n\nThis code sets up an integer linear programming model using the `gurobipy` library to solve the knapsack problem. The model includes constraints to ensure the total weight of selected items does not exceed the bag\'s capacity and aims to maximize the total value of the selected items.', '5')"
in_house_5_2,textbook,standard,ilp_lp,35,56,153.47603699495085,OPTIMAL,56,"[0, 1, 3]","('Q: I am trying to fill a bag with valuable items. Each item has a weight and a value.\n\nFind a set of items such that that the total value is as high as possible,\nbut the total weight of the items does not exceed the bag\'s capacity,\nwhich is 43 kg.\n\nHere are the items I have:\n\nItem 1 has a weight of 12 kg and a value of 20 €.\nItem 2 has a weight of 9 kg and a value of 14 €.\nItem 3 has a weight of 17 kg and a value of 7 €.\nItem 4 has a weight of 18 kg and a value of 22 €.\nItem 5 has a weight of 17 kg and a value of 14 €.\n\nGenerate a comma-separated list containing the numbers of the items I should put in the bag. An example of a correctly formatted output could be ""1,3"" (without the quotes).\n\nPlease express this as an Integer Linear Program (ILP) problem in the LP format.\nHere is an example of the LP file format:\n```\n\\ This is a comment\n\nMaximize\n  3 a + 2 b + c - 2 d\nSubject To\n  c0: a + b = 1\n  c1: b + c >= 0\n  c2: a + c < 4\nBounds\n  1 <= c <= 5\n  2 <= d\nBinaries \\ these are binary variables that can only be 0 or 1\n  a b\nGenerals \\ these are integer variables\n  c d\nEnd\n```\nNOTE: Keep in mind that all constraints must have only terms with variables on the left and only constant terms on the right (note that ""a <= b"" can be instead written as ""a - b <= 0"").\'', ""Your ILP problem was successfully solved. Here is the solution:\n\nObjective value: 56.0\nValue Assignments:\nx1: 1.0\nx2: 1.0\nx3: 0.0\nx4: 1.0\nx5: 0.0\n\nTranslate this solution back to the original problem and provide it as originally specified.\nDo not add any more explanation once you've provided the solution."")","('To express this problem as an Integer Linear Program (ILP) in the LP format, we need to define binary variables for each item, where the variable is 1 if the item is included in the bag and 0 otherwise. The objective is to maximize the total value of the selected items while ensuring that the total weight does not exceed the bag\'s capacity of 43 kg.\n\nLet\'s define the binary variables:\n- \\( x_1 \\) for Item 1\n- \\( x_2 \\) for Item 2\n- \\( x_3 \\) for Item 3\n- \\( x_4 \\) for Item 4\n- \\( x_5 \\) for Item 5\n\nThe ILP formulation is as follows:\n\n```\nMaximize\n  20 x1 + 14 x2 + 7 x3 + 22 x4 + 14 x5\nSubject To\n  c1: 12 x1 + 9 x2 + 17 x3 + 18 x4 + 17 x5 <= 43\nBounds\nBinaries\n  x1 x2 x3 x4 x5\nEnd\n```\n\nExplanation:\n- The ""Maximize"" section defines the objective function, which is the total value of the selected items.\n- The ""Subject To"" section includes the constraint that the total weight of the selected items must not exceed 43 kg.\n- The ""Bounds"" section is left empty because all variables are binary, and their bounds are implicitly 0 or 1.\n- The ""Binaries"" section lists the binary variables, indicating that each variable can only take values of 0 or 1.\n- The ""End"" statement marks the end of the ILP formulation.', '1,2,4')"
in_house_5_2,textbook,standard,ilp_python,35,56,672.6210230351426,OPTIMAL,56,"[0, 1, 3]","('Q: I am trying to fill a bag with valuable items. Each item has a weight and a value.\n\nFind a set of items such that that the total value is as high as possible,\nbut the total weight of the items does not exceed the bag\'s capacity,\nwhich is 43 kg.\n\nHere are the items I have:\n\nItem 1 has a weight of 12 kg and a value of 20 €.\nItem 2 has a weight of 9 kg and a value of 14 €.\nItem 3 has a weight of 17 kg and a value of 7 €.\nItem 4 has a weight of 18 kg and a value of 22 €.\nItem 5 has a weight of 17 kg and a value of 14 €.\n\nGenerate a comma-separated list containing the numbers of the items I should put in the bag. An example of a correctly formatted output could be ""1,3"" (without the quotes).\n\nPlease express this as an Integer Linear Program (ILP) problem using Python with the gurobipy library.\nSpecifically, define a function named f that returns an optimized gurobipy.Model object which represents the problem.\nHere is an example of the format you should use for your answer:\n```\nfrom gurobipy import GRB, Model\n\ndef f():\n    # Create the model\n    model = Model(""Example"")\n\n    # Add variables\n    vars = model.addMVar((5), vtype=GRB.BINARY, name=""vars"")\n\n    # Add constraints\n    model.addConstrs(vars[i] + vars[i + 1] <= 1 for i in range(4))\n    model.addConstr(vars[0] + vars[4] <= 1)\n\n    # Set objective\n    model.setObjective(vars.sum(), GRB.MAXIMIZE)\n\n    # Optimize/solve the model\n    model.optimize()\n\n    # Return the optimized model\n    return model\n```\nMake sure you only use the gurobipy library for this problem. Do not import any other libraries.\n', ""An error occurred while executing your code. Here is the output:\n\nTypeError at line 21: unsupported operand type(s) for @: 'MVar' and 'list'\n\nInstead of fixing the code, please provide a final answer for the problem. Do not add any more explanation once you've provided the solution."")","('```python\nfrom gurobipy import GRB, Model\n\ndef f():\n    # Create the model\n    model = Model(""Knapsack"")\n\n    # We have 5 items\n    num_items = 5\n\n    # Weights and values of the items\n    weights = [12, 9, 17, 18, 17]\n    values = [20, 14, 7, 22, 14]\n\n    # Capacity of the bag\n    capacity = 43\n\n    # Add variables: 1 if the item is included, 0 otherwise\n    vars = model.addMVar(num_items, vtype=GRB.BINARY, name=""vars"")\n\n    # Add the weight constraint\n    model.addConstr(vars @ weights <= capacity, name=""weight_constraint"")\n\n    # Set the objective to maximize the total value\n    model.setObjective(vars @ values, GRB.MAXIMIZE)\n\n    # Optimize/solve the model\n    model.optimize()\n\n    # Return the optimized model\n    return model\n```\n\nThis code sets up an integer linear programming model using the `gurobipy` library to solve the knapsack problem. The model includes binary decision variables for each item, a constraint to ensure the total weight does not exceed the bag\'s capacity, and an objective to maximize the total value of the selected items.', '1,2,4')"
in_house_5_3,textbook,standard,ilp_lp,33,19,244.8800372441765,OPTIMAL,19,[0],"('Q: I am trying to fill a bag with valuable items. Each item has a weight and a value.\n\nFind a set of items such that that the total value is as high as possible,\nbut the total weight of the items does not exceed the bag\'s capacity,\nwhich is 1 kg.\n\nHere are the items I have:\n\nItem 1 has a weight of 1 kg and a value of 19 €.\nItem 2 has a weight of 19 kg and a value of 23 €.\nItem 3 has a weight of 17 kg and a value of 19 €.\nItem 4 has a weight of 12 kg and a value of 2 €.\nItem 5 has a weight of 4 kg and a value of 16 €.\n\nGenerate a comma-separated list containing the numbers of the items I should put in the bag. An example of a correctly formatted output could be ""1,3"" (without the quotes).\n\nPlease express this as an Integer Linear Program (ILP) problem in the LP format.\nHere is an example of the LP file format:\n```\n\\ This is a comment\n\nMaximize\n  3 a + 2 b + c - 2 d\nSubject To\n  c0: a + b = 1\n  c1: b + c >= 0\n  c2: a + c < 4\nBounds\n  1 <= c <= 5\n  2 <= d\nBinaries \\ these are binary variables that can only be 0 or 1\n  a b\nGenerals \\ these are integer variables\n  c d\nEnd\n```\nNOTE: Keep in mind that all constraints must have only terms with variables on the left and only constant terms on the right (note that ""a <= b"" can be instead written as ""a - b <= 0"").\'', ""Your ILP problem was successfully solved. Here is the solution:\n\nObjective value: 19.0\nValue Assignments:\nx1: 1.0\nx2: 0.0\nx3: 0.0\nx4: 0.0\nx5: 0.0\n\nTranslate this solution back to the original problem and provide it as originally specified.\nDo not add any more explanation once you've provided the solution."")","('To express this problem as an Integer Linear Program (ILP) in the LP format, we need to define binary variables for each item, where the variable is 1 if the item is included in the bag and 0 otherwise. The objective is to maximize the total value of the items in the bag, subject to the constraint that the total weight does not exceed 1 kg.\n\nHere is the ILP formulation in the LP format:\n\n```\n\\ This is a comment\n\nMaximize\n  19 x1 + 23 x2 + 19 x3 + 2 x4 + 16 x5\nSubject To\n  c0: 1 x1 + 19 x2 + 17 x3 + 12 x4 + 4 x5 <= 1\nBounds\n  0 <= x1 <= 1\n  0 <= x2 <= 1\n  0 <= x3 <= 1\n  0 <= x4 <= 1\n  0 <= x5 <= 1\nBinaries\n  x1 x2 x3 x4 x5\nEnd\n```\n\nExplanation:\n- The objective function is to maximize the total value: `19 x1 + 23 x2 + 19 x3 + 2 x4 + 16 x5`.\n- The constraint `c0` ensures that the total weight of the selected items does not exceed 1 kg: `1 x1 + 19 x2 + 17 x3 + 12 x4 + 4 x5 <= 1`.\n- The `Bounds` section specifies that each variable can only be 0 or 1.\n- The `Binaries` section declares that `x1, x2, x3, x4, x5` are binary variables.', '1')"
in_house_5_3,textbook,standard,ilp_python,33,19,3029.083305071108,OPTIMAL,19,[0],"('Q: I am trying to fill a bag with valuable items. Each item has a weight and a value.\n\nFind a set of items such that that the total value is as high as possible,\nbut the total weight of the items does not exceed the bag\'s capacity,\nwhich is 1 kg.\n\nHere are the items I have:\n\nItem 1 has a weight of 1 kg and a value of 19 €.\nItem 2 has a weight of 19 kg and a value of 23 €.\nItem 3 has a weight of 17 kg and a value of 19 €.\nItem 4 has a weight of 12 kg and a value of 2 €.\nItem 5 has a weight of 4 kg and a value of 16 €.\n\nGenerate a comma-separated list containing the numbers of the items I should put in the bag. An example of a correctly formatted output could be ""1,3"" (without the quotes).\n\nPlease express this as an Integer Linear Program (ILP) problem using Python with the gurobipy library.\nSpecifically, define a function named f that returns an optimized gurobipy.Model object which represents the problem.\nHere is an example of the format you should use for your answer:\n```\nfrom gurobipy import GRB, Model\n\ndef f():\n    # Create the model\n    model = Model(""Example"")\n\n    # Add variables\n    vars = model.addMVar((5), vtype=GRB.BINARY, name=""vars"")\n\n    # Add constraints\n    model.addConstrs(vars[i] + vars[i + 1] <= 1 for i in range(4))\n    model.addConstr(vars[0] + vars[4] <= 1)\n\n    # Set objective\n    model.setObjective(vars.sum(), GRB.MAXIMIZE)\n\n    # Optimize/solve the model\n    model.optimize()\n\n    # Return the optimized model\n    return model\n```\nMake sure you only use the gurobipy library for this problem. Do not import any other libraries.\n', ""An error occurred while executing your code. Here is the output:\n\nTypeError at line 16: unsupported operand type(s) for @: 'MVar' and 'list'\n\nInstead of fixing the code, please provide a final answer for the problem. Do not add any more explanation once you've provided the solution."")","('```python\nfrom gurobipy import GRB, Model\n\ndef f():\n    # Create the model\n    model = Model(""Knapsack"")\n\n    # We have 5 items\n    weights = [1, 19, 17, 12, 4]\n    values = [19, 23, 19, 2, 16]\n    capacity = 1\n\n    # Add variables: binary variables to indicate whether each item is included\n    vars = model.addMVar((5), vtype=GRB.BINARY, name=""vars"")\n\n    # Add constraint: total weight should not exceed the capacity\n    model.addConstr(vars @ weights <= capacity, name=""weight_constraint"")\n\n    # Set objective: maximize the total value\n    model.setObjective(vars @ values, GRB.MAXIMIZE)\n\n    # Optimize/solve the model\n    model.optimize()\n\n    # Return the optimized model\n    return model\n```\n\nThis code sets up an integer linear programming model using the `gurobipy` library to solve the knapsack problem. The model includes constraints to ensure the total weight of selected items does not exceed the bag\'s capacity and aims to maximize the total value of the selected items.', '1')"
in_house_5_4,textbook,standard,ilp_lp,34,65,124.77665987703949,OPTIMAL,65,"[0, 2, 3, 4]","('Q: I am trying to fill a bag with valuable items. Each item has a weight and a value.\n\nFind a set of items such that that the total value is as high as possible,\nbut the total weight of the items does not exceed the bag\'s capacity,\nwhich is 56 kg.\n\nHere are the items I have:\n\nItem 1 has a weight of 3 kg and a value of 21 €.\nItem 2 has a weight of 19 kg and a value of 8 €.\nItem 3 has a weight of 12 kg and a value of 10 €.\nItem 4 has a weight of 22 kg and a value of 18 €.\nItem 5 has a weight of 9 kg and a value of 16 €.\n\nGenerate a comma-separated list containing the numbers of the items I should put in the bag. An example of a correctly formatted output could be ""1,3"" (without the quotes).\n\nPlease express this as an Integer Linear Program (ILP) problem in the LP format.\nHere is an example of the LP file format:\n```\n\\ This is a comment\n\nMaximize\n  3 a + 2 b + c - 2 d\nSubject To\n  c0: a + b = 1\n  c1: b + c >= 0\n  c2: a + c < 4\nBounds\n  1 <= c <= 5\n  2 <= d\nBinaries \\ these are binary variables that can only be 0 or 1\n  a b\nGenerals \\ these are integer variables\n  c d\nEnd\n```\nNOTE: Keep in mind that all constraints must have only terms with variables on the left and only constant terms on the right (note that ""a <= b"" can be instead written as ""a - b <= 0"").\'', ""Your ILP problem was successfully solved. Here is the solution:\n\nObjective value: 65.0\nValue Assignments:\nx1: 1.0\nx2: 0.0\nx3: 1.0\nx4: 1.0\nx5: 1.0\n\nTranslate this solution back to the original problem and provide it as originally specified.\nDo not add any more explanation once you've provided the solution."")","(""To express this problem as an Integer Linear Program (ILP) in the LP format, we need to define binary variables for each item, where the variable is 1 if the item is included in the bag and 0 otherwise. The objective is to maximize the total value of the items in the bag, subject to the constraint that the total weight does not exceed the bag's capacity of 56 kg.\n\nHere is the ILP formulation in the LP format:\n\n```\nMaximize\n  21 x1 + 8 x2 + 10 x3 + 18 x4 + 16 x5\nSubject To\n  c0: 3 x1 + 19 x2 + 12 x3 + 22 x4 + 9 x5 <= 56\nBinaries\n  x1 x2 x3 x4 x5\nEnd\n```\n\nExplanation:\n- The objective function `21 x1 + 8 x2 + 10 x3 + 18 x4 + 16 x5` represents the total value of the items selected, which we want to maximize.\n- The constraint `c0: 3 x1 + 19 x2 + 12 x3 + 22 x4 + 9 x5 <= 56` ensures that the total weight of the selected items does not exceed the bag's capacity of 56 kg.\n- The `Binaries` section specifies that each variable `x1, x2, x3, x4, x5` is a binary variable, meaning it can only take values of 0 or 1, indicating whether an item is included in the bag or not."", '1,3,4,5')"
in_house_5_4,textbook,standard,ilp_python,34,65,124.06519881193526,SUBOPTIMAL,47,"[0, 2, 4]","('Q: I am trying to fill a bag with valuable items. Each item has a weight and a value.\n\nFind a set of items such that that the total value is as high as possible,\nbut the total weight of the items does not exceed the bag\'s capacity,\nwhich is 56 kg.\n\nHere are the items I have:\n\nItem 1 has a weight of 3 kg and a value of 21 €.\nItem 2 has a weight of 19 kg and a value of 8 €.\nItem 3 has a weight of 12 kg and a value of 10 €.\nItem 4 has a weight of 22 kg and a value of 18 €.\nItem 5 has a weight of 9 kg and a value of 16 €.\n\nGenerate a comma-separated list containing the numbers of the items I should put in the bag. An example of a correctly formatted output could be ""1,3"" (without the quotes).\n\nPlease express this as an Integer Linear Program (ILP) problem using Python with the gurobipy library.\nSpecifically, define a function named f that returns an optimized gurobipy.Model object which represents the problem.\nHere is an example of the format you should use for your answer:\n```\nfrom gurobipy import GRB, Model\n\ndef f():\n    # Create the model\n    model = Model(""Example"")\n\n    # Add variables\n    vars = model.addMVar((5), vtype=GRB.BINARY, name=""vars"")\n\n    # Add constraints\n    model.addConstrs(vars[i] + vars[i + 1] <= 1 for i in range(4))\n    model.addConstr(vars[0] + vars[4] <= 1)\n\n    # Set objective\n    model.setObjective(vars.sum(), GRB.MAXIMIZE)\n\n    # Optimize/solve the model\n    model.optimize()\n\n    # Return the optimized model\n    return model\n```\nMake sure you only use the gurobipy library for this problem. Do not import any other libraries.\n', ""An error occurred while executing your code. Here is the output:\n\nTypeError at line 21: unsupported operand type(s) for @: 'MVar' and 'list'\n\nInstead of fixing the code, please provide a final answer for the problem. Do not add any more explanation once you've provided the solution."")","('```python\nfrom gurobipy import GRB, Model\n\ndef f():\n    # Create the model\n    model = Model(""Knapsack"")\n\n    # We have 5 items\n    num_items = 5\n\n    # Weights and values of the items\n    weights = [3, 19, 12, 22, 9]\n    values = [21, 8, 10, 18, 16]\n\n    # Capacity of the bag\n    capacity = 56\n\n    # Add variables: 1 if the item is included in the knapsack, 0 otherwise\n    vars = model.addMVar(num_items, vtype=GRB.BINARY, name=""vars"")\n\n    # Add the weight constraint\n    model.addConstr(vars @ weights <= capacity, name=""weight_constraint"")\n\n    # Set the objective to maximize the total value\n    model.setObjective(vars @ values, GRB.MAXIMIZE)\n\n    # Optimize/solve the model\n    model.optimize()\n\n    # Return the optimized model\n    return model\n```\n\nThis code sets up an integer linear programming model using the `gurobipy` library to solve the knapsack problem. The model includes variables representing whether each item is included in the knapsack, a constraint ensuring the total weight does not exceed the bag\'s capacity, and an objective to maximize the total value of the selected items.', '1,3,5')"
in_house_5_5,textbook,standard,ilp_lp,32,28,154.18292113300413,OPTIMAL,28,"[2, 3]","('Q: I am trying to fill a bag with valuable items. Each item has a weight and a value.\n\nFind a set of items such that that the total value is as high as possible,\nbut the total weight of the items does not exceed the bag\'s capacity,\nwhich is 22 kg.\n\nHere are the items I have:\n\nItem 1 has a weight of 6 kg and a value of 3 €.\nItem 2 has a weight of 21 kg and a value of 9 €.\nItem 3 has a weight of 4 kg and a value of 5 €.\nItem 4 has a weight of 13 kg and a value of 23 €.\nItem 5 has a weight of 10 kg and a value of 20 €.\n\nGenerate a comma-separated list containing the numbers of the items I should put in the bag. An example of a correctly formatted output could be ""1,3"" (without the quotes).\n\nPlease express this as an Integer Linear Program (ILP) problem in the LP format.\nHere is an example of the LP file format:\n```\n\\ This is a comment\n\nMaximize\n  3 a + 2 b + c - 2 d\nSubject To\n  c0: a + b = 1\n  c1: b + c >= 0\n  c2: a + c < 4\nBounds\n  1 <= c <= 5\n  2 <= d\nBinaries \\ these are binary variables that can only be 0 or 1\n  a b\nGenerals \\ these are integer variables\n  c d\nEnd\n```\nNOTE: Keep in mind that all constraints must have only terms with variables on the left and only constant terms on the right (note that ""a <= b"" can be instead written as ""a - b <= 0"").\'', ""Your ILP problem was successfully solved. Here is the solution:\n\nObjective value: 28.0\nValue Assignments:\nx1: 0.0\nx2: 0.0\nx3: 1.0\nx4: 1.0\nx5: 0.0\n\nTranslate this solution back to the original problem and provide it as originally specified.\nDo not add any more explanation once you've provided the solution."")","(""To express this problem as an Integer Linear Program (ILP) in the LP format, we need to define binary variables for each item, where the variable is 1 if the item is included in the bag and 0 otherwise. The objective is to maximize the total value of the selected items while ensuring that the total weight does not exceed the bag's capacity of 22 kg.\n\nHere is the ILP formulation in the LP file format:\n\n```\n\\ Maximize the total value of items in the bag\n\nMaximize\n  3 x1 + 9 x2 + 5 x3 + 23 x4 + 20 x5\n\nSubject To\n  \\ Total weight constraint\n  c0: 6 x1 + 21 x2 + 4 x3 + 13 x4 + 10 x5 <= 22\n\nBounds\n  \\ Binary variables can only be 0 or 1\n  0 <= x1 <= 1\n  0 <= x2 <= 1\n  0 <= x3 <= 1\n  0 <= x4 <= 1\n  0 <= x5 <= 1\n\nBinaries\n  x1 x2 x3 x4 x5\n\nEnd\n```\n\nIn this formulation:\n- `x1`, `x2`, `x3`, `x4`, and `x5` are binary variables representing whether each item is included in the bag.\n- The objective function `3 x1 + 9 x2 + 5 x3 + 23 x4 + 20 x5` represents the total value of the selected items.\n- The constraint `c0: 6 x1 + 21 x2 + 4 x3 + 13 x4 + 10 x5 <= 22` ensures that the total weight of the selected items does not exceed 22 kg.\n- The `Bounds` section specifies that each variable can only be 0 or 1, which is also reinforced by declaring them as `Binaries`."", '3,4')"
in_house_5_5,textbook,standard,ilp_python,32,28,2935.8143738000654,OPTIMAL,28,"[0, 2, 4]","('Q: I am trying to fill a bag with valuable items. Each item has a weight and a value.\n\nFind a set of items such that that the total value is as high as possible,\nbut the total weight of the items does not exceed the bag\'s capacity,\nwhich is 22 kg.\n\nHere are the items I have:\n\nItem 1 has a weight of 6 kg and a value of 3 €.\nItem 2 has a weight of 21 kg and a value of 9 €.\nItem 3 has a weight of 4 kg and a value of 5 €.\nItem 4 has a weight of 13 kg and a value of 23 €.\nItem 5 has a weight of 10 kg and a value of 20 €.\n\nGenerate a comma-separated list containing the numbers of the items I should put in the bag. An example of a correctly formatted output could be ""1,3"" (without the quotes).\n\nPlease express this as an Integer Linear Program (ILP) problem using Python with the gurobipy library.\nSpecifically, define a function named f that returns an optimized gurobipy.Model object which represents the problem.\nHere is an example of the format you should use for your answer:\n```\nfrom gurobipy import GRB, Model\n\ndef f():\n    # Create the model\n    model = Model(""Example"")\n\n    # Add variables\n    vars = model.addMVar((5), vtype=GRB.BINARY, name=""vars"")\n\n    # Add constraints\n    model.addConstrs(vars[i] + vars[i + 1] <= 1 for i in range(4))\n    model.addConstr(vars[0] + vars[4] <= 1)\n\n    # Set objective\n    model.setObjective(vars.sum(), GRB.MAXIMIZE)\n\n    # Optimize/solve the model\n    model.optimize()\n\n    # Return the optimized model\n    return model\n```\nMake sure you only use the gurobipy library for this problem. Do not import any other libraries.\n', ""An error occurred while executing your code. Here is the output:\n\nTypeError at line 16: unsupported operand type(s) for @: 'MVar' and 'list'\n\nInstead of fixing the code, please provide a final answer for the problem. Do not add any more explanation once you've provided the solution."")","('To solve this problem using the `gurobipy` library, we need to set up an Integer Linear Program (ILP) that maximizes the total value of the items selected while ensuring the total weight does not exceed the bag\'s capacity of 22 kg. Here\'s how you can define the function `f` to achieve this:\n\n```python\nfrom gurobipy import GRB, Model\n\ndef f():\n    # Create the model\n    model = Model(""Knapsack Problem"")\n\n    # Define the weights and values of the items\n    weights = [6, 21, 4, 13, 10]\n    values = [3, 9, 5, 23, 20]\n    capacity = 22\n\n    # Add variables: binary variables indicating whether each item is included\n    vars = model.addMVar(len(weights), vtype=GRB.BINARY, name=""vars"")\n\n    # Add the weight constraint\n    model.addConstr(vars @ weights <= capacity, name=""weight_constraint"")\n\n    # Set the objective to maximize the total value\n    model.setObjective(vars @ values, GRB.MAXIMIZE)\n\n    # Optimize/solve the model\n    model.optimize()\n\n    # Return the optimized model\n    return model\n```\n\n### Explanation:\n\n1. **Model Creation**: We create a new model named ""Knapsack Problem"".\n\n2. **Variables**: We define a binary variable for each item, indicating whether the item is included in the bag (1) or not (0).\n\n3. **Constraints**: We add a constraint to ensure that the total weight of the selected items does not exceed the bag\'s capacity of 22 kg. This is done using the matrix-vector multiplication `vars @ weights`.\n\n4. **Objective**: We set the objective to maximize the total value of the selected items, again using matrix-vector multiplication `vars @ values`.\n\n5. **Optimization**: We call `model.optimize()` to solve the ILP.\n\n6. **Return**: The function returns the optimized model, which contains the solution to the problem.\n\nThis setup will allow you to determine the optimal set of items to include in the bag to maximize the total value without exceeding the weight limit.', '1,3,5')"
in_house_5_6,textbook,standard,ilp_lp,32,38,306.0491804170888,OPTIMAL,38,"[0, 2]","('Q: I am trying to fill a bag with valuable items. Each item has a weight and a value.\n\nFind a set of items such that that the total value is as high as possible,\nbut the total weight of the items does not exceed the bag\'s capacity,\nwhich is 7 kg.\n\nHere are the items I have:\n\nItem 1 has a weight of 2 kg and a value of 21 €.\nItem 2 has a weight of 23 kg and a value of 8 €.\nItem 3 has a weight of 3 kg and a value of 17 €.\nItem 4 has a weight of 5 kg and a value of 14 €.\nItem 5 has a weight of 16 kg and a value of 20 €.\n\nGenerate a comma-separated list containing the numbers of the items I should put in the bag. An example of a correctly formatted output could be ""1,3"" (without the quotes).\n\nPlease express this as an Integer Linear Program (ILP) problem in the LP format.\nHere is an example of the LP file format:\n```\n\\ This is a comment\n\nMaximize\n  3 a + 2 b + c - 2 d\nSubject To\n  c0: a + b = 1\n  c1: b + c >= 0\n  c2: a + c < 4\nBounds\n  1 <= c <= 5\n  2 <= d\nBinaries \\ these are binary variables that can only be 0 or 1\n  a b\nGenerals \\ these are integer variables\n  c d\nEnd\n```\nNOTE: Keep in mind that all constraints must have only terms with variables on the left and only constant terms on the right (note that ""a <= b"" can be instead written as ""a - b <= 0"").\'', ""Your ILP problem was successfully solved. Here is the solution:\n\nObjective value: 38.0\nValue Assignments:\nx1: 1.0\nx2: 0.0\nx3: 1.0\nx4: 0.0\nx5: 0.0\n\nTranslate this solution back to the original problem and provide it as originally specified.\nDo not add any more explanation once you've provided the solution."")","(""To express this problem as an Integer Linear Program (ILP) in the LP format, we need to define binary variables for each item, where the variable is 1 if the item is included in the bag and 0 otherwise. The objective is to maximize the total value of the items in the bag, subject to the constraint that the total weight does not exceed the bag's capacity of 7 kg.\n\nHere is the ILP formulation in the LP format:\n\n```\n\\ Maximize the total value of items in the bag\n\nMaximize\n  21 x1 + 8 x2 + 17 x3 + 14 x4 + 20 x5\n\nSubject To\n  \\ Total weight constraint\n  c0: 2 x1 + 23 x2 + 3 x3 + 5 x4 + 16 x5 <= 7\n\nBounds\n  \\ Binary variables can only be 0 or 1\n  0 <= x1 <= 1\n  0 <= x2 <= 1\n  0 <= x3 <= 1\n  0 <= x4 <= 1\n  0 <= x5 <= 1\n\nBinaries\n  x1 x2 x3 x4 x5\n\nEnd\n```\n\nIn this formulation:\n- `x1`, `x2`, `x3`, `x4`, and `x5` are binary variables representing whether each item is included in the bag.\n- The objective function `21 x1 + 8 x2 + 17 x3 + 14 x4 + 20 x5` represents the total value of the items in the bag.\n- The constraint `c0: 2 x1 + 23 x2 + 3 x3 + 5 x4 + 16 x5 <= 7` ensures that the total weight of the selected items does not exceed the bag's capacity of 7 kg.\n- The `Bounds` section specifies that each variable can only take values between 0 and 1, which is further enforced by declaring them as `Binaries`."", '1,3')"
in_house_5_6,textbook,standard,ilp_python,32,38,720.3309936078731,OPTIMAL,38,"[0, 2]","('Q: I am trying to fill a bag with valuable items. Each item has a weight and a value.\n\nFind a set of items such that that the total value is as high as possible,\nbut the total weight of the items does not exceed the bag\'s capacity,\nwhich is 7 kg.\n\nHere are the items I have:\n\nItem 1 has a weight of 2 kg and a value of 21 €.\nItem 2 has a weight of 23 kg and a value of 8 €.\nItem 3 has a weight of 3 kg and a value of 17 €.\nItem 4 has a weight of 5 kg and a value of 14 €.\nItem 5 has a weight of 16 kg and a value of 20 €.\n\nGenerate a comma-separated list containing the numbers of the items I should put in the bag. An example of a correctly formatted output could be ""1,3"" (without the quotes).\n\nPlease express this as an Integer Linear Program (ILP) problem using Python with the gurobipy library.\nSpecifically, define a function named f that returns an optimized gurobipy.Model object which represents the problem.\nHere is an example of the format you should use for your answer:\n```\nfrom gurobipy import GRB, Model\n\ndef f():\n    # Create the model\n    model = Model(""Example"")\n\n    # Add variables\n    vars = model.addMVar((5), vtype=GRB.BINARY, name=""vars"")\n\n    # Add constraints\n    model.addConstrs(vars[i] + vars[i + 1] <= 1 for i in range(4))\n    model.addConstr(vars[0] + vars[4] <= 1)\n\n    # Set objective\n    model.setObjective(vars.sum(), GRB.MAXIMIZE)\n\n    # Optimize/solve the model\n    model.optimize()\n\n    # Return the optimized model\n    return model\n```\nMake sure you only use the gurobipy library for this problem. Do not import any other libraries.\n', ""An error occurred while executing your code. Here is the output:\n\nTypeError at line 16: unsupported operand type(s) for @: 'MVar' and 'list'\n\nInstead of fixing the code, please provide a final answer for the problem. Do not add any more explanation once you've provided the solution."")","('```python\nfrom gurobipy import GRB, Model\n\ndef f():\n    # Create the model\n    model = Model(""Knapsack Problem"")\n\n    # Define the weights and values of the items\n    weights = [2, 23, 3, 5, 16]\n    values = [21, 8, 17, 14, 20]\n    capacity = 7\n\n    # Add variables: 1 if the item is included, 0 otherwise\n    vars = model.addMVar((5), vtype=GRB.BINARY, name=""vars"")\n\n    # Add the weight constraint\n    model.addConstr(vars @ weights <= capacity, name=""weight_constraint"")\n\n    # Set the objective to maximize the total value\n    model.setObjective(vars @ values, GRB.MAXIMIZE)\n\n    # Optimize/solve the model\n    model.optimize()\n\n    # Return the optimized model\n    return model\n```\n\nThis code sets up an integer linear programming model using the `gurobipy` library to solve the knapsack problem. The model includes constraints to ensure the total weight of selected items does not exceed the bag\'s capacity and aims to maximize the total value of the selected items.', '1,3')"
in_house_5_7,textbook,standard,ilp_lp,35,44,1458.4785317941569,OPTIMAL,44,"[1, 3]","('Q: I am trying to fill a bag with valuable items. Each item has a weight and a value.\n\nFind a set of items such that that the total value is as high as possible,\nbut the total weight of the items does not exceed the bag\'s capacity,\nwhich is 18 kg.\n\nHere are the items I have:\n\nItem 1 has a weight of 22 kg and a value of 15 €.\nItem 2 has a weight of 12 kg and a value of 25 €.\nItem 3 has a weight of 17 kg and a value of 1 €.\nItem 4 has a weight of 3 kg and a value of 19 €.\nItem 5 has a weight of 18 kg and a value of 15 €.\n\nGenerate a comma-separated list containing the numbers of the items I should put in the bag. An example of a correctly formatted output could be ""1,3"" (without the quotes).\n\nPlease express this as an Integer Linear Program (ILP) problem in the LP format.\nHere is an example of the LP file format:\n```\n\\ This is a comment\n\nMaximize\n  3 a + 2 b + c - 2 d\nSubject To\n  c0: a + b = 1\n  c1: b + c >= 0\n  c2: a + c < 4\nBounds\n  1 <= c <= 5\n  2 <= d\nBinaries \\ these are binary variables that can only be 0 or 1\n  a b\nGenerals \\ these are integer variables\n  c d\nEnd\n```\nNOTE: Keep in mind that all constraints must have only terms with variables on the left and only constant terms on the right (note that ""a <= b"" can be instead written as ""a - b <= 0"").\'', ""Your ILP problem was successfully solved. Here is the solution:\n\nObjective value: 44.0\nValue Assignments:\nx1: 0.0\nx2: 1.0\nx3: 0.0\nx4: 1.0\nx5: 0.0\n\nTranslate this solution back to the original problem and provide it as originally specified.\nDo not add any more explanation once you've provided the solution."")","('To express this problem as an Integer Linear Program (ILP) in the LP format, we need to define binary variables for each item, where the variable is 1 if the item is included in the bag and 0 otherwise. The objective is to maximize the total value of the items in the bag, subject to the constraint that the total weight does not exceed the bag\'s capacity of 18 kg.\n\nLet\'s define the binary variables:\n- \\( x_1 \\) for Item 1\n- \\( x_2 \\) for Item 2\n- \\( x_3 \\) for Item 3\n- \\( x_4 \\) for Item 4\n- \\( x_5 \\) for Item 5\n\nThe ILP formulation is as follows:\n\n```\nMaximize\n  15 x1 + 25 x2 + 1 x3 + 19 x4 + 15 x5\nSubject To\n  c1: 22 x1 + 12 x2 + 17 x3 + 3 x4 + 18 x5 <= 18\nBinaries\n  x1 x2 x3 x4 x5\nEnd\n```\n\nExplanation:\n- The ""Maximize"" section defines the objective function, which is the total value of the selected items.\n- The ""Subject To"" section includes the constraint that the total weight of the selected items must not exceed 18 kg.\n- The ""Binaries"" section specifies that the variables \\( x_1, x_2, x_3, x_4, \\) and \\( x_5 \\) are binary, meaning they can only take values of 0 or 1.\n- The ""End"" statement marks the end of the ILP formulation.', '2,4')"
in_house_5_7,textbook,standard,ilp_python,35,44,648.7066231810022,OPTIMAL,44,"[1, 3]","('Q: I am trying to fill a bag with valuable items. Each item has a weight and a value.\n\nFind a set of items such that that the total value is as high as possible,\nbut the total weight of the items does not exceed the bag\'s capacity,\nwhich is 18 kg.\n\nHere are the items I have:\n\nItem 1 has a weight of 22 kg and a value of 15 €.\nItem 2 has a weight of 12 kg and a value of 25 €.\nItem 3 has a weight of 17 kg and a value of 1 €.\nItem 4 has a weight of 3 kg and a value of 19 €.\nItem 5 has a weight of 18 kg and a value of 15 €.\n\nGenerate a comma-separated list containing the numbers of the items I should put in the bag. An example of a correctly formatted output could be ""1,3"" (without the quotes).\n\nPlease express this as an Integer Linear Program (ILP) problem using Python with the gurobipy library.\nSpecifically, define a function named f that returns an optimized gurobipy.Model object which represents the problem.\nHere is an example of the format you should use for your answer:\n```\nfrom gurobipy import GRB, Model\n\ndef f():\n    # Create the model\n    model = Model(""Example"")\n\n    # Add variables\n    vars = model.addMVar((5), vtype=GRB.BINARY, name=""vars"")\n\n    # Add constraints\n    model.addConstrs(vars[i] + vars[i + 1] <= 1 for i in range(4))\n    model.addConstr(vars[0] + vars[4] <= 1)\n\n    # Set objective\n    model.setObjective(vars.sum(), GRB.MAXIMIZE)\n\n    # Optimize/solve the model\n    model.optimize()\n\n    # Return the optimized model\n    return model\n```\nMake sure you only use the gurobipy library for this problem. Do not import any other libraries.\n', ""An error occurred while executing your code. Here is the output:\n\nTypeError at line 16: unsupported operand type(s) for @: 'MVar' and 'list'\n\nInstead of fixing the code, please provide a final answer for the problem. Do not add any more explanation once you've provided the solution."")","('```python\nfrom gurobipy import GRB, Model\n\ndef f():\n    # Create the model\n    model = Model(""Knapsack Problem"")\n\n    # Weights and values of the items\n    weights = [22, 12, 17, 3, 18]\n    values = [15, 25, 1, 19, 15]\n    capacity = 18\n\n    # Add variables: 1 if the item is included in the knapsack, 0 otherwise\n    vars = model.addMVar((5), vtype=GRB.BINARY, name=""vars"")\n\n    # Add constraint: total weight of selected items must not exceed the capacity\n    model.addConstr(vars @ weights <= capacity, name=""weight_constraint"")\n\n    # Set objective: maximize the total value of selected items\n    model.setObjective(vars @ values, GRB.MAXIMIZE)\n\n    # Optimize/solve the model\n    model.optimize()\n\n    # Return the optimized model\n    return model\n```\n\nThis code sets up an integer linear programming model using the `gurobipy` library to solve the knapsack problem. The model includes variables representing whether each item is included in the knapsack, a constraint ensuring the total weight does not exceed the bag\'s capacity, and an objective to maximize the total value of the selected items.', '```\n2,4\n```')"
in_house_5_8,textbook,standard,ilp_lp,33,44,153.96612294693477,OPTIMAL,44,"[1, 2, 3, 4]","('Q: I am trying to fill a bag with valuable items. Each item has a weight and a value.\n\nFind a set of items such that that the total value is as high as possible,\nbut the total weight of the items does not exceed the bag\'s capacity,\nwhich is 65 kg.\n\nHere are the items I have:\n\nItem 1 has a weight of 23 kg and a value of 4 €.\nItem 2 has a weight of 20 kg and a value of 19 €.\nItem 3 has a weight of 9 kg and a value of 1 €.\nItem 4 has a weight of 3 kg and a value of 10 €.\nItem 5 has a weight of 20 kg and a value of 14 €.\n\nGenerate a comma-separated list containing the numbers of the items I should put in the bag. An example of a correctly formatted output could be ""1,3"" (without the quotes).\n\nPlease express this as an Integer Linear Program (ILP) problem in the LP format.\nHere is an example of the LP file format:\n```\n\\ This is a comment\n\nMaximize\n  3 a + 2 b + c - 2 d\nSubject To\n  c0: a + b = 1\n  c1: b + c >= 0\n  c2: a + c < 4\nBounds\n  1 <= c <= 5\n  2 <= d\nBinaries \\ these are binary variables that can only be 0 or 1\n  a b\nGenerals \\ these are integer variables\n  c d\nEnd\n```\nNOTE: Keep in mind that all constraints must have only terms with variables on the left and only constant terms on the right (note that ""a <= b"" can be instead written as ""a - b <= 0"").\'', ""Your ILP problem was successfully solved. Here is the solution:\n\nObjective value: 44.0\nValue Assignments:\nx1: 0.0\nx2: 1.0\nx3: 1.0\nx4: 1.0\nx5: 1.0\n\nTranslate this solution back to the original problem and provide it as originally specified.\nDo not add any more explanation once you've provided the solution."")","('To express this problem as an Integer Linear Program (ILP) in the LP format, we need to define binary variables for each item, where the variable is 1 if the item is included in the bag and 0 otherwise. The objective is to maximize the total value of the items in the bag, subject to the constraint that the total weight does not exceed 65 kg.\n\nLet\'s define the binary variables:\n- \\( x_1 \\) for Item 1\n- \\( x_2 \\) for Item 2\n- \\( x_3 \\) for Item 3\n- \\( x_4 \\) for Item 4\n- \\( x_5 \\) for Item 5\n\nThe ILP can be expressed as follows:\n\n```\nMaximize\n  4 x1 + 19 x2 + 1 x3 + 10 x4 + 14 x5\nSubject To\n  c1: 23 x1 + 20 x2 + 9 x3 + 3 x4 + 20 x5 <= 65\nBinaries\n  x1 x2 x3 x4 x5\nEnd\n```\n\nExplanation:\n- The ""Maximize"" section defines the objective function, which is the total value of the selected items.\n- The ""Subject To"" section includes the constraint that the total weight of the selected items must not exceed 65 kg.\n- The ""Binaries"" section specifies that the variables \\( x_1, x_2, x_3, x_4, \\) and \\( x_5 \\) are binary, meaning they can only take values of 0 or 1.\n- The ""End"" statement marks the end of the ILP formulation.', '2,3,4,5')"
in_house_5_8,textbook,standard,ilp_python,33,44,154.2399274588097,SUBOPTIMAL,43,"[1, 3, 4]","('Q: I am trying to fill a bag with valuable items. Each item has a weight and a value.\n\nFind a set of items such that that the total value is as high as possible,\nbut the total weight of the items does not exceed the bag\'s capacity,\nwhich is 65 kg.\n\nHere are the items I have:\n\nItem 1 has a weight of 23 kg and a value of 4 €.\nItem 2 has a weight of 20 kg and a value of 19 €.\nItem 3 has a weight of 9 kg and a value of 1 €.\nItem 4 has a weight of 3 kg and a value of 10 €.\nItem 5 has a weight of 20 kg and a value of 14 €.\n\nGenerate a comma-separated list containing the numbers of the items I should put in the bag. An example of a correctly formatted output could be ""1,3"" (without the quotes).\n\nPlease express this as an Integer Linear Program (ILP) problem using Python with the gurobipy library.\nSpecifically, define a function named f that returns an optimized gurobipy.Model object which represents the problem.\nHere is an example of the format you should use for your answer:\n```\nfrom gurobipy import GRB, Model\n\ndef f():\n    # Create the model\n    model = Model(""Example"")\n\n    # Add variables\n    vars = model.addMVar((5), vtype=GRB.BINARY, name=""vars"")\n\n    # Add constraints\n    model.addConstrs(vars[i] + vars[i + 1] <= 1 for i in range(4))\n    model.addConstr(vars[0] + vars[4] <= 1)\n\n    # Set objective\n    model.setObjective(vars.sum(), GRB.MAXIMIZE)\n\n    # Optimize/solve the model\n    model.optimize()\n\n    # Return the optimized model\n    return model\n```\nMake sure you only use the gurobipy library for this problem. Do not import any other libraries.\n', ""An error occurred while executing your code. Here is the output:\n\nTypeError at line 16: unsupported operand type(s) for @: 'MVar' and 'list'\n\nInstead of fixing the code, please provide a final answer for the problem. Do not add any more explanation once you've provided the solution."")","('```python\nfrom gurobipy import GRB, Model\n\ndef f():\n    # Create the model\n    model = Model(""Knapsack Problem"")\n\n    # Weights and values of the items\n    weights = [23, 20, 9, 3, 20]\n    values = [4, 19, 1, 10, 14]\n    capacity = 65\n\n    # Add variables: binary variables for each item\n    vars = model.addMVar(len(weights), vtype=GRB.BINARY, name=""vars"")\n\n    # Add constraint: total weight should not exceed the capacity\n    model.addConstr(vars @ weights <= capacity, name=""weight_constraint"")\n\n    # Set objective: maximize the total value\n    model.setObjective(vars @ values, GRB.MAXIMIZE)\n\n    # Optimize/solve the model\n    model.optimize()\n\n    # Return the optimized model\n    return model\n```\n\nThis code sets up an integer linear programming model using the `gurobipy` library to solve the knapsack problem. The model includes binary decision variables for each item, a constraint to ensure the total weight does not exceed the bag\'s capacity, and an objective to maximize the total value of the selected items.', '```\n2,4,5\n```')"
in_house_5_9,textbook,standard,ilp_lp,34,59,244.73128099902533,OPTIMAL,59,"[0, 1, 2, 4]","('Q: I am trying to fill a bag with valuable items. Each item has a weight and a value.\n\nFind a set of items such that that the total value is as high as possible,\nbut the total weight of the items does not exceed the bag\'s capacity,\nwhich is 54 kg.\n\nHere are the items I have:\n\nItem 1 has a weight of 18 kg and a value of 9 €.\nItem 2 has a weight of 23 kg and a value of 22 €.\nItem 3 has a weight of 8 kg and a value of 12 €.\nItem 4 has a weight of 23 kg and a value of 16 €.\nItem 5 has a weight of 4 kg and a value of 16 €.\n\nGenerate a comma-separated list containing the numbers of the items I should put in the bag. An example of a correctly formatted output could be ""1,3"" (without the quotes).\n\nPlease express this as an Integer Linear Program (ILP) problem in the LP format.\nHere is an example of the LP file format:\n```\n\\ This is a comment\n\nMaximize\n  3 a + 2 b + c - 2 d\nSubject To\n  c0: a + b = 1\n  c1: b + c >= 0\n  c2: a + c < 4\nBounds\n  1 <= c <= 5\n  2 <= d\nBinaries \\ these are binary variables that can only be 0 or 1\n  a b\nGenerals \\ these are integer variables\n  c d\nEnd\n```\nNOTE: Keep in mind that all constraints must have only terms with variables on the left and only constant terms on the right (note that ""a <= b"" can be instead written as ""a - b <= 0"").\'', ""Your ILP problem was successfully solved. Here is the solution:\n\nObjective value: 59.0\nValue Assignments:\nx1: 1.0\nx2: 1.0\nx3: 1.0\nx4: 0.0\nx5: 1.0\n\nTranslate this solution back to the original problem and provide it as originally specified.\nDo not add any more explanation once you've provided the solution."")","(""To express this problem as an Integer Linear Program (ILP) in the LP format, we need to define binary variables for each item, where the variable is 1 if the item is included in the bag and 0 otherwise. The objective is to maximize the total value of the items in the bag, subject to the constraint that the total weight does not exceed the bag's capacity of 54 kg.\n\nHere's how you can set up the ILP:\n\n```lp\n\\ Maximize the total value of items in the bag\n\nMaximize\n  9 x1 + 22 x2 + 12 x3 + 16 x4 + 16 x5\n\nSubject To\n  \\ Total weight constraint\n  c0: 18 x1 + 23 x2 + 8 x3 + 23 x4 + 4 x5 <= 54\n\nBinaries\n  x1 x2 x3 x4 x5\n\nEnd\n```\n\nExplanation:\n- The objective function `9 x1 + 22 x2 + 12 x3 + 16 x4 + 16 x5` represents the total value of the items selected.\n- The constraint `c0: 18 x1 + 23 x2 + 8 x3 + 23 x4 + 4 x5 <= 54` ensures that the total weight of the selected items does not exceed 54 kg.\n- The `Binaries` section specifies that `x1, x2, x3, x4, x5` are binary variables, meaning they can only take values of 0 or 1, indicating whether an item is included in the bag or not."", '1,2,3,5')"
in_house_5_9,textbook,standard,ilp_python,34,59,546.9497986771166,SUBOPTIMAL,47,"[0, 1, 4]","('Q: I am trying to fill a bag with valuable items. Each item has a weight and a value.\n\nFind a set of items such that that the total value is as high as possible,\nbut the total weight of the items does not exceed the bag\'s capacity,\nwhich is 54 kg.\n\nHere are the items I have:\n\nItem 1 has a weight of 18 kg and a value of 9 €.\nItem 2 has a weight of 23 kg and a value of 22 €.\nItem 3 has a weight of 8 kg and a value of 12 €.\nItem 4 has a weight of 23 kg and a value of 16 €.\nItem 5 has a weight of 4 kg and a value of 16 €.\n\nGenerate a comma-separated list containing the numbers of the items I should put in the bag. An example of a correctly formatted output could be ""1,3"" (without the quotes).\n\nPlease express this as an Integer Linear Program (ILP) problem using Python with the gurobipy library.\nSpecifically, define a function named f that returns an optimized gurobipy.Model object which represents the problem.\nHere is an example of the format you should use for your answer:\n```\nfrom gurobipy import GRB, Model\n\ndef f():\n    # Create the model\n    model = Model(""Example"")\n\n    # Add variables\n    vars = model.addMVar((5), vtype=GRB.BINARY, name=""vars"")\n\n    # Add constraints\n    model.addConstrs(vars[i] + vars[i + 1] <= 1 for i in range(4))\n    model.addConstr(vars[0] + vars[4] <= 1)\n\n    # Set objective\n    model.setObjective(vars.sum(), GRB.MAXIMIZE)\n\n    # Optimize/solve the model\n    model.optimize()\n\n    # Return the optimized model\n    return model\n```\nMake sure you only use the gurobipy library for this problem. Do not import any other libraries.\n', ""An error occurred while executing your code. Here is the output:\n\nTypeError at line 21: unsupported operand type(s) for @: 'MVar' and 'list'\n\nInstead of fixing the code, please provide a final answer for the problem. Do not add any more explanation once you've provided the solution."")","('```python\nfrom gurobipy import GRB, Model\n\ndef f():\n    # Create the model\n    model = Model(""Knapsack"")\n\n    # We have 5 items\n    num_items = 5\n\n    # Weights and values of the items\n    weights = [18, 23, 8, 23, 4]\n    values = [9, 22, 12, 16, 16]\n\n    # Capacity of the bag\n    capacity = 54\n\n    # Add variables: binary variables indicating whether each item is included\n    vars = model.addMVar(num_items, vtype=GRB.BINARY, name=""vars"")\n\n    # Add constraint: total weight should not exceed the capacity\n    model.addConstr(vars @ weights <= capacity, name=""weight_constraint"")\n\n    # Set objective: maximize the total value\n    model.setObjective(vars @ values, GRB.MAXIMIZE)\n\n    # Optimize/solve the model\n    model.optimize()\n\n    # Return the optimized model\n    return model\n```\n\nThis code sets up an integer linear programming model using the `gurobipy` library to solve the knapsack problem. The model includes binary decision variables for each item, a constraint to ensure the total weight does not exceed the bag\'s capacity, and an objective to maximize the total value of the selected items.', '1,2,5')"
