Problem Name,Costume,Variant,Prompting Strategy,Size,Optimal Value,Time (s),Result Type,Summary Value,Solution/Error,Prompt,Response
in_house_4_0,textbook,standard,ilp_lp,11,2,125.89024446695112,SUBOPTIMAL,4,"[2, 4, 1, 3]","('Q: I have a network of 4 nodes, numbered 1 to 4, with various nodes being connected to other nodes. I want to color the nodes such that no two connected nodes have the same color.\n\nThe connections are as follows:\nNode 2 is connected to node 3.\nNode 3 is connected to node 4.\n\nHow can I color the nodes using the fewest colors possible? Generate a comma-separated list of colors for each node, where the colors are represented by integers ranging from 1 to the number of colors used. The colors should be in the order of the vertices, so the first color will correspond to node 1, the second color will correspond to node 2, and so on.\n\nPlease express this as an Integer Linear Program (ILP) problem in the LP format.\nHere is an example of the LP file format:\n```\n\\ This is a comment\n\nMaximize\n  3 a + 2 b + c - 2 d\nSubject To\n  c0: a + b = 1\n  c1: b + c >= 0\n  c2: a + c < 4\nBounds\n  1 <= c <= 5\n  2 <= d\nBinaries \\ these are binary variables that can only be 0 or 1\n  a b\nGenerals \\ these are integer variables\n  c d\nEnd\n```\nNOTE: Keep in mind that all constraints must have only terms with variables on the left and only constant terms on the right (note that ""a <= b"" can be instead written as ""a - b <= 0"").\'', ""Your ILP problem was successfully solved. Here is the solution:\n\nObjective value: 1.0\nValue Assignments:\nc: 1.0\nx_1_1: -0.0\nx_1_2: 1.0\nx_1_3: -0.0\nx_1_4: -0.0\nx_2_1: 0.0\nx_2_2: 0.0\nx_2_3: -0.0\nx_2_4: 1.0\nx_3_1: 1.0\nx_3_2: -0.0\nx_3_3: -0.0\nx_3_4: -0.0\nx_4_1: -0.0\nx_4_2: -0.0\nx_4_3: 1.0\nx_4_4: 0.0\n\nTranslate this solution back to the original problem and provide it as originally specified.\nDo not add any more explanation once you've provided the solution."")","(""To solve this problem using an Integer Linear Program (ILP), we need to assign colors to the nodes such that no two connected nodes have the same color. We will use binary variables to represent whether a node is assigned a particular color. The goal is to minimize the number of colors used.\n\nLet's define the problem:\n\n- Let \\( x_{i,j} \\) be a binary variable that is 1 if node \\( i \\) is colored with color \\( j \\), and 0 otherwise.\n- We need to ensure that each node is assigned exactly one color.\n- We need to ensure that connected nodes do not share the same color.\n- We want to minimize the number of colors used.\n\nGiven the connections:\n- Node 2 is connected to node 3.\n- Node 3 is connected to node 4.\n\nWe can express this as an ILP:\n\n```\nMinimize\n  c\nSubject To\n  c0: x_1_1 + x_1_2 + x_1_3 + x_1_4 = 1\n  c1: x_2_1 + x_2_2 + x_2_3 + x_2_4 = 1\n  c2: x_3_1 + x_3_2 + x_3_3 + x_3_4 = 1\n  c3: x_4_1 + x_4_2 + x_4_3 + x_4_4 = 1\n\n  c4: x_2_1 + x_3_1 <= 1\n  c5: x_2_2 + x_3_2 <= 1\n  c6: x_2_3 + x_3_3 <= 1\n  c7: x_2_4 + x_3_4 <= 1\n\n  c8: x_3_1 + x_4_1 <= 1\n  c9: x_3_2 + x_4_2 <= 1\n  c10: x_3_3 + x_4_3 <= 1\n  c11: x_3_4 + x_4_4 <= 1\n\n  c12: x_1_1 + x_2_1 + x_3_1 + x_4_1 <= c\n  c13: x_1_2 + x_2_2 + x_3_2 + x_4_2 <= c\n  c14: x_1_3 + x_2_3 + x_3_3 + x_4_3 <= c\n  c15: x_1_4 + x_2_4 + x_3_4 + x_4_4 <= c\n\nBounds\n  0 <= c <= 4\nBinaries\n  x_1_1 x_1_2 x_1_3 x_1_4\n  x_2_1 x_2_2 x_2_3 x_2_4\n  x_3_1 x_3_2 x_3_3 x_3_4\n  x_4_1 x_4_2 x_4_3 x_4_4\nGenerals\n  c\nEnd\n```\n\nExplanation:\n- The objective is to minimize \\( c \\), the number of colors used.\n- Constraints \\( c0 \\) to \\( c3 \\) ensure that each node is assigned exactly one color.\n- Constraints \\( c4 \\) to \\( c11 \\) ensure that connected nodes do not share the same color.\n- Constraints \\( c12 \\) to \\( c15 \\) ensure that the number of colors used is minimized by relating the color assignments to the variable \\( c \\).\n\nThis ILP formulation will help you find the optimal coloring of the nodes using the fewest colors possible."", '2, 4, 1, 3')"
in_house_4_0,textbook,standard,ilp_python,11,2,1095.2708034878597,OPTIMAL,2,"[2, 2, 1, 2]","('Q: I have a network of 4 nodes, numbered 1 to 4, with various nodes being connected to other nodes. I want to color the nodes such that no two connected nodes have the same color.\n\nThe connections are as follows:\nNode 2 is connected to node 3.\nNode 3 is connected to node 4.\n\nHow can I color the nodes using the fewest colors possible? Generate a comma-separated list of colors for each node, where the colors are represented by integers ranging from 1 to the number of colors used. The colors should be in the order of the vertices, so the first color will correspond to node 1, the second color will correspond to node 2, and so on.\n\nPlease express this as an Integer Linear Program (ILP) problem using Python with the gurobipy library.\nSpecifically, define a function named f that returns an optimized gurobipy.Model object which represents the problem.\nHere is an example of the format you should use for your answer:\n```\nfrom gurobipy import GRB, Model\n\ndef f():\n    # Create the model\n    model = Model(""Example"")\n\n    # Add variables\n    vars = model.addMVar((5), vtype=GRB.BINARY, name=""vars"")\n\n    # Add constraints\n    model.addConstrs(vars[i] + vars[i + 1] <= 1 for i in range(4))\n    model.addConstr(vars[0] + vars[4] <= 1)\n\n    # Set objective\n    model.setObjective(vars.sum(), GRB.MAXIMIZE)\n\n    # Optimize/solve the model\n    model.optimize()\n\n    # Return the optimized model\n    return model\n```\nMake sure you only use the gurobipy library for this problem. Do not import any other libraries.\n', ""Your code was executed successfully. Here are all the variables of the model and their optimal values:\n\nx[0,0] = 0.0\nx[0,1] = 0.0\nx[0,2] = 1.0\nx[0,3] = 0.0\nx[1,0] = 0.0\nx[1,1] = 0.0\nx[1,2] = 1.0\nx[1,3] = 0.0\nx[2,0] = 0.0\nx[2,1] = 1.0\nx[2,2] = 0.0\nx[2,3] = 0.0\nx[3,0] = 0.0\nx[3,1] = 0.0\nx[3,2] = 1.0\nx[3,3] = 0.0\ny[0] = 0.0\ny[1] = 1.0\ny[2] = 1.0\ny[3] = 0.0\n\nTranslate this solution back to the original problem and provide it as originally specified.\nDo not add any more explanation once you've provided the solution."")","('To solve the problem of coloring the nodes such that no two connected nodes have the same color, we can formulate it as an Integer Linear Programming (ILP) problem using the `gurobipy` library. The goal is to minimize the number of colors used while ensuring that adjacent nodes have different colors.\n\nHere\'s how you can define the ILP model using `gurobipy`:\n\n```python\nfrom gurobipy import GRB, Model\n\ndef f():\n    # Create the model\n    model = Model(""GraphColoring"")\n\n    # Number of nodes\n    num_nodes = 4\n\n    # Maximum number of colors (at most one color per node)\n    max_colors = num_nodes\n\n    # Add variables: x[i, c] = 1 if node i is colored with color c\n    x = model.addVars(num_nodes, max_colors, vtype=GRB.BINARY, name=""x"")\n\n    # Add constraints: each node must have exactly one color\n    model.addConstrs((x.sum(i, \'*\') == 1 for i in range(num_nodes)), name=""NodeColor"")\n\n    # Add constraints: adjacent nodes cannot have the same color\n    # Node 2 is connected to node 3\n    model.addConstrs((x[1, c] + x[2, c] <= 1 for c in range(max_colors)), name=""Edge_2_3"")\n    # Node 3 is connected to node 4\n    model.addConstrs((x[2, c] + x[3, c] <= 1 for c in range(max_colors)), name=""Edge_3_4"")\n\n    # Objective: minimize the number of colors used\n    # We introduce a binary variable y[c] which is 1 if color c is used\n    y = model.addVars(max_colors, vtype=GRB.BINARY, name=""y"")\n    model.addConstrs((x.sum(\'*\', c) <= num_nodes * y[c] for c in range(max_colors)), name=""ColorUsed"")\n\n    # Set objective to minimize the number of colors used\n    model.setObjective(y.sum(), GRB.MINIMIZE)\n\n    # Optimize/solve the model\n    model.optimize()\n\n    # Return the optimized model\n    return model\n```\n\n### Explanation:\n- **Variables**: `x[i, c]` is a binary variable that is 1 if node `i` is colored with color `c`.\n- **Constraints**:\n  - Each node must be assigned exactly one color.\n  - Adjacent nodes (nodes connected by an edge) cannot share the same color.\n- **Objective**: Minimize the number of colors used. This is achieved by introducing auxiliary binary variables `y[c]` that indicate whether color `c` is used, and minimizing the sum of these variables.\n\nThis ILP model will find the optimal coloring of the nodes using the fewest number of colors while satisfying the constraints.', '2, 2, 1, 2')"
in_house_4_1,textbook,standard,ilp_lp,6,2,155.38684174511582,OPTIMAL,2,"[1, 1, 2, 1]","('Q: I have a network of 4 nodes, numbered 1 to 4, with various nodes being connected to other nodes. I want to color the nodes such that no two connected nodes have the same color.\n\nThe connections are as follows:\nNode 2 is connected to node 3.\n\nHow can I color the nodes using the fewest colors possible? Generate a comma-separated list of colors for each node, where the colors are represented by integers ranging from 1 to the number of colors used. The colors should be in the order of the vertices, so the first color will correspond to node 1, the second color will correspond to node 2, and so on.\n\nPlease express this as an Integer Linear Program (ILP) problem in the LP format.\nHere is an example of the LP file format:\n```\n\\ This is a comment\n\nMaximize\n  3 a + 2 b + c - 2 d\nSubject To\n  c0: a + b = 1\n  c1: b + c >= 0\n  c2: a + c < 4\nBounds\n  1 <= c <= 5\n  2 <= d\nBinaries \\ these are binary variables that can only be 0 or 1\n  a b\nGenerals \\ these are integer variables\n  c d\nEnd\n```\nNOTE: Keep in mind that all constraints must have only terms with variables on the left and only constant terms on the right (note that ""a <= b"" can be instead written as ""a - b <= 0"").\'', ""An error occurred while Gurobi was solving the ILP problem:\n\nUnable to read file\n\nInstead of fixing the ILP specification, please provide a final answer for the problem. Do not add any more explanation once you've provided the solution."")","(""To solve the graph coloring problem using Integer Linear Programming (ILP), we need to assign colors to the nodes such that no two connected nodes share the same color. In this case, we have 4 nodes and only one connection between nodes 2 and 3. We aim to use the fewest colors possible.\n\nLet's define the ILP formulation:\n\n1. **Variables**: We will use binary variables to indicate whether a node is assigned a particular color. Let \\( x_{i,j} \\) be a binary variable that is 1 if node \\( i \\) is assigned color \\( j \\), and 0 otherwise. We will use up to 2 colors, as this is the minimum required for the given connection.\n\n2. **Objective**: Minimize the number of colors used. We can achieve this by minimizing the maximum color index used.\n\n3. **Constraints**:\n   - Each node must be assigned exactly one color.\n   - Connected nodes must have different colors.\n\nHere is the ILP formulation in LP format:\n\n```\n\\ Graph coloring ILP for 4 nodes with a connection between nodes 2 and 3\n\nMinimize\n  c1 + c2\n\nSubject To\n  \\ Each node must be assigned exactly one color\n  n1: x_1_1 + x_1_2 = 1\n  n2: x_2_1 + x_2_2 = 1\n  n3: x_3_1 + x_3_2 = 1\n  n4: x_4_1 + x_4_2 = 1\n\n  \\ Connected nodes must have different colors\n  e1: x_2_1 + x_3_1 <= 1\n  e2: x_2_2 + x_3_2 <= 1\n\n  \\ Ensure c1 and c2 are at least as large as any color used\n  c1_def: x_1_1 + x_2_1 + x_3_1 + x_4_1 <= 4 c1\n  c2_def: x_1_2 + x_2_2 + x_3_2 + x_4_2 <= 4 c2\n\nBounds\n  0 <= c1 <= 1\n  0 <= c2 <= 1\n\nBinaries\n  x_1_1 x_1_2\n  x_2_1 x_2_2\n  x_3_1 x_3_2\n  x_4_1 x_4_2\n\nGenerals\n  c1 c2\n\nEnd\n```\n\n**Explanation**:\n- We use binary variables \\( x_{i,j} \\) to indicate if node \\( i \\) is colored with color \\( j \\).\n- The constraints ensure each node gets exactly one color and that connected nodes (nodes 2 and 3) have different colors.\n- The objective function minimizes the sum of \\( c1 \\) and \\( c2 \\), which represent the maximum color index used. Since we only need two colors, \\( c1 \\) and \\( c2 \\) are binary variables indicating whether color 1 or 2 is used."", '1, 1, 2, 1')"
in_house_4_1,textbook,standard,ilp_python,6,2,246.48089870996773,OPTIMAL,2,"[2, 2, 1, 2]","('Q: I have a network of 4 nodes, numbered 1 to 4, with various nodes being connected to other nodes. I want to color the nodes such that no two connected nodes have the same color.\n\nThe connections are as follows:\nNode 2 is connected to node 3.\n\nHow can I color the nodes using the fewest colors possible? Generate a comma-separated list of colors for each node, where the colors are represented by integers ranging from 1 to the number of colors used. The colors should be in the order of the vertices, so the first color will correspond to node 1, the second color will correspond to node 2, and so on.\n\nPlease express this as an Integer Linear Program (ILP) problem using Python with the gurobipy library.\nSpecifically, define a function named f that returns an optimized gurobipy.Model object which represents the problem.\nHere is an example of the format you should use for your answer:\n```\nfrom gurobipy import GRB, Model\n\ndef f():\n    # Create the model\n    model = Model(""Example"")\n\n    # Add variables\n    vars = model.addMVar((5), vtype=GRB.BINARY, name=""vars"")\n\n    # Add constraints\n    model.addConstrs(vars[i] + vars[i + 1] <= 1 for i in range(4))\n    model.addConstr(vars[0] + vars[4] <= 1)\n\n    # Set objective\n    model.setObjective(vars.sum(), GRB.MAXIMIZE)\n\n    # Optimize/solve the model\n    model.optimize()\n\n    # Return the optimized model\n    return model\n```\nMake sure you only use the gurobipy library for this problem. Do not import any other libraries.\n', ""Your code was executed successfully. Here are all the variables of the model and their optimal values:\n\nx[0,0] = 0.0\nx[0,1] = 0.0\nx[0,2] = 1.0\nx[0,3] = 0.0\nx[1,0] = 0.0\nx[1,1] = 0.0\nx[1,2] = 1.0\nx[1,3] = 0.0\nx[2,0] = 0.0\nx[2,1] = 1.0\nx[2,2] = 0.0\nx[2,3] = 0.0\nx[3,0] = 0.0\nx[3,1] = 0.0\nx[3,2] = 1.0\nx[3,3] = 0.0\ny[0] = 0.0\ny[1] = 1.0\ny[2] = 1.0\ny[3] = 0.0\n\nTranslate this solution back to the original problem and provide it as originally specified.\nDo not add any more explanation once you've provided the solution."")","('```python\nfrom gurobipy import GRB, Model\n\ndef f():\n    # Create the model\n    model = Model(""NodeColoring"")\n\n    # Number of nodes\n    num_nodes = 4\n\n    # Maximum number of colors needed is equal to the number of nodes\n    max_colors = num_nodes\n\n    # Add variables: x[i, c] = 1 if node i is colored with color c\n    x = model.addVars(num_nodes, max_colors, vtype=GRB.BINARY, name=""x"")\n\n    # Add constraints: each node must have exactly one color\n    model.addConstrs((x.sum(i, \'*\') == 1 for i in range(num_nodes)), name=""NodeColor"")\n\n    # Add constraints: connected nodes must have different colors\n    # Node 2 is connected to node 3 (indices 1 and 2 in zero-based index)\n    model.addConstrs((x[1, c] + x[2, c] <= 1 for c in range(max_colors)), name=""EdgeConstraint"")\n\n    # Add constraints: minimize the number of colors used\n    # y[c] = 1 if color c is used\n    y = model.addVars(max_colors, vtype=GRB.BINARY, name=""y"")\n    model.addConstrs((x[i, c] <= y[c] for i in range(num_nodes) for c in range(max_colors)), name=""ColorUsage"")\n\n    # Objective: minimize the number of colors used\n    model.setObjective(y.sum(), GRB.MINIMIZE)\n\n    # Optimize/solve the model\n    model.optimize()\n\n    # Return the optimized model\n    return model\n```\n\nThis code sets up an integer linear programming model using the `gurobipy` library to solve the node coloring problem. The model ensures that each node is assigned exactly one color and that no two connected nodes share the same color. The objective is to minimize the number of colors used. The constraints and variables are defined to achieve this, and the model is optimized to find the solution.', '2, 2, 1, 2')"
in_house_4_10,textbook,standard,ilp_lp,21,3,183.8422201210633,OPTIMAL,3,"[1, 2, 3, 1]","('Q: I have a network of 4 nodes, numbered 1 to 4, with various nodes being connected to other nodes. I want to color the nodes such that no two connected nodes have the same color.\n\nThe connections are as follows:\nNode 1 is connected to node 2.\nNode 1 is connected to node 3.\nNode 2 is connected to node 3.\nNode 2 is connected to node 4.\n\nHow can I color the nodes using the fewest colors possible? Generate a comma-separated list of colors for each node, where the colors are represented by integers ranging from 1 to the number of colors used. The colors should be in the order of the vertices, so the first color will correspond to node 1, the second color will correspond to node 2, and so on.\n\nPlease express this as an Integer Linear Program (ILP) problem in the LP format.\nHere is an example of the LP file format:\n```\n\\ This is a comment\n\nMaximize\n  3 a + 2 b + c - 2 d\nSubject To\n  c0: a + b = 1\n  c1: b + c >= 0\n  c2: a + c < 4\nBounds\n  1 <= c <= 5\n  2 <= d\nBinaries \\ these are binary variables that can only be 0 or 1\n  a b\nGenerals \\ these are integer variables\n  c d\nEnd\n```\nNOTE: Keep in mind that all constraints must have only terms with variables on the left and only constant terms on the right (note that ""a <= b"" can be instead written as ""a - b <= 0"").\'', ""An error occurred while Gurobi was solving the ILP problem:\n\nUnable to read file\n\nInstead of fixing the ILP specification, please provide a final answer for the problem. Do not add any more explanation once you've provided the solution."")","(""To solve the graph coloring problem using Integer Linear Programming (ILP), we need to assign colors to nodes such that no two adjacent nodes share the same color. We will use binary variables to represent whether a node is assigned a particular color. The goal is to minimize the number of colors used.\n\nLet's define the problem:\n\n- Let \\( x_{i,j} \\) be a binary variable that is 1 if node \\( i \\) is colored with color \\( j \\), and 0 otherwise.\n- We need to ensure that each node is assigned exactly one color.\n- Adjacent nodes must not share the same color.\n- Minimize the number of colors used.\n\nGiven the connections:\n- Node 1 is connected to node 2 and node 3.\n- Node 2 is connected to node 3 and node 4.\n\nWe can use at most 3 colors for this graph, as it is a small graph and can be colored with 3 colors using a greedy algorithm.\n\nHere is the ILP formulation in LP format:\n\n```\n\\ Graph coloring ILP formulation\n\nMinimize\n  c1 + c2 + c3\nSubject To\n  \\ Each node must have exactly one color\n  n1: x11 + x12 + x13 = 1\n  n2: x21 + x22 + x23 = 1\n  n3: x31 + x32 + x33 = 1\n  n4: x41 + x42 + x43 = 1\n\n  \\ Adjacent nodes must not share the same color\n  e12_1: x11 + x21 <= 1\n  e12_2: x12 + x22 <= 1\n  e12_3: x13 + x23 <= 1\n\n  e13_1: x11 + x31 <= 1\n  e13_2: x12 + x32 <= 1\n  e13_3: x13 + x33 <= 1\n\n  e23_1: x21 + x31 <= 1\n  e23_2: x22 + x32 <= 1\n  e23_3: x23 + x33 <= 1\n\n  e24_1: x21 + x41 <= 1\n  e24_2: x22 + x42 <= 1\n  e24_3: x23 + x43 <= 1\n\n  \\ Define color usage\n  c1_def: x11 + x21 + x31 + x41 <= 4 c1\n  c2_def: x12 + x22 + x32 + x42 <= 4 c2\n  c3_def: x13 + x23 + x33 + x43 <= 4 c3\n\nBounds\n  0 <= x11 <= 1\n  0 <= x12 <= 1\n  0 <= x13 <= 1\n  0 <= x21 <= 1\n  0 <= x22 <= 1\n  0 <= x23 <= 1\n  0 <= x31 <= 1\n  0 <= x32 <= 1\n  0 <= x33 <= 1\n  0 <= x41 <= 1\n  0 <= x42 <= 1\n  0 <= x43 <= 1\n\nBinaries\n  x11 x12 x13\n  x21 x22 x23\n  x31 x32 x33\n  x41 x42 x43\n\nGenerals\n  c1 c2 c3\n\nEnd\n```\n\nIn this formulation:\n- \\( x_{ij} \\) are binary variables indicating if node \\( i \\) is colored with color \\( j \\).\n- \\( c1, c2, c3 \\) are integer variables representing whether each color is used.\n- The objective is to minimize the sum of \\( c1, c2, c3 \\), which represents the number of colors used.\n- Constraints ensure each node is colored exactly once and adjacent nodes do not share the same color."", '1, 2, 3, 1')"
in_house_4_10,textbook,standard,ilp_python,21,3,184.36493114987388,OPTIMAL,3,"[1, 2, 3, 3]","('Q: I have a network of 4 nodes, numbered 1 to 4, with various nodes being connected to other nodes. I want to color the nodes such that no two connected nodes have the same color.\n\nThe connections are as follows:\nNode 1 is connected to node 2.\nNode 1 is connected to node 3.\nNode 2 is connected to node 3.\nNode 2 is connected to node 4.\n\nHow can I color the nodes using the fewest colors possible? Generate a comma-separated list of colors for each node, where the colors are represented by integers ranging from 1 to the number of colors used. The colors should be in the order of the vertices, so the first color will correspond to node 1, the second color will correspond to node 2, and so on.\n\nPlease express this as an Integer Linear Program (ILP) problem using Python with the gurobipy library.\nSpecifically, define a function named f that returns an optimized gurobipy.Model object which represents the problem.\nHere is an example of the format you should use for your answer:\n```\nfrom gurobipy import GRB, Model\n\ndef f():\n    # Create the model\n    model = Model(""Example"")\n\n    # Add variables\n    vars = model.addMVar((5), vtype=GRB.BINARY, name=""vars"")\n\n    # Add constraints\n    model.addConstrs(vars[i] + vars[i + 1] <= 1 for i in range(4))\n    model.addConstr(vars[0] + vars[4] <= 1)\n\n    # Set objective\n    model.setObjective(vars.sum(), GRB.MAXIMIZE)\n\n    # Optimize/solve the model\n    model.optimize()\n\n    # Return the optimized model\n    return model\n```\nMake sure you only use the gurobipy library for this problem. Do not import any other libraries.\n', ""Your code was executed successfully. Here are all the variables of the model and their optimal values:\n\nx[0,0] = 0.0\nx[0,1] = 0.0\nx[0,2] = 0.0\nx[0,3] = 1.0\nx[1,0] = 1.0\nx[1,1] = -0.0\nx[1,2] = -0.0\nx[1,3] = -0.0\nx[2,0] = -0.0\nx[2,1] = -0.0\nx[2,2] = 1.0\nx[2,3] = -0.0\nx[3,0] = 0.0\nx[3,1] = -0.0\nx[3,2] = 1.0\nx[3,3] = -0.0\ny[0] = 1.0\ny[1] = -0.0\ny[2] = 1.0\ny[3] = 1.0\n\nTranslate this solution back to the original problem and provide it as originally specified.\nDo not add any more explanation once you've provided the solution."")","('```python\nfrom gurobipy import GRB, Model\n\ndef f():\n    # Create the model\n    model = Model(""GraphColoring"")\n\n    # Number of nodes\n    n = 4\n\n    # Maximum number of colors needed is n (in the worst case)\n    max_colors = n\n\n    # Add variables: x[i, c] is 1 if node i is colored with color c\n    x = model.addVars(n, max_colors, vtype=GRB.BINARY, name=""x"")\n\n    # Each node must have exactly one color\n    model.addConstrs((x.sum(i, \'*\') == 1 for i in range(n)), name=""NodeColor"")\n\n    # No two adjacent nodes can have the same color\n    edges = [(0, 1), (0, 2), (1, 2), (1, 3)]\n    model.addConstrs((x[i, c] + x[j, c] <= 1 for i, j in edges for c in range(max_colors)), name=""EdgeColor"")\n\n    # Objective: minimize the number of colors used\n    # Introduce auxiliary variables to represent if a color is used\n    y = model.addVars(max_colors, vtype=GRB.BINARY, name=""y"")\n    model.addConstrs((x.sum(\'*\', c) <= n * y[c] for c in range(max_colors)), name=""ColorUsed"")\n\n    model.setObjective(y.sum(), GRB.MINIMIZE)\n\n    # Optimize/solve the model\n    model.optimize()\n\n    # Return the optimized model\n    return model\n```\n\nThis code sets up an integer linear programming model to solve the graph coloring problem using the Gurobi optimizer. The model uses binary variables to represent whether a node is assigned a particular color and ensures that no two adjacent nodes share the same color. The objective is to minimize the number of colors used.', '1, 2, 3, 3')"
in_house_4_11,textbook,standard,ilp_lp,16,3,123.96508975606412,OPTIMAL,3,"[1, 1, 2, 3]","('Q: I have a network of 4 nodes, numbered 1 to 4, with various nodes being connected to other nodes. I want to color the nodes such that no two connected nodes have the same color.\n\nThe connections are as follows:\nNode 1 is connected to node 3.\nNode 1 is connected to node 4.\nNode 3 is connected to node 4.\n\nHow can I color the nodes using the fewest colors possible? Generate a comma-separated list of colors for each node, where the colors are represented by integers ranging from 1 to the number of colors used. The colors should be in the order of the vertices, so the first color will correspond to node 1, the second color will correspond to node 2, and so on.\n\nPlease express this as an Integer Linear Program (ILP) problem in the LP format.\nHere is an example of the LP file format:\n```\n\\ This is a comment\n\nMaximize\n  3 a + 2 b + c - 2 d\nSubject To\n  c0: a + b = 1\n  c1: b + c >= 0\n  c2: a + c < 4\nBounds\n  1 <= c <= 5\n  2 <= d\nBinaries \\ these are binary variables that can only be 0 or 1\n  a b\nGenerals \\ these are integer variables\n  c d\nEnd\n```\nNOTE: Keep in mind that all constraints must have only terms with variables on the left and only constant terms on the right (note that ""a <= b"" can be instead written as ""a - b <= 0"").\'', ""An error occurred while Gurobi was solving the ILP problem:\n\nUnable to read file\n\nInstead of fixing the ILP specification, please provide a final answer for the problem. Do not add any more explanation once you've provided the solution."")","(""To solve the graph coloring problem using Integer Linear Programming (ILP), we need to assign colors to nodes such that no two adjacent nodes share the same color. We will use binary variables to represent whether a node is assigned a particular color. The goal is to minimize the number of colors used.\n\nLet's define the problem:\n\n- Let \\( x_{i,j} \\) be a binary variable that is 1 if node \\( i \\) is colored with color \\( j \\), and 0 otherwise.\n- We need to ensure that each node is assigned exactly one color.\n- We also need to ensure that no two adjacent nodes have the same color.\n\nGiven the connections:\n- Node 1 is connected to node 3.\n- Node 1 is connected to node 4.\n- Node 3 is connected to node 4.\n\nWe will use 3 colors (1, 2, and 3) since this is a small graph and 3 colors are sufficient for this problem.\n\nHere is the ILP formulation in LP format:\n\n```\n\\ Graph Coloring ILP\n\nMinimize\n  c1 + c2 + c3\nSubject To\n  \\ Each node must have exactly one color\n  n1: x11 + x12 + x13 = 1\n  n2: x21 + x22 + x23 = 1\n  n3: x31 + x32 + x33 = 1\n  n4: x41 + x42 + x43 = 1\n\n  \\ Adjacent nodes cannot share the same color\n  e13_1: x11 + x31 <= 1\n  e13_2: x12 + x32 <= 1\n  e13_3: x13 + x33 <= 1\n\n  e14_1: x11 + x41 <= 1\n  e14_2: x12 + x42 <= 1\n  e14_3: x13 + x43 <= 1\n\n  e34_1: x31 + x41 <= 1\n  e34_2: x32 + x42 <= 1\n  e34_3: x33 + x43 <= 1\n\n  \\ Define color usage\n  c1_def: c1 >= x11 + x21 + x31 + x41\n  c2_def: c2 >= x12 + x22 + x32 + x42\n  c3_def: c3 >= x13 + x23 + x33 + x43\n\nBounds\n  0 <= x11 <= 1\n  0 <= x12 <= 1\n  0 <= x13 <= 1\n  0 <= x21 <= 1\n  0 <= x22 <= 1\n  0 <= x23 <= 1\n  0 <= x31 <= 1\n  0 <= x32 <= 1\n  0 <= x33 <= 1\n  0 <= x41 <= 1\n  0 <= x42 <= 1\n  0 <= x43 <= 1\n  0 <= c1 <= 1\n  0 <= c2 <= 1\n  0 <= c3 <= 1\n\nBinaries\n  x11 x12 x13\n  x21 x22 x23\n  x31 x32 x33\n  x41 x42 x43\n  c1 c2 c3\n\nEnd\n```\n\nIn this formulation:\n- \\( x_{ij} \\) are binary variables indicating if node \\( i \\) is colored with color \\( j \\).\n- \\( c1, c2, c3 \\) are binary variables indicating if color 1, 2, or 3 is used.\n- The objective is to minimize the sum of \\( c1, c2, c3 \\), which represents the number of colors used.\n- Constraints ensure each node has exactly one color and adjacent nodes do not share the same color."", '1, 1, 2, 3')"
in_house_4_11,textbook,standard,ilp_python,16,3,156.4081780218985,INCOMPATIBLE,None,Solution uses a bad set of colors (non-integers or integers outside the expected range).,"('Q: I have a network of 4 nodes, numbered 1 to 4, with various nodes being connected to other nodes. I want to color the nodes such that no two connected nodes have the same color.\n\nThe connections are as follows:\nNode 1 is connected to node 3.\nNode 1 is connected to node 4.\nNode 3 is connected to node 4.\n\nHow can I color the nodes using the fewest colors possible? Generate a comma-separated list of colors for each node, where the colors are represented by integers ranging from 1 to the number of colors used. The colors should be in the order of the vertices, so the first color will correspond to node 1, the second color will correspond to node 2, and so on.\n\nPlease express this as an Integer Linear Program (ILP) problem using Python with the gurobipy library.\nSpecifically, define a function named f that returns an optimized gurobipy.Model object which represents the problem.\nHere is an example of the format you should use for your answer:\n```\nfrom gurobipy import GRB, Model\n\ndef f():\n    # Create the model\n    model = Model(""Example"")\n\n    # Add variables\n    vars = model.addMVar((5), vtype=GRB.BINARY, name=""vars"")\n\n    # Add constraints\n    model.addConstrs(vars[i] + vars[i + 1] <= 1 for i in range(4))\n    model.addConstr(vars[0] + vars[4] <= 1)\n\n    # Set objective\n    model.setObjective(vars.sum(), GRB.MAXIMIZE)\n\n    # Optimize/solve the model\n    model.optimize()\n\n    # Return the optimized model\n    return model\n```\nMake sure you only use the gurobipy library for this problem. Do not import any other libraries.\n', ""Your code was executed successfully. Here are all the variables of the model and their optimal values:\n\nx[0,0] = 0.0\nx[0,1] = 0.0\nx[0,2] = 1.0\nx[0,3] = 0.0\nx[1,0] = 0.0\nx[1,1] = 0.0\nx[1,2] = 1.0\nx[1,3] = 0.0\nx[2,0] = 0.0\nx[2,1] = 1.0\nx[2,2] = 0.0\nx[2,3] = 0.0\nx[3,0] = 1.0\nx[3,1] = 0.0\nx[3,2] = 0.0\nx[3,3] = 0.0\ny[0] = 1.0\ny[1] = 1.0\ny[2] = 1.0\ny[3] = 0.0\n\nTranslate this solution back to the original problem and provide it as originally specified.\nDo not add any more explanation once you've provided the solution."")","('```python\nfrom gurobipy import GRB, Model\n\ndef f():\n    # Create the model\n    model = Model(""GraphColoring"")\n\n    # Number of nodes\n    n = 4\n\n    # Maximum number of colors needed is n (in the worst case)\n    max_colors = n\n\n    # Add variables: x[i, c] = 1 if node i is colored with color c\n    x = model.addVars(n, max_colors, vtype=GRB.BINARY, name=""x"")\n\n    # Each node must have exactly one color\n    model.addConstrs((x.sum(i, \'*\') == 1 for i in range(n)), name=""NodeColor"")\n\n    # No two adjacent nodes can have the same color\n    edges = [(0, 2), (0, 3), (2, 3)]  # (0-based index for nodes 1, 3, 4)\n    model.addConstrs((x[i, c] + x[j, c] <= 1 for i, j in edges for c in range(max_colors)), name=""EdgeColor"")\n\n    # Objective: minimize the number of colors used\n    # Introduce auxiliary variables to represent if a color is used\n    y = model.addVars(max_colors, vtype=GRB.BINARY, name=""y"")\n    model.addConstrs((x.sum(\'*\', c) <= n * y[c] for c in range(max_colors)), name=""ColorUsed"")\n\n    model.setObjective(y.sum(), GRB.MINIMIZE)\n\n    # Optimize/solve the model\n    model.optimize()\n\n    # Return the optimized model\n    return model\n```\n\nThis code sets up an Integer Linear Program (ILP) using the `gurobipy` library to solve the graph coloring problem for the given network of nodes. The model minimizes the number of colors used while ensuring that no two connected nodes share the same color. The constraints ensure that each node is assigned exactly one color and that adjacent nodes do not share the same color. The auxiliary variables `y` are used to track whether a color is used, and the objective function minimizes the sum of these variables.', '2, 2, 1, 0')"
in_house_4_2,textbook,standard,ilp_lp,26,3,183.62130945106037,OPTIMAL,3,"[1, 2, 3, 2]","('Q: I have a network of 4 nodes, numbered 1 to 4, with various nodes being connected to other nodes. I want to color the nodes such that no two connected nodes have the same color.\n\nThe connections are as follows:\nNode 1 is connected to node 2.\nNode 1 is connected to node 3.\nNode 1 is connected to node 4.\nNode 2 is connected to node 3.\nNode 3 is connected to node 4.\n\nHow can I color the nodes using the fewest colors possible? Generate a comma-separated list of colors for each node, where the colors are represented by integers ranging from 1 to the number of colors used. The colors should be in the order of the vertices, so the first color will correspond to node 1, the second color will correspond to node 2, and so on.\n\nPlease express this as an Integer Linear Program (ILP) problem in the LP format.\nHere is an example of the LP file format:\n```\n\\ This is a comment\n\nMaximize\n  3 a + 2 b + c - 2 d\nSubject To\n  c0: a + b = 1\n  c1: b + c >= 0\n  c2: a + c < 4\nBounds\n  1 <= c <= 5\n  2 <= d\nBinaries \\ these are binary variables that can only be 0 or 1\n  a b\nGenerals \\ these are integer variables\n  c d\nEnd\n```\nNOTE: Keep in mind that all constraints must have only terms with variables on the left and only constant terms on the right (note that ""a <= b"" can be instead written as ""a - b <= 0"").\'', ""An error occurred while Gurobi was solving the ILP problem:\n\nUnable to read file\n\nInstead of fixing the ILP specification, please provide a final answer for the problem. Do not add any more explanation once you've provided the solution."")","(""To solve the graph coloring problem using Integer Linear Programming (ILP), we need to assign colors to nodes such that no two adjacent nodes share the same color. We aim to use the fewest colors possible. Let's define the ILP formulation for this problem.\n\n### Variables\n- Let \\( x_{i,k} \\) be a binary variable that is 1 if node \\( i \\) is colored with color \\( k \\), and 0 otherwise.\n- Let \\( y_k \\) be a binary variable that is 1 if color \\( k \\) is used, and 0 otherwise.\n\n### Objective\nMinimize the number of colors used:\n\\[ \\text{Minimize} \\quad y_1 + y_2 + y_3 + y_4 \\]\n\n### Constraints\n1. Each node must be assigned exactly one color:\n   \\[\n   \\begin{align*}\n   x_{1,1} + x_{1,2} + x_{1,3} + x_{1,4} &= 1 \\\\\n   x_{2,1} + x_{2,2} + x_{2,3} + x_{2,4} &= 1 \\\\\n   x_{3,1} + x_{3,2} + x_{3,3} + x_{3,4} &= 1 \\\\\n   x_{4,1} + x_{4,2} + x_{4,3} + x_{4,4} &= 1 \\\\\n   \\end{align*}\n   \\]\n\n2. Adjacent nodes cannot share the same color:\n   \\[\n   \\begin{align*}\n   x_{1,k} + x_{2,k} &\\leq 1 \\quad \\text{for } k = 1, 2, 3, 4 \\\\\n   x_{1,k} + x_{3,k} &\\leq 1 \\quad \\text{for } k = 1, 2, 3, 4 \\\\\n   x_{1,k} + x_{4,k} &\\leq 1 \\quad \\text{for } k = 1, 2, 3, 4 \\\\\n   x_{2,k} + x_{3,k} &\\leq 1 \\quad \\text{for } k = 1, 2, 3, 4 \\\\\n   x_{3,k} + x_{4,k} &\\leq 1 \\quad \\text{for } k = 1, 2, 3, 4 \\\\\n   \\end{align*}\n   \\]\n\n3. A color \\( k \\) is used if any node is colored with \\( k \\):\n   \\[\n   \\begin{align*}\n   x_{1,k} + x_{2,k} + x_{3,k} + x_{4,k} &\\leq 4y_k \\quad \\text{for } k = 1, 2, 3, 4 \\\\\n   \\end{align*}\n   \\]\n\n### LP File Format\n```plaintext\nMinimize\n  y1 + y2 + y3 + y4\nSubject To\n  c1: x11 + x12 + x13 + x14 = 1\n  c2: x21 + x22 + x23 + x24 = 1\n  c3: x31 + x32 + x33 + x34 = 1\n  c4: x41 + x42 + x43 + x44 = 1\n  c5: x11 + x21 <= 1\n  c6: x12 + x22 <= 1\n  c7: x13 + x23 <= 1\n  c8: x14 + x24 <= 1\n  c9: x11 + x31 <= 1\n  c10: x12 + x32 <= 1\n  c11: x13 + x33 <= 1\n  c12: x14 + x34 <= 1\n  c13: x11 + x41 <= 1\n  c14: x12 + x42 <= 1\n  c15: x13 + x43 <= 1\n  c16: x14 + x44 <= 1\n  c17: x21 + x31 <= 1\n  c18: x22 + x32 <= 1\n  c19: x23 + x33 <= 1\n  c20: x24 + x34 <= 1\n  c21: x31 + x41 <= 1\n  c22: x32 + x42 <= 1\n  c23: x33 + x43 <= 1\n  c24: x34 + x44 <= 1\n  c25: x11 + x21 + x31 + x41 <= 4 y1\n  c26: x12 + x22 + x32 + x42 <= 4 y2\n  c27: x13 + x23 + x33 + x43 <= 4 y3\n  c28: x14 + x24 + x34 + x44 <= 4 y4\nBounds\nBinaries\n  x11 x12 x13 x14\n  x21 x22 x23 x24\n  x31 x32 x33 x34\n  x41 x42 x43 x44\n  y1 y2 y3 y4\nEnd\n```\n\nThis ILP formulation will help you find the optimal coloring of the nodes using the fewest colors possible."", '1, 2, 3, 2')"
in_house_4_2,textbook,standard,ilp_python,26,3,185.0304879900068,ERRONEOUS,None,Solution has adjacent nodes with the same color. Nodes 1 and 4 are both colored 1.,"('Q: I have a network of 4 nodes, numbered 1 to 4, with various nodes being connected to other nodes. I want to color the nodes such that no two connected nodes have the same color.\n\nThe connections are as follows:\nNode 1 is connected to node 2.\nNode 1 is connected to node 3.\nNode 1 is connected to node 4.\nNode 2 is connected to node 3.\nNode 3 is connected to node 4.\n\nHow can I color the nodes using the fewest colors possible? Generate a comma-separated list of colors for each node, where the colors are represented by integers ranging from 1 to the number of colors used. The colors should be in the order of the vertices, so the first color will correspond to node 1, the second color will correspond to node 2, and so on.\n\nPlease express this as an Integer Linear Program (ILP) problem using Python with the gurobipy library.\nSpecifically, define a function named f that returns an optimized gurobipy.Model object which represents the problem.\nHere is an example of the format you should use for your answer:\n```\nfrom gurobipy import GRB, Model\n\ndef f():\n    # Create the model\n    model = Model(""Example"")\n\n    # Add variables\n    vars = model.addMVar((5), vtype=GRB.BINARY, name=""vars"")\n\n    # Add constraints\n    model.addConstrs(vars[i] + vars[i + 1] <= 1 for i in range(4))\n    model.addConstr(vars[0] + vars[4] <= 1)\n\n    # Set objective\n    model.setObjective(vars.sum(), GRB.MAXIMIZE)\n\n    # Optimize/solve the model\n    model.optimize()\n\n    # Return the optimized model\n    return model\n```\nMake sure you only use the gurobipy library for this problem. Do not import any other libraries.\n', 'Your code was executed successfully. Here are all the variables of the model and their optimal values:\n\nGurobi Optimizer version 12.0.0 build v12.0.0rc1 (linux64 - ""AlmaLinux 9.4 (Seafoam Ocelot)"")\n\nCPU model: Intel(R) Xeon(R) Gold 6128 CPU @ 3.40GHz, instruction set [SSE2|AVX|AVX2|AVX512]\nThread count: 12 physical cores, 24 logical processors, using up to 24 threads\n\nOptimize a model with 40 rows, 20 columns and 88 nonzeros\nModel fingerprint: 0xfcf0a79b\nVariable types: 0 continuous, 20 integer (20 binary)\nCoefficient statistics:\n  Matrix range     [1e+00, 1e+00]\n  Objective range  [1e+00, 1e+00]\n  Bounds range     [1e+00, 1e+00]\n  RHS range        [1e+00, 1e+00]\nFound heuristic solution: objective 3.0000000\nPresolve removed 28 rows and 0 columns\nPresolve time: 0.00s\nPresolved: 12 rows, 20 columns, 48 nonzeros\nVariable types: 0 continuous, 20 integer (20 binary)\n\nRoot relaxation: cutoff, 16 iterations, 0.00 seconds (0.00 work units)\n\n    Nodes    |    Current Node    |     Objective Bounds      |     Work\n Expl Unexpl |  Obj  Depth IntInf | Incumbent    BestBd   Gap | It/Node Time\n\n     0     0     cutoff    0         3.00000    3.00000  0.00%     -    0s\n\nExplored 1 nodes (16 simplex iterations) in 0.00 seconds (0.00 work units)\nThread count was 24 (of 24 available processors)\n\nSolution count 1: 3 \n\nOptimal solution found (tolerance 1.00e-04)\nBest objective 3.000000000000e+00, best bound 3.000000000000e+00, gap 0.0000%\nx[0,2] = 1.0\nx[1,0] = 1.0\nx[2,1] = 1.0\nx[3,0] = 1.0\ny[0] = 1.0\ny[1] = 1.0\ny[2] = 1.0\nx[0,0] = 0.0\nx[0,1] = 0.0\nx[0,2] = 1.0\nx[0,3] = 0.0\nx[1,0] = 1.0\nx[1,1] = 0.0\nx[1,2] = 0.0\nx[1,3] = 0.0\nx[2,0] = 0.0\nx[2,1] = 1.0\nx[2,2] = 0.0\nx[2,3] = 0.0\nx[3,0] = 1.0\nx[3,1] = 0.0\nx[3,2] = 0.0\nx[3,3] = 0.0\ny[0] = 1.0\ny[1] = 1.0\ny[2] = 1.0\ny[3] = 0.0\n\nTranslate this solution back to the original problem and provide it as originally specified.\nDo not add any more explanation once you\'ve provided the solution.')","('To solve the graph coloring problem using the fewest colors possible, we can formulate it as an Integer Linear Programming (ILP) problem. We\'ll use the `gurobipy` library to define and solve this problem. The goal is to assign colors to the nodes such that no two connected nodes share the same color, and we use the minimum number of colors.\n\nHere\'s how you can define the ILP model using `gurobipy`:\n\n```python\nfrom gurobipy import GRB, Model\n\ndef f():\n    # Create the model\n    model = Model(""GraphColoring"")\n\n    # Number of nodes\n    num_nodes = 4\n\n    # Maximum number of colors (at most num_nodes colors needed)\n    max_colors = num_nodes\n\n    # Add variables: x[i, c] = 1 if node i is colored with color c\n    x = model.addVars(num_nodes, max_colors, vtype=GRB.BINARY, name=""x"")\n\n    # Add variables: y[c] = 1 if color c is used\n    y = model.addVars(max_colors, vtype=GRB.BINARY, name=""y"")\n\n    # Each node must be colored with exactly one color\n    model.addConstrs((x.sum(i, \'*\') == 1 for i in range(num_nodes)), name=""NodeColor"")\n\n    # If a node i is colored with color c, then color c is used\n    model.addConstrs((x[i, c] <= y[c] for i in range(num_nodes) for c in range(max_colors)), name=""ColorUsage"")\n\n    # Add constraints for connected nodes to have different colors\n    edges = [(0, 1), (0, 2), (0, 3), (1, 2), (2, 3)]\n    model.addConstrs((x[i, c] + x[j, c] <= 1 for (i, j) in edges for c in range(max_colors)), name=""EdgeConstr"")\n\n    # Objective: Minimize the number of colors used\n    model.setObjective(y.sum(), GRB.MINIMIZE)\n\n    # Optimize/solve the model\n    model.optimize()\n\n    # Return the optimized model\n    return model\n\n# Call the function to solve the problem\nmodel = f()\n\n# Extract and print the solution\nif model.status == GRB.OPTIMAL:\n    for v in model.getVars():\n        if v.x > 0.5:  # Check if the variable is set to 1\n            print(f""{v.varName} = {v.x}"")\n```\n\n### Explanation:\n- **Variables**: \n  - `x[i, c]` is a binary variable that is 1 if node `i` is colored with color `c`.\n  - `y[c]` is a binary variable that is 1 if color `c` is used.\n  \n- **Constraints**:\n  - Each node must be colored with exactly one color.\n  - If a node is colored with a color, that color is considered used.\n  - Connected nodes must not share the same color.\n\n- **Objective**: Minimize the number of colors used, which is the sum of `y[c]`.\n\nThis ILP model will find the optimal coloring of the graph using the fewest colors possible.', '1, 2, 3, 1')"
in_house_4_3,textbook,standard,ilp_lp,16,2,184.47016945597716,OPTIMAL,2,"[2, 1, 2, 2]","('Q: I have a network of 4 nodes, numbered 1 to 4, with various nodes being connected to other nodes. I want to color the nodes such that no two connected nodes have the same color.\n\nThe connections are as follows:\nNode 1 is connected to node 2.\nNode 2 is connected to node 3.\nNode 2 is connected to node 4.\n\nHow can I color the nodes using the fewest colors possible? Generate a comma-separated list of colors for each node, where the colors are represented by integers ranging from 1 to the number of colors used. The colors should be in the order of the vertices, so the first color will correspond to node 1, the second color will correspond to node 2, and so on.\n\nPlease express this as an Integer Linear Program (ILP) problem in the LP format.\nHere is an example of the LP file format:\n```\n\\ This is a comment\n\nMaximize\n  3 a + 2 b + c - 2 d\nSubject To\n  c0: a + b = 1\n  c1: b + c >= 0\n  c2: a + c < 4\nBounds\n  1 <= c <= 5\n  2 <= d\nBinaries \\ these are binary variables that can only be 0 or 1\n  a b\nGenerals \\ these are integer variables\n  c d\nEnd\n```\nNOTE: Keep in mind that all constraints must have only terms with variables on the left and only constant terms on the right (note that ""a <= b"" can be instead written as ""a - b <= 0"").\'', ""Your ILP problem was successfully solved. Here is the solution:\n\nObjective value: 2.0\nValue Assignments:\ny1: 1.0\ny2: 1.0\ny3: 0.0\nx11: 0.0\nx12: 1.0\nx13: 0.0\nx21: 1.0\nx22: 0.0\nx23: 0.0\nx31: 0.0\nx32: 1.0\nx33: 0.0\nx41: 0.0\nx42: 1.0\nx43: 0.0\n\nTranslate this solution back to the original problem and provide it as originally specified.\nDo not add any more explanation once you've provided the solution."")","(""To solve the graph coloring problem using Integer Linear Programming (ILP), we need to assign colors to the nodes such that no two connected nodes share the same color. We will use binary variables to represent whether a node is assigned a particular color. The goal is to minimize the number of colors used.\n\nLet's define the problem:\n\n- We have 4 nodes: 1, 2, 3, and 4.\n- The connections are: (1, 2), (2, 3), and (2, 4).\n- We will use binary variables \\( x_{i,j} \\) where \\( i \\) is the node and \\( j \\) is the color. \\( x_{i,j} = 1 \\) if node \\( i \\) is assigned color \\( j \\), otherwise \\( x_{i,j} = 0 \\).\n\nAssume we use up to 3 colors (since this is a small graph, 3 colors should suffice).\n\n### ILP Formulation\n\n```\nMinimize\n  y1 + y2 + y3\n\nSubject To\n  c1: x11 + x12 + x13 = 1\n  c2: x21 + x22 + x23 = 1\n  c3: x31 + x32 + x33 = 1\n  c4: x41 + x42 + x43 = 1\n\n  c5: x11 + x21 <= 1\n  c6: x12 + x22 <= 1\n  c7: x13 + x23 <= 1\n\n  c8: x21 + x31 <= 1\n  c9: x22 + x32 <= 1\n  c10: x23 + x33 <= 1\n\n  c11: x21 + x41 <= 1\n  c12: x22 + x42 <= 1\n  c13: x23 + x43 <= 1\n\n  c14: x11 <= y1\n  c15: x12 <= y2\n  c16: x13 <= y3\n\n  c17: x21 <= y1\n  c18: x22 <= y2\n  c19: x23 <= y3\n\n  c20: x31 <= y1\n  c21: x32 <= y2\n  c22: x33 <= y3\n\n  c23: x41 <= y1\n  c24: x42 <= y2\n  c25: x43 <= y3\n\nBounds\n  0 <= x11 <= 1\n  0 <= x12 <= 1\n  0 <= x13 <= 1\n  0 <= x21 <= 1\n  0 <= x22 <= 1\n  0 <= x23 <= 1\n  0 <= x31 <= 1\n  0 <= x32 <= 1\n  0 <= x33 <= 1\n  0 <= x41 <= 1\n  0 <= x42 <= 1\n  0 <= x43 <= 1\n  0 <= y1 <= 1\n  0 <= y2 <= 1\n  0 <= y3 <= 1\n\nBinaries\n  x11 x12 x13\n  x21 x22 x23\n  x31 x32 x33\n  x41 x42 x43\n  y1 y2 y3\n\nEnd\n```\n\n### Explanation\n\n- **Objective**: Minimize the sum of \\( y1, y2, y3 \\), which represent whether each color is used.\n- **Constraints**:\n  - Each node must be assigned exactly one color (c1 to c4).\n  - No two connected nodes can have the same color (c5 to c13).\n  - If a node is assigned a color, then that color must be considered used (c14 to c25).\n- **Bounds**: All variables are binary, meaning they can only be 0 or 1.\n\nThis ILP formulation will find the minimum number of colors needed to color the graph such that no two adjacent nodes share the same color."", '2, 1, 2, 2')"
in_house_4_3,textbook,standard,ilp_python,16,2,184.54539236612618,OPTIMAL,2,"[2, 1, 2, 2]","('Q: I have a network of 4 nodes, numbered 1 to 4, with various nodes being connected to other nodes. I want to color the nodes such that no two connected nodes have the same color.\n\nThe connections are as follows:\nNode 1 is connected to node 2.\nNode 2 is connected to node 3.\nNode 2 is connected to node 4.\n\nHow can I color the nodes using the fewest colors possible? Generate a comma-separated list of colors for each node, where the colors are represented by integers ranging from 1 to the number of colors used. The colors should be in the order of the vertices, so the first color will correspond to node 1, the second color will correspond to node 2, and so on.\n\nPlease express this as an Integer Linear Program (ILP) problem using Python with the gurobipy library.\nSpecifically, define a function named f that returns an optimized gurobipy.Model object which represents the problem.\nHere is an example of the format you should use for your answer:\n```\nfrom gurobipy import GRB, Model\n\ndef f():\n    # Create the model\n    model = Model(""Example"")\n\n    # Add variables\n    vars = model.addMVar((5), vtype=GRB.BINARY, name=""vars"")\n\n    # Add constraints\n    model.addConstrs(vars[i] + vars[i + 1] <= 1 for i in range(4))\n    model.addConstr(vars[0] + vars[4] <= 1)\n\n    # Set objective\n    model.setObjective(vars.sum(), GRB.MAXIMIZE)\n\n    # Optimize/solve the model\n    model.optimize()\n\n    # Return the optimized model\n    return model\n```\nMake sure you only use the gurobipy library for this problem. Do not import any other libraries.\n', ""Your code was executed successfully. Here are all the variables of the model and their optimal values:\n\nx[0,0] = 0.0\nx[0,1] = 0.0\nx[0,2] = 1.0\nx[0,3] = 0.0\nx[1,0] = 1.0\nx[1,1] = 0.0\nx[1,2] = 0.0\nx[1,3] = 0.0\nx[2,0] = 0.0\nx[2,1] = 0.0\nx[2,2] = 1.0\nx[2,3] = 0.0\nx[3,0] = 0.0\nx[3,1] = 0.0\nx[3,2] = 1.0\nx[3,3] = 0.0\ny[0] = 1.0\ny[1] = 0.0\ny[2] = 1.0\ny[3] = 0.0\n\nTranslate this solution back to the original problem and provide it as originally specified.\nDo not add any more explanation once you've provided the solution."")","('```python\nfrom gurobipy import GRB, Model\n\ndef f():\n    # Create the model\n    model = Model(""GraphColoring"")\n\n    # Number of nodes\n    n = 4\n\n    # Maximum number of colors needed is n (in the worst case)\n    max_colors = n\n\n    # Add variables: x[i, c] is 1 if node i is colored with color c\n    x = model.addVars(n, max_colors, vtype=GRB.BINARY, name=""x"")\n\n    # Each node must have exactly one color\n    model.addConstrs((x.sum(i, \'*\') == 1 for i in range(n)), name=""NodeColor"")\n\n    # No two connected nodes can have the same color\n    edges = [(0, 1), (1, 2), (1, 3)]  # zero-indexed for nodes 1-4\n    model.addConstrs((x[i, c] + x[j, c] <= 1 for i, j in edges for c in range(max_colors)), name=""EdgeColor"")\n\n    # Objective: minimize the number of colors used\n    # We introduce a new variable y[c] which is 1 if color c is used\n    y = model.addVars(max_colors, vtype=GRB.BINARY, name=""y"")\n    model.addConstrs((x.sum(\'*\', c) <= n * y[c] for c in range(max_colors)), name=""ColorUsed"")\n\n    # Minimize the number of colors used\n    model.setObjective(y.sum(), GRB.MINIMIZE)\n\n    # Optimize/solve the model\n    model.optimize()\n\n    # Return the optimized model\n    return model\n```\n\nThis code sets up an Integer Linear Program (ILP) using the `gurobipy` library to solve the graph coloring problem for the given network of nodes. The model minimizes the number of colors used while ensuring that no two connected nodes share the same color. The constraints ensure that each node is assigned exactly one color and that no two adjacent nodes have the same color. The objective function minimizes the total number of colors used.', '2, 1, 2, 2')"
in_house_4_4,textbook,standard,ilp_lp,16,3,184.0552871648688,OPTIMAL,3,"[1, 1, 2, 3]","('Q: I have a network of 4 nodes, numbered 1 to 4, with various nodes being connected to other nodes. I want to color the nodes such that no two connected nodes have the same color.\n\nThe connections are as follows:\nNode 2 is connected to node 3.\nNode 2 is connected to node 4.\nNode 3 is connected to node 4.\n\nHow can I color the nodes using the fewest colors possible? Generate a comma-separated list of colors for each node, where the colors are represented by integers ranging from 1 to the number of colors used. The colors should be in the order of the vertices, so the first color will correspond to node 1, the second color will correspond to node 2, and so on.\n\nPlease express this as an Integer Linear Program (ILP) problem in the LP format.\nHere is an example of the LP file format:\n```\n\\ This is a comment\n\nMaximize\n  3 a + 2 b + c - 2 d\nSubject To\n  c0: a + b = 1\n  c1: b + c >= 0\n  c2: a + c < 4\nBounds\n  1 <= c <= 5\n  2 <= d\nBinaries \\ these are binary variables that can only be 0 or 1\n  a b\nGenerals \\ these are integer variables\n  c d\nEnd\n```\nNOTE: Keep in mind that all constraints must have only terms with variables on the left and only constant terms on the right (note that ""a <= b"" can be instead written as ""a - b <= 0"").\'', ""An error occurred while Gurobi was solving the ILP problem:\n\nUnable to read file\n\nInstead of fixing the ILP specification, please provide a final answer for the problem. Do not add any more explanation once you've provided the solution."")","(""To solve the graph coloring problem using Integer Linear Programming (ILP), we need to assign colors to nodes such that no two adjacent nodes share the same color. We aim to use the fewest colors possible. Here's how you can express this problem in the LP format:\n\n### Variables\n- Let \\( x_{i,j} \\) be a binary variable that is 1 if node \\( i \\) is colored with color \\( j \\), and 0 otherwise.\n- We need to minimize the number of colors used, so we introduce a variable \\( y_j \\) which is 1 if color \\( j \\) is used, and 0 otherwise.\n\n### Objective\nMinimize the number of colors used:\n\\[ \\text{Minimize} \\quad y_1 + y_2 + y_3 + y_4 \\]\n\n### Constraints\n1. Each node must be assigned exactly one color:\n   \\[\n   \\begin{align*}\n   x_{1,1} + x_{1,2} + x_{1,3} + x_{1,4} &= 1 \\\\\n   x_{2,1} + x_{2,2} + x_{2,3} + x_{2,4} &= 1 \\\\\n   x_{3,1} + x_{3,2} + x_{3,3} + x_{3,4} &= 1 \\\\\n   x_{4,1} + x_{4,2} + x_{4,3} + x_{4,4} &= 1 \\\\\n   \\end{align*}\n   \\]\n\n2. Adjacent nodes cannot share the same color:\n   \\[\n   \\begin{align*}\n   x_{2,1} + x_{3,1} &\\leq 1 \\\\\n   x_{2,2} + x_{3,2} &\\leq 1 \\\\\n   x_{2,3} + x_{3,3} &\\leq 1 \\\\\n   x_{2,4} + x_{3,4} &\\leq 1 \\\\\n   x_{2,1} + x_{4,1} &\\leq 1 \\\\\n   x_{2,2} + x_{4,2} &\\leq 1 \\\\\n   x_{2,3} + x_{4,3} &\\leq 1 \\\\\n   x_{2,4} + x_{4,4} &\\leq 1 \\\\\n   x_{3,1} + x_{4,1} &\\leq 1 \\\\\n   x_{3,2} + x_{4,2} &\\leq 1 \\\\\n   x_{3,3} + x_{4,3} &\\leq 1 \\\\\n   x_{3,4} + x_{4,4} &\\leq 1 \\\\\n   \\end{align*}\n   \\]\n\n3. If a color \\( j \\) is used for any node, then \\( y_j \\) must be 1:\n   \\[\n   \\begin{align*}\n   x_{1,1} + x_{2,1} + x_{3,1} + x_{4,1} &\\leq 4y_1 \\\\\n   x_{1,2} + x_{2,2} + x_{3,2} + x_{4,2} &\\leq 4y_2 \\\\\n   x_{1,3} + x_{2,3} + x_{3,3} + x_{4,3} &\\leq 4y_3 \\\\\n   x_{1,4} + x_{2,4} + x_{3,4} + x_{4,4} &\\leq 4y_4 \\\\\n   \\end{align*}\n   \\]\n\n### Bounds\n- \\( x_{i,j} \\) are binary variables (0 or 1).\n- \\( y_j \\) are binary variables (0 or 1).\n\n### LP File Format\n```plaintext\n\\ Graph Coloring ILP\n\nMinimize\n  y1 + y2 + y3 + y4\n\nSubject To\n  c1: x11 + x12 + x13 + x14 = 1\n  c2: x21 + x22 + x23 + x24 = 1\n  c3: x31 + x32 + x33 + x34 = 1\n  c4: x41 + x42 + x43 + x44 = 1\n\n  c5: x21 + x31 <= 1\n  c6: x22 + x32 <= 1\n  c7: x23 + x33 <= 1\n  c8: x24 + x34 <= 1\n\n  c9: x21 + x41 <= 1\n  c10: x22 + x42 <= 1\n  c11: x23 + x43 <= 1\n  c12: x24 + x44 <= 1\n\n  c13: x31 + x41 <= 1\n  c14: x32 + x42 <= 1\n  c15: x33 + x43 <= 1\n  c16: x34 + x44 <= 1\n\n  c17: x11 + x21 + x31 + x41 <= 4 y1\n  c18: x12 + x22 + x32 + x42 <= 4 y2\n  c19: x13 + x23 + x33 + x43 <= 4 y3\n  c20: x14 + x24 + x34 + x44 <= 4 y4\n\nBinaries\n  x11 x12 x13 x14\n  x21 x22 x23 x24\n  x31 x32 x33 x34\n  x41 x42 x43 x44\n  y1 y2 y3 y4\n\nEnd\n```\n\nThis ILP formulation will help you find the minimum number of colors needed to color the nodes such that no two connected nodes have the same color."", '1, 1, 2, 3')"
in_house_4_4,textbook,standard,ilp_python,16,3,123.54574364190921,INCOMPATIBLE,None,Solution has colors for the wrong number of nodes (1 instead of 4).,"('Q: I have a network of 4 nodes, numbered 1 to 4, with various nodes being connected to other nodes. I want to color the nodes such that no two connected nodes have the same color.\n\nThe connections are as follows:\nNode 2 is connected to node 3.\nNode 2 is connected to node 4.\nNode 3 is connected to node 4.\n\nHow can I color the nodes using the fewest colors possible? Generate a comma-separated list of colors for each node, where the colors are represented by integers ranging from 1 to the number of colors used. The colors should be in the order of the vertices, so the first color will correspond to node 1, the second color will correspond to node 2, and so on.\n\nPlease express this as an Integer Linear Program (ILP) problem using Python with the gurobipy library.\nSpecifically, define a function named f that returns an optimized gurobipy.Model object which represents the problem.\nHere is an example of the format you should use for your answer:\n```\nfrom gurobipy import GRB, Model\n\ndef f():\n    # Create the model\n    model = Model(""Example"")\n\n    # Add variables\n    vars = model.addMVar((5), vtype=GRB.BINARY, name=""vars"")\n\n    # Add constraints\n    model.addConstrs(vars[i] + vars[i + 1] <= 1 for i in range(4))\n    model.addConstr(vars[0] + vars[4] <= 1)\n\n    # Set objective\n    model.setObjective(vars.sum(), GRB.MAXIMIZE)\n\n    # Optimize/solve the model\n    model.optimize()\n\n    # Return the optimized model\n    return model\n```\nMake sure you only use the gurobipy library for this problem. Do not import any other libraries.\n', ""An error occurred while executing your code. Here is the output:\n\nKeyError at line 21: (4, 0)\n\nInstead of fixing the code, please provide a final answer for the problem. Do not add any more explanation once you've provided the solution."")","('```python\nfrom gurobipy import GRB, Model\n\ndef f():\n    # Create the model\n    model = Model(""GraphColoring"")\n\n    # Number of nodes\n    n = 4\n\n    # Maximum number of colors needed (at most n)\n    max_colors = n\n\n    # Add variables: x[i, c] is 1 if node i is colored with color c\n    x = model.addVars(n, max_colors, vtype=GRB.BINARY, name=""x"")\n\n    # Each node must have exactly one color\n    model.addConstrs((x.sum(i, \'*\') == 1 for i in range(n)), name=""NodeColor"")\n\n    # No two connected nodes can have the same color\n    edges = [(1, 2), (1, 3), (2, 3), (2, 4), (3, 4)]\n    model.addConstrs((x[i, c] + x[j, c] <= 1 for (i, j) in edges for c in range(max_colors)), name=""EdgeColor"")\n\n    # Objective: minimize the number of colors used\n    # Introduce auxiliary variables to represent if a color is used\n    y = model.addVars(max_colors, vtype=GRB.BINARY, name=""y"")\n    model.addConstrs((x.sum(\'*\', c) <= n * y[c] for c in range(max_colors)), name=""ColorUsed"")\n\n    model.setObjective(y.sum(), GRB.MINIMIZE)\n\n    # Optimize/solve the model\n    model.optimize()\n\n    # Return the optimized model\n    return model\n```\n\nThis code sets up an Integer Linear Program (ILP) to solve the graph coloring problem using the `gurobipy` library. The model aims to color the nodes of a graph such that no two connected nodes share the same color, while minimizing the number of colors used. The constraints ensure that each node is assigned exactly one color and that no two adjacent nodes have the same color. The objective function minimizes the total number of colors used.', '```python\nfrom gurobipy import GRB, Model\n\ndef f():\n    # Create the model\n    model = Model(""GraphColoring"")\n\n    # Number of nodes\n    n = 4\n\n    # Maximum number of colors needed (at most n)\n    max_colors = n\n\n    # Add variables: x[i, c] is 1 if node i is colored with color c\n    x = model.addVars(n, max_colors, vtype=GRB.BINARY, name=""x"")\n\n    # Each node must have exactly one color\n    model.addConstrs((x.sum(i, \'*\') == 1 for i in range(n)), name=""NodeColor"")\n\n    # No two connected nodes can have the same color\n    edges = [(1, 2), (1, 3), (2, 3), (2, 4), (3, 4)]\n    model.addConstrs((x[i-1, c] + x[j-1, c] <= 1 for (i, j) in edges for c in range(max_colors)), name=""EdgeColor"")\n\n    # Objective: minimize the number of colors used\n    # Introduce auxiliary variables to represent if a color is used\n    y = model.addVars(max_colors, vtype=GRB.BINARY, name=""y"")\n    model.addConstrs((x.sum(\'*\', c) <= n * y[c] for c in range(max_colors)), name=""ColorUsed"")\n\n    model.setObjective(y.sum(), GRB.MINIMIZE)\n\n    # Optimize/solve the model\n    model.optimize()\n\n    # Return the optimized model\n    return model\n```')"
in_house_4_5,textbook,standard,ilp_lp,16,2,123.56008668080904,SUBOPTIMAL,3,"[3, 1, 2, 1]","('Q: I have a network of 4 nodes, numbered 1 to 4, with various nodes being connected to other nodes. I want to color the nodes such that no two connected nodes have the same color.\n\nThe connections are as follows:\nNode 1 is connected to node 2.\nNode 1 is connected to node 3.\nNode 1 is connected to node 4.\n\nHow can I color the nodes using the fewest colors possible? Generate a comma-separated list of colors for each node, where the colors are represented by integers ranging from 1 to the number of colors used. The colors should be in the order of the vertices, so the first color will correspond to node 1, the second color will correspond to node 2, and so on.\n\nPlease express this as an Integer Linear Program (ILP) problem in the LP format.\nHere is an example of the LP file format:\n```\n\\ This is a comment\n\nMaximize\n  3 a + 2 b + c - 2 d\nSubject To\n  c0: a + b = 1\n  c1: b + c >= 0\n  c2: a + c < 4\nBounds\n  1 <= c <= 5\n  2 <= d\nBinaries \\ these are binary variables that can only be 0 or 1\n  a b\nGenerals \\ these are integer variables\n  c d\nEnd\n```\nNOTE: Keep in mind that all constraints must have only terms with variables on the left and only constant terms on the right (note that ""a <= b"" can be instead written as ""a - b <= 0"").\'', ""Your ILP problem was successfully solved. Here is the solution:\n\nObjective value: 1.0\nValue Assignments:\nC: 1.0\nx1_1: 0.0\nx1_2: 0.0\nx1_3: 1.0\nx1_4: 0.0\nx2_1: 1.0\nx2_2: 0.0\nx2_3: 0.0\nx2_4: 0.0\nx3_1: 0.0\nx3_2: 1.0\nx3_3: 0.0\nx3_4: 0.0\nx4_1: 1.0\nx4_2: 0.0\nx4_3: 0.0\nx4_4: 0.0\n\nTranslate this solution back to the original problem and provide it as originally specified.\nDo not add any more explanation once you've provided the solution."")","(""To solve the graph coloring problem using Integer Linear Programming (ILP), we need to assign colors to the nodes such that no two connected nodes have the same color. We aim to use the fewest colors possible. Here's how you can express this problem in the LP format:\n\n### Problem Setup\n\nWe have 4 nodes and the following connections:\n- Node 1 is connected to node 2.\n- Node 1 is connected to node 3.\n- Node 1 is connected to node 4.\n\nWe will use binary variables \\( x_{i,j} \\) where \\( i \\) is the node number and \\( j \\) is the color number. \\( x_{i,j} = 1 \\) if node \\( i \\) is colored with color \\( j \\), and 0 otherwise.\n\n### Objective\n\nMinimize the number of colors used. We introduce a variable \\( C \\) to represent the maximum color number used, and we want to minimize \\( C \\).\n\n### Constraints\n\n1. **Each node must have exactly one color:**\n   \\[\n   x_{1,1} + x_{1,2} + x_{1,3} + x_{1,4} = 1\n   \\]\n   \\[\n   x_{2,1} + x_{2,2} + x_{2,3} + x_{2,4} = 1\n   \\]\n   \\[\n   x_{3,1} + x_{3,2} + x_{3,3} + x_{3,4} = 1\n   \\]\n   \\[\n   x_{4,1} + x_{4,2} + x_{4,3} + x_{4,4} = 1\n   \\]\n\n2. **Connected nodes must have different colors:**\n   \\[\n   x_{1,j} + x_{2,j} \\leq 1 \\quad \\text{for } j = 1, 2, 3, 4\n   \\]\n   \\[\n   x_{1,j} + x_{3,j} \\leq 1 \\quad \\text{for } j = 1, 2, 3, 4\n   \\]\n   \\[\n   x_{1,j} + x_{4,j} \\leq 1 \\quad \\text{for } j = 1, 2, 3, 4\n   \\]\n\n3. **Define the maximum color used:**\n   \\[\n   x_{1,j} \\cdot j \\leq C \\quad \\text{for } j = 1, 2, 3, 4\n   \\]\n   \\[\n   x_{2,j} \\cdot j \\leq C \\quad \\text{for } j = 1, 2, 3, 4\n   \\]\n   \\[\n   x_{3,j} \\cdot j \\leq C \\quad \\text{for } j = 1, 2, 3, 4\n   \\]\n   \\[\n   x_{4,j} \\cdot j \\leq C \\quad \\text{for } j = 1, 2, 3, 4\n   \\]\n\n### LP File Format\n\n```plaintext\n\\ Graph Coloring ILP\n\nMinimize\n  C\nSubject To\n  c1: x1_1 + x1_2 + x1_3 + x1_4 = 1\n  c2: x2_1 + x2_2 + x2_3 + x2_4 = 1\n  c3: x3_1 + x3_2 + x3_3 + x3_4 = 1\n  c4: x4_1 + x4_2 + x4_3 + x4_4 = 1\n  c5: x1_1 + x2_1 <= 1\n  c6: x1_2 + x2_2 <= 1\n  c7: x1_3 + x2_3 <= 1\n  c8: x1_4 + x2_4 <= 1\n  c9: x1_1 + x3_1 <= 1\n  c10: x1_2 + x3_2 <= 1\n  c11: x1_3 + x3_3 <= 1\n  c12: x1_4 + x3_4 <= 1\n  c13: x1_1 + x4_1 <= 1\n  c14: x1_2 + x4_2 <= 1\n  c15: x1_3 + x4_3 <= 1\n  c16: x1_4 + x4_4 <= 1\n  c17: x1_1 <= C\n  c18: x1_2 <= C\n  c19: x1_3 <= C\n  c20: x1_4 <= C\n  c21: x2_1 <= C\n  c22: x2_2 <= C\n  c23: x2_3 <= C\n  c24: x2_4 <= C\n  c25: x3_1 <= C\n  c26: x3_2 <= C\n  c27: x3_3 <= C\n  c28: x3_4 <= C\n  c29: x4_1 <= C\n  c30: x4_2 <= C\n  c31: x4_3 <= C\n  c32: x4_4 <= C\nBounds\n  1 <= C <= 4\nBinaries\n  x1_1 x1_2 x1_3 x1_4\n  x2_1 x2_2 x2_3 x2_4\n  x3_1 x3_2 x3_3 x3_4\n  x4_1 x4_2 x4_3 x4_4\nEnd\n```\n\nThis ILP formulation will help you find the minimum number of colors needed to color the graph such that no two connected nodes share the same color."", '3, 1, 2, 1')"
in_house_4_5,textbook,standard,ilp_python,16,2,214.69595503993332,OPTIMAL,2,"[2, 1, 1, 1]","('Q: I have a network of 4 nodes, numbered 1 to 4, with various nodes being connected to other nodes. I want to color the nodes such that no two connected nodes have the same color.\n\nThe connections are as follows:\nNode 1 is connected to node 2.\nNode 1 is connected to node 3.\nNode 1 is connected to node 4.\n\nHow can I color the nodes using the fewest colors possible? Generate a comma-separated list of colors for each node, where the colors are represented by integers ranging from 1 to the number of colors used. The colors should be in the order of the vertices, so the first color will correspond to node 1, the second color will correspond to node 2, and so on.\n\nPlease express this as an Integer Linear Program (ILP) problem using Python with the gurobipy library.\nSpecifically, define a function named f that returns an optimized gurobipy.Model object which represents the problem.\nHere is an example of the format you should use for your answer:\n```\nfrom gurobipy import GRB, Model\n\ndef f():\n    # Create the model\n    model = Model(""Example"")\n\n    # Add variables\n    vars = model.addMVar((5), vtype=GRB.BINARY, name=""vars"")\n\n    # Add constraints\n    model.addConstrs(vars[i] + vars[i + 1] <= 1 for i in range(4))\n    model.addConstr(vars[0] + vars[4] <= 1)\n\n    # Set objective\n    model.setObjective(vars.sum(), GRB.MAXIMIZE)\n\n    # Optimize/solve the model\n    model.optimize()\n\n    # Return the optimized model\n    return model\n```\nMake sure you only use the gurobipy library for this problem. Do not import any other libraries.\n', ""Your code was executed successfully. Here are all the variables of the model and their optimal values:\n\nx[0,0] = 0.0\nx[0,1] = 0.0\nx[0,2] = 1.0\nx[0,3] = 0.0\nx[1,0] = 1.0\nx[1,1] = 0.0\nx[1,2] = 0.0\nx[1,3] = 0.0\nx[2,0] = 1.0\nx[2,1] = 0.0\nx[2,2] = 0.0\nx[2,3] = 0.0\nx[3,0] = 1.0\nx[3,1] = 0.0\nx[3,2] = 0.0\nx[3,3] = 0.0\ny[0] = 1.0\ny[1] = 0.0\ny[2] = 1.0\ny[3] = 0.0\n\nTranslate this solution back to the original problem and provide it as originally specified.\nDo not add any more explanation once you've provided the solution."")","('To solve the graph coloring problem using Integer Linear Programming (ILP) with the gurobipy library, we need to define variables and constraints that ensure no two connected nodes have the same color. Here\'s how you can set up the problem:\n\n```python\nfrom gurobipy import GRB, Model\n\ndef f():\n    # Create the model\n    model = Model(""GraphColoring"")\n\n    # Number of nodes\n    n = 4\n\n    # Maximum number of colors needed (at most n colors)\n    max_colors = n\n\n    # Add variables: x[i, c] = 1 if node i is colored with color c, 0 otherwise\n    x = model.addVars(n, max_colors, vtype=GRB.BINARY, name=""x"")\n\n    # Each node must be colored with exactly one color\n    model.addConstrs((x.sum(i, \'*\') == 1 for i in range(n)), name=""NodeColor"")\n\n    # No two connected nodes can have the same color\n    # Connections: (0, 1), (0, 2), (0, 3)\n    connections = [(0, 1), (0, 2), (0, 3)]\n    model.addConstrs((x[i, c] + x[j, c] <= 1 for i, j in connections for c in range(max_colors)), name=""EdgeColor"")\n\n    # Objective: Minimize the number of colors used\n    # Introduce auxiliary variables to track if a color is used\n    y = model.addVars(max_colors, vtype=GRB.BINARY, name=""y"")\n    model.addConstrs((x.sum(\'*\', c) <= n * y[c] for c in range(max_colors)), name=""ColorUsed"")\n\n    # Minimize the number of colors used\n    model.setObjective(y.sum(), GRB.MINIMIZE)\n\n    # Optimize/solve the model\n    model.optimize()\n\n    # Return the optimized model\n    return model\n```\n\n### Explanation:\n\n1. **Variables**:\n   - `x[i, c]`: Binary variable that is 1 if node `i` is colored with color `c`, and 0 otherwise.\n   - `y[c]`: Binary variable that is 1 if color `c` is used by any node, and 0 otherwise.\n\n2. **Constraints**:\n   - Each node must be colored with exactly one color: `x.sum(i, \'*\') == 1`.\n   - No two connected nodes can have the same color: `x[i, c] + x[j, c] <= 1` for each edge `(i, j)` and color `c`.\n   - A color `c` is considered used if any node is colored with it: `x.sum(\'*\', c) <= n * y[c]`.\n\n3. **Objective**:\n   - Minimize the sum of `y[c]`, which represents the total number of colors used.\n\nThis setup ensures that the graph is colored using the fewest number of colors while satisfying the constraints.', '2,1,1,1')"
in_house_4_6,textbook,standard,ilp_lp,26,3,123.88448357582092,ERRONEOUS,None,Solution has adjacent nodes with the same color. Nodes 2 and 4 are both colored 2.,"('Q: I have a network of 4 nodes, numbered 1 to 4, with various nodes being connected to other nodes. I want to color the nodes such that no two connected nodes have the same color.\n\nThe connections are as follows:\nNode 1 is connected to node 2.\nNode 1 is connected to node 3.\nNode 1 is connected to node 4.\nNode 2 is connected to node 4.\nNode 3 is connected to node 4.\n\nHow can I color the nodes using the fewest colors possible? Generate a comma-separated list of colors for each node, where the colors are represented by integers ranging from 1 to the number of colors used. The colors should be in the order of the vertices, so the first color will correspond to node 1, the second color will correspond to node 2, and so on.\n\nPlease express this as an Integer Linear Program (ILP) problem in the LP format.\nHere is an example of the LP file format:\n```\n\\ This is a comment\n\nMaximize\n  3 a + 2 b + c - 2 d\nSubject To\n  c0: a + b = 1\n  c1: b + c >= 0\n  c2: a + c < 4\nBounds\n  1 <= c <= 5\n  2 <= d\nBinaries \\ these are binary variables that can only be 0 or 1\n  a b\nGenerals \\ these are integer variables\n  c d\nEnd\n```\nNOTE: Keep in mind that all constraints must have only terms with variables on the left and only constant terms on the right (note that ""a <= b"" can be instead written as ""a - b <= 0"").\'', ""An error occurred while Gurobi was solving the ILP problem:\n\nUnable to read file\n\nInstead of fixing the ILP specification, please provide a final answer for the problem. Do not add any more explanation once you've provided the solution."")","(""To solve this problem using an Integer Linear Program (ILP), we need to assign colors to the nodes such that no two connected nodes have the same color. We aim to use the fewest colors possible. Here's how you can set up the ILP:\n\n### Variables\n- Let \\( x_{i,j} \\) be a binary variable that is 1 if node \\( i \\) is colored with color \\( j \\), and 0 otherwise.\n- Let \\( y_j \\) be a binary variable that is 1 if color \\( j \\) is used, and 0 otherwise.\n\n### Objective\nMinimize the number of colors used:\n\\[ \\text{Minimize} \\quad y_1 + y_2 + y_3 + y_4 \\]\n\n### Constraints\n1. Each node must have exactly one color:\n   \\[\n   \\begin{align*}\n   x_{1,1} + x_{1,2} + x_{1,3} + x_{1,4} &= 1 \\\\\n   x_{2,1} + x_{2,2} + x_{2,3} + x_{2,4} &= 1 \\\\\n   x_{3,1} + x_{3,2} + x_{3,3} + x_{3,4} &= 1 \\\\\n   x_{4,1} + x_{4,2} + x_{4,3} + x_{4,4} &= 1 \\\\\n   \\end{align*}\n   \\]\n\n2. No two connected nodes can have the same color:\n   \\[\n   \\begin{align*}\n   x_{1,j} + x_{2,j} &\\leq 1 \\quad \\text{for } j = 1, 2, 3, 4 \\\\\n   x_{1,j} + x_{3,j} &\\leq 1 \\quad \\text{for } j = 1, 2, 3, 4 \\\\\n   x_{1,j} + x_{4,j} &\\leq 1 \\quad \\text{for } j = 1, 2, 3, 4 \\\\\n   x_{2,j} + x_{4,j} &\\leq 1 \\quad \\text{for } j = 1, 2, 3, 4 \\\\\n   x_{3,j} + x_{4,j} &\\leq 1 \\quad \\text{for } j = 1, 2, 3, 4 \\\\\n   \\end{align*}\n   \\]\n\n3. A color \\( j \\) is used if any node is colored with \\( j \\):\n   \\[\n   \\begin{align*}\n   x_{1,j} + x_{2,j} + x_{3,j} + x_{4,j} &\\leq 4y_j \\quad \\text{for } j = 1, 2, 3, 4 \\\\\n   \\end{align*}\n   \\]\n\n### Bounds\n- \\( x_{i,j} \\) are binary variables (0 or 1).\n- \\( y_j \\) are binary variables (0 or 1).\n\n### LP File Format\n```plaintext\n\\ Coloring problem for a network of 4 nodes\n\nMinimize\n  y1 + y2 + y3 + y4\nSubject To\n  c1: x11 + x12 + x13 + x14 = 1\n  c2: x21 + x22 + x23 + x24 = 1\n  c3: x31 + x32 + x33 + x34 = 1\n  c4: x41 + x42 + x43 + x44 = 1\n  c5: x11 + x21 <= 1\n  c6: x12 + x22 <= 1\n  c7: x13 + x23 <= 1\n  c8: x14 + x24 <= 1\n  c9: x11 + x31 <= 1\n  c10: x12 + x32 <= 1\n  c11: x13 + x33 <= 1\n  c12: x14 + x34 <= 1\n  c13: x11 + x41 <= 1\n  c14: x12 + x42 <= 1\n  c15: x13 + x43 <= 1\n  c16: x14 + x44 <= 1\n  c17: x21 + x41 <= 1\n  c18: x22 + x42 <= 1\n  c19: x23 + x43 <= 1\n  c20: x24 + x44 <= 1\n  c21: x31 + x41 <= 1\n  c22: x32 + x42 <= 1\n  c23: x33 + x43 <= 1\n  c24: x34 + x44 <= 1\n  c25: x11 + x21 + x31 + x41 <= 4 y1\n  c26: x12 + x22 + x32 + x42 <= 4 y2\n  c27: x13 + x23 + x33 + x43 <= 4 y3\n  c28: x14 + x24 + x34 + x44 <= 4 y4\nBinaries\n  x11 x12 x13 x14\n  x21 x22 x23 x24\n  x31 x32 x33 x34\n  x41 x42 x43 x44\n  y1 y2 y3 y4\nEnd\n```\n\nThis ILP formulation will help you find the minimum number of colors needed to color the nodes such that no two connected nodes share the same color."", '1, 2, 3, 2')"
in_house_4_6,textbook,standard,ilp_python,26,3,154.87373551586643,OPTIMAL,3,"[2, 1, 1, 3]","('Q: I have a network of 4 nodes, numbered 1 to 4, with various nodes being connected to other nodes. I want to color the nodes such that no two connected nodes have the same color.\n\nThe connections are as follows:\nNode 1 is connected to node 2.\nNode 1 is connected to node 3.\nNode 1 is connected to node 4.\nNode 2 is connected to node 4.\nNode 3 is connected to node 4.\n\nHow can I color the nodes using the fewest colors possible? Generate a comma-separated list of colors for each node, where the colors are represented by integers ranging from 1 to the number of colors used. The colors should be in the order of the vertices, so the first color will correspond to node 1, the second color will correspond to node 2, and so on.\n\nPlease express this as an Integer Linear Program (ILP) problem using Python with the gurobipy library.\nSpecifically, define a function named f that returns an optimized gurobipy.Model object which represents the problem.\nHere is an example of the format you should use for your answer:\n```\nfrom gurobipy import GRB, Model\n\ndef f():\n    # Create the model\n    model = Model(""Example"")\n\n    # Add variables\n    vars = model.addMVar((5), vtype=GRB.BINARY, name=""vars"")\n\n    # Add constraints\n    model.addConstrs(vars[i] + vars[i + 1] <= 1 for i in range(4))\n    model.addConstr(vars[0] + vars[4] <= 1)\n\n    # Set objective\n    model.setObjective(vars.sum(), GRB.MAXIMIZE)\n\n    # Optimize/solve the model\n    model.optimize()\n\n    # Return the optimized model\n    return model\n```\nMake sure you only use the gurobipy library for this problem. Do not import any other libraries.\n', ""Your code was executed successfully. Here are all the variables of the model and their optimal values:\n\nx[0,0] = 0.0\nx[0,1] = 0.0\nx[0,2] = 1.0\nx[0,3] = 0.0\nx[1,0] = 0.0\nx[1,1] = 1.0\nx[1,2] = 0.0\nx[1,3] = 0.0\nx[2,0] = 0.0\nx[2,1] = 1.0\nx[2,2] = 0.0\nx[2,3] = 0.0\nx[3,0] = 0.0\nx[3,1] = 0.0\nx[3,2] = 0.0\nx[3,3] = 1.0\ny[0] = 0.0\ny[1] = 1.0\ny[2] = 1.0\ny[3] = 1.0\n\nTranslate this solution back to the original problem and provide it as originally specified.\nDo not add any more explanation once you've provided the solution."")","('To solve the graph coloring problem using the Gurobi library, we need to set up an Integer Linear Program (ILP) that assigns colors to nodes such that no two connected nodes share the same color. The goal is to minimize the number of colors used. Here\'s how you can define this problem using Gurobi in Python:\n\n```python\nfrom gurobipy import GRB, Model\n\ndef f():\n    # Create the model\n    model = Model(""GraphColoring"")\n\n    # Number of nodes\n    num_nodes = 4\n\n    # Maximum number of colors (in the worst case, each node could have a different color)\n    max_colors = num_nodes\n\n    # Add variables: x[i, c] = 1 if node i is colored with color c\n    x = model.addVars(num_nodes, max_colors, vtype=GRB.BINARY, name=""x"")\n\n    # Add variables: y[c] = 1 if color c is used\n    y = model.addVars(max_colors, vtype=GRB.BINARY, name=""y"")\n\n    # Each node must have exactly one color\n    model.addConstrs((x.sum(i, \'*\') == 1 for i in range(num_nodes)), name=""NodeColor"")\n\n    # If a node i is colored with color c, then color c is used\n    model.addConstrs((x[i, c] <= y[c] for i in range(num_nodes) for c in range(max_colors)), name=""ColorUsage"")\n\n    # Add constraints for connected nodes\n    # Node 1 is connected to nodes 2, 3, 4\n    model.addConstrs((x[0, c] + x[1, c] <= 1 for c in range(max_colors)), name=""Edge1-2"")\n    model.addConstrs((x[0, c] + x[2, c] <= 1 for c in range(max_colors)), name=""Edge1-3"")\n    model.addConstrs((x[0, c] + x[3, c] <= 1 for c in range(max_colors)), name=""Edge1-4"")\n    # Node 2 is connected to node 4\n    model.addConstrs((x[1, c] + x[3, c] <= 1 for c in range(max_colors)), name=""Edge2-4"")\n    # Node 3 is connected to node 4\n    model.addConstrs((x[2, c] + x[3, c] <= 1 for c in range(max_colors)), name=""Edge3-4"")\n\n    # Objective: Minimize the number of colors used\n    model.setObjective(y.sum(), GRB.MINIMIZE)\n\n    # Optimize/solve the model\n    model.optimize()\n\n    # Return the optimized model\n    return model\n```\n\nThis code sets up the ILP for the graph coloring problem. It uses binary variables `x[i, c]` to indicate whether node `i` is colored with color `c`, and `y[c]` to indicate whether color `c` is used. The constraints ensure that each node gets exactly one color, and no two connected nodes share the same color. The objective is to minimize the number of colors used.', '2, 1, 1, 3')"
in_house_4_7,textbook,standard,ilp_lp,11,2,153.5784061399754,ERRONEOUS,None,Solution has adjacent nodes with the same color. Nodes 1 and 3 are both colored 1.,"('Q: I have a network of 4 nodes, numbered 1 to 4, with various nodes being connected to other nodes. I want to color the nodes such that no two connected nodes have the same color.\n\nThe connections are as follows:\nNode 1 is connected to node 2.\nNode 1 is connected to node 3.\n\nHow can I color the nodes using the fewest colors possible? Generate a comma-separated list of colors for each node, where the colors are represented by integers ranging from 1 to the number of colors used. The colors should be in the order of the vertices, so the first color will correspond to node 1, the second color will correspond to node 2, and so on.\n\nPlease express this as an Integer Linear Program (ILP) problem in the LP format.\nHere is an example of the LP file format:\n```\n\\ This is a comment\n\nMaximize\n  3 a + 2 b + c - 2 d\nSubject To\n  c0: a + b = 1\n  c1: b + c >= 0\n  c2: a + c < 4\nBounds\n  1 <= c <= 5\n  2 <= d\nBinaries \\ these are binary variables that can only be 0 or 1\n  a b\nGenerals \\ these are integer variables\n  c d\nEnd\n```\nNOTE: Keep in mind that all constraints must have only terms with variables on the left and only constant terms on the right (note that ""a <= b"" can be instead written as ""a - b <= 0"").\'', ""An error occurred while Gurobi was solving the ILP problem:\n\nUnable to read file\n\nInstead of fixing the ILP specification, please provide a final answer for the problem. Do not add any more explanation once you've provided the solution."")","(""To solve the problem of coloring the nodes such that no two connected nodes have the same color, we can formulate it as an Integer Linear Program (ILP). The goal is to minimize the number of colors used while ensuring that adjacent nodes have different colors.\n\nLet's define the problem as follows:\n\n- We have 4 nodes, and we need to assign a color to each node.\n- Let \\( x_{i,j} \\) be a binary variable that is 1 if node \\( i \\) is colored with color \\( j \\), and 0 otherwise.\n- We need to minimize the number of colors used, which can be represented by the maximum color index used.\n\n### ILP Formulation\n\n**Variables:**\n- \\( x_{i,j} \\) for \\( i \\in \\{1, 2, 3, 4\\} \\) and \\( j \\in \\{1, 2, 3, 4\\} \\) (binary variables)\n- \\( y_j \\) for \\( j \\in \\{1, 2, 3, 4\\} \\) (binary variables indicating if color \\( j \\) is used)\n\n**Objective:**\nMinimize the number of colors used:\n\\[ \\text{Minimize } \\sum_{j=1}^{4} y_j \\]\n\n**Constraints:**\n1. Each node must be assigned exactly one color:\n   \\[\n   \\begin{align*}\n   x_{1,1} + x_{1,2} + x_{1,3} + x_{1,4} = 1 \\\\\n   x_{2,1} + x_{2,2} + x_{2,3} + x_{2,4} = 1 \\\\\n   x_{3,1} + x_{3,2} + x_{3,3} + x_{3,4} = 1 \\\\\n   x_{4,1} + x_{4,2} + x_{4,3} + x_{4,4} = 1\n   \\end{align*}\n   \\]\n\n2. Adjacent nodes must have different colors:\n   \\[\n   \\begin{align*}\n   x_{1,j} + x_{2,j} \\leq 1 & \\quad \\text{for } j = 1, 2, 3, 4 \\\\\n   x_{1,j} + x_{3,j} \\leq 1 & \\quad \\text{for } j = 1, 2, 3, 4\n   \\end{align*}\n   \\]\n\n3. If a color \\( j \\) is used for any node, then \\( y_j \\) must be 1:\n   \\[\n   \\begin{align*}\n   x_{1,j} + x_{2,j} + x_{3,j} + x_{4,j} \\leq 4y_j & \\quad \\text{for } j = 1, 2, 3, 4\n   \\end{align*}\n   \\]\n\n4. Binary constraints:\n   \\[\n   x_{i,j} \\in \\{0, 1\\} \\quad \\text{for all } i, j\n   \\]\n   \\[\n   y_j \\in \\{0, 1\\} \\quad \\text{for all } j\n   \\]\n\n### LP File Format\n\n```plaintext\n\\ Node coloring ILP\n\nMinimize\n  y1 + y2 + y3 + y4\nSubject To\n  c1: x11 + x12 + x13 + x14 = 1\n  c2: x21 + x22 + x23 + x24 = 1\n  c3: x31 + x32 + x33 + x34 = 1\n  c4: x41 + x42 + x43 + x44 = 1\n  c5: x11 + x21 <= 1\n  c6: x12 + x22 <= 1\n  c7: x13 + x23 <= 1\n  c8: x14 + x24 <= 1\n  c9: x11 + x31 <= 1\n  c10: x12 + x32 <= 1\n  c11: x13 + x33 <= 1\n  c12: x14 + x34 <= 1\n  c13: x11 + x21 + x31 + x41 <= 4 y1\n  c14: x12 + x22 + x32 + x42 <= 4 y2\n  c15: x13 + x23 + x33 + x43 <= 4 y3\n  c16: x14 + x24 + x34 + x44 <= 4 y4\nBinaries\n  x11 x12 x13 x14\n  x21 x22 x23 x24\n  x31 x32 x33 x34\n  x41 x42 x43 x44\n  y1 y2 y3 y4\nEnd\n```\n\nThis ILP formulation will help you find the minimum number of colors needed to color the nodes such that no two connected nodes share the same color."", '1, 2, 1, 1')"
in_house_4_7,textbook,standard,ilp_python,11,2,123.91552720800973,OPTIMAL,2,"[3, 2, 2, 2]","('Q: I have a network of 4 nodes, numbered 1 to 4, with various nodes being connected to other nodes. I want to color the nodes such that no two connected nodes have the same color.\n\nThe connections are as follows:\nNode 1 is connected to node 2.\nNode 1 is connected to node 3.\n\nHow can I color the nodes using the fewest colors possible? Generate a comma-separated list of colors for each node, where the colors are represented by integers ranging from 1 to the number of colors used. The colors should be in the order of the vertices, so the first color will correspond to node 1, the second color will correspond to node 2, and so on.\n\nPlease express this as an Integer Linear Program (ILP) problem using Python with the gurobipy library.\nSpecifically, define a function named f that returns an optimized gurobipy.Model object which represents the problem.\nHere is an example of the format you should use for your answer:\n```\nfrom gurobipy import GRB, Model\n\ndef f():\n    # Create the model\n    model = Model(""Example"")\n\n    # Add variables\n    vars = model.addMVar((5), vtype=GRB.BINARY, name=""vars"")\n\n    # Add constraints\n    model.addConstrs(vars[i] + vars[i + 1] <= 1 for i in range(4))\n    model.addConstr(vars[0] + vars[4] <= 1)\n\n    # Set objective\n    model.setObjective(vars.sum(), GRB.MAXIMIZE)\n\n    # Optimize/solve the model\n    model.optimize()\n\n    # Return the optimized model\n    return model\n```\nMake sure you only use the gurobipy library for this problem. Do not import any other libraries.\n', ""Your code was executed successfully. Here are all the variables of the model and their optimal values:\n\nx[0,0] = 0.0\nx[0,1] = -0.0\nx[0,2] = -0.0\nx[0,3] = 1.0\nx[1,0] = 0.0\nx[1,1] = 0.0\nx[1,2] = 1.0\nx[1,3] = -0.0\nx[2,0] = 0.0\nx[2,1] = 0.0\nx[2,2] = 1.0\nx[2,3] = 0.0\nx[3,0] = 0.0\nx[3,1] = -0.0\nx[3,2] = 1.0\nx[3,3] = -0.0\ny[0] = -0.0\ny[1] = -0.0\ny[2] = 1.0\ny[3] = 1.0\n\nTranslate this solution back to the original problem and provide it as originally specified.\nDo not add any more explanation once you've provided the solution."")","('```python\nfrom gurobipy import GRB, Model\n\ndef f():\n    # Create the model\n    model = Model(""GraphColoring"")\n\n    # Number of nodes\n    n = 4\n\n    # Maximum number of colors needed is n (in the worst case)\n    max_colors = n\n\n    # Add variables: x[i, c] is 1 if node i is colored with color c\n    x = model.addVars(n, max_colors, vtype=GRB.BINARY, name=""x"")\n\n    # Each node must have exactly one color\n    model.addConstrs((x.sum(i, \'*\') == 1 for i in range(n)), name=""NodeColor"")\n\n    # No two connected nodes can have the same color\n    # Node 1 is connected to node 2 and node 3\n    model.addConstrs((x[0, c] + x[1, c] <= 1 for c in range(max_colors)), name=""Edge1-2"")\n    model.addConstrs((x[0, c] + x[2, c] <= 1 for c in range(max_colors)), name=""Edge1-3"")\n\n    # Objective: minimize the number of colors used\n    # We introduce a new variable y[c] which is 1 if color c is used\n    y = model.addVars(max_colors, vtype=GRB.BINARY, name=""y"")\n\n    # Link y[c] with x[i, c]\n    model.addConstrs((x[i, c] <= y[c] for i in range(n) for c in range(max_colors)), name=""Link"")\n\n    # Minimize the number of colors used\n    model.setObjective(y.sum(), GRB.MINIMIZE)\n\n    # Optimize/solve the model\n    model.optimize()\n\n    # Return the optimized model\n    return model\n```\n\nThis code sets up an Integer Linear Program (ILP) using the `gurobipy` library to solve the graph coloring problem for a network of 4 nodes. The goal is to color the nodes such that no two connected nodes share the same color, using the fewest number of colors possible. The constraints ensure that each node is assigned exactly one color and that connected nodes do not share the same color. The objective function minimizes the total number of colors used.', '3,2,2,2')"
in_house_4_8,textbook,standard,ilp_lp,6,2,123.31842779391445,OPTIMAL,2,"[1, 2, 2, 1]","('Q: I have a network of 4 nodes, numbered 1 to 4, with various nodes being connected to other nodes. I want to color the nodes such that no two connected nodes have the same color.\n\nThe connections are as follows:\nNode 2 is connected to node 4.\n\nHow can I color the nodes using the fewest colors possible? Generate a comma-separated list of colors for each node, where the colors are represented by integers ranging from 1 to the number of colors used. The colors should be in the order of the vertices, so the first color will correspond to node 1, the second color will correspond to node 2, and so on.\n\nPlease express this as an Integer Linear Program (ILP) problem in the LP format.\nHere is an example of the LP file format:\n```\n\\ This is a comment\n\nMaximize\n  3 a + 2 b + c - 2 d\nSubject To\n  c0: a + b = 1\n  c1: b + c >= 0\n  c2: a + c < 4\nBounds\n  1 <= c <= 5\n  2 <= d\nBinaries \\ these are binary variables that can only be 0 or 1\n  a b\nGenerals \\ these are integer variables\n  c d\nEnd\n```\nNOTE: Keep in mind that all constraints must have only terms with variables on the left and only constant terms on the right (note that ""a <= b"" can be instead written as ""a - b <= 0"").\'', ""Your ILP problem was successfully solved. Here is the solution:\n\nObjective value: 2.0\nValue Assignments:\nz: 2.0\nx_1_1: 1.0\nx_1_2: 0.0\nx_2_1: 0.0\nx_2_2: 1.0\nx_3_1: 0.0\nx_3_2: 1.0\nx_4_1: 1.0\nx_4_2: 0.0\n\nTranslate this solution back to the original problem and provide it as originally specified.\nDo not add any more explanation once you've provided the solution."")","(""To solve the graph coloring problem using Integer Linear Programming (ILP), we need to assign colors to the nodes such that no two connected nodes share the same color. In this case, we have 4 nodes and only one connection between node 2 and node 4. We aim to use the fewest colors possible.\n\nLet's define the ILP formulation:\n\n1. **Variables**: We will use binary variables to indicate whether a node is assigned a particular color. Let \\( x_{i,j} \\) be a binary variable that is 1 if node \\( i \\) is assigned color \\( j \\), and 0 otherwise. We will use up to 2 colors, as this is the minimum required for the given connection.\n\n2. **Objective**: Minimize the number of colors used. This can be represented by minimizing the maximum color index used.\n\n3. **Constraints**:\n   - Each node must be assigned exactly one color.\n   - Connected nodes must not share the same color.\n\nHere is the ILP formulation in LP format:\n\n```\n\\ Graph coloring ILP for 4 nodes with a connection between node 2 and node 4\n\nMinimize\n  z\n\nSubject To\n  \\ Each node must be assigned exactly one color\n  c1: x_1_1 + x_1_2 = 1\n  c2: x_2_1 + x_2_2 = 1\n  c3: x_3_1 + x_3_2 = 1\n  c4: x_4_1 + x_4_2 = 1\n\n  \\ Connected nodes must not share the same color\n  c5: x_2_1 + x_4_1 <= 1\n  c6: x_2_2 + x_4_2 <= 1\n\n  \\ Ensure z is at least as large as any color used\n  c7: x_1_1 + x_2_1 + x_3_1 + x_4_1 <= z\n  c8: x_1_2 + x_2_2 + x_3_2 + x_4_2 <= z\n\nBounds\n  0 <= x_1_1 <= 1\n  0 <= x_1_2 <= 1\n  0 <= x_2_1 <= 1\n  0 <= x_2_2 <= 1\n  0 <= x_3_1 <= 1\n  0 <= x_3_2 <= 1\n  0 <= x_4_1 <= 1\n  0 <= x_4_2 <= 1\n  1 <= z\n\nBinaries\n  x_1_1 x_1_2\n  x_2_1 x_2_2\n  x_3_1 x_3_2\n  x_4_1 x_4_2\n\nEnd\n```\n\nIn this formulation:\n- \\( x_{i,j} \\) are binary variables indicating if node \\( i \\) is colored with color \\( j \\).\n- \\( z \\) is an integer variable representing the maximum color index used.\n- Constraints ensure each node gets exactly one color and connected nodes (node 2 and node 4) do not share the same color.\n- The objective is to minimize \\( z \\), effectively minimizing the number of colors used."", '1, 2, 2, 1')"
in_house_4_8,textbook,standard,ilp_python,6,2,124.11974380887114,OPTIMAL,2,"[3, 3, 3, 1]","('Q: I have a network of 4 nodes, numbered 1 to 4, with various nodes being connected to other nodes. I want to color the nodes such that no two connected nodes have the same color.\n\nThe connections are as follows:\nNode 2 is connected to node 4.\n\nHow can I color the nodes using the fewest colors possible? Generate a comma-separated list of colors for each node, where the colors are represented by integers ranging from 1 to the number of colors used. The colors should be in the order of the vertices, so the first color will correspond to node 1, the second color will correspond to node 2, and so on.\n\nPlease express this as an Integer Linear Program (ILP) problem using Python with the gurobipy library.\nSpecifically, define a function named f that returns an optimized gurobipy.Model object which represents the problem.\nHere is an example of the format you should use for your answer:\n```\nfrom gurobipy import GRB, Model\n\ndef f():\n    # Create the model\n    model = Model(""Example"")\n\n    # Add variables\n    vars = model.addMVar((5), vtype=GRB.BINARY, name=""vars"")\n\n    # Add constraints\n    model.addConstrs(vars[i] + vars[i + 1] <= 1 for i in range(4))\n    model.addConstr(vars[0] + vars[4] <= 1)\n\n    # Set objective\n    model.setObjective(vars.sum(), GRB.MAXIMIZE)\n\n    # Optimize/solve the model\n    model.optimize()\n\n    # Return the optimized model\n    return model\n```\nMake sure you only use the gurobipy library for this problem. Do not import any other libraries.\n', ""Your code was executed successfully. Here are all the variables of the model and their optimal values:\n\nx[0,0] = 0.0\nx[0,1] = 0.0\nx[0,2] = 1.0\nx[0,3] = 0.0\nx[1,0] = 0.0\nx[1,1] = 0.0\nx[1,2] = 1.0\nx[1,3] = 0.0\nx[2,0] = 0.0\nx[2,1] = 0.0\nx[2,2] = 1.0\nx[2,3] = 0.0\nx[3,0] = 1.0\nx[3,1] = 0.0\nx[3,2] = 0.0\nx[3,3] = 0.0\ny[0] = 1.0\ny[1] = 0.0\ny[2] = 1.0\ny[3] = 0.0\n\nTranslate this solution back to the original problem and provide it as originally specified.\nDo not add any more explanation once you've provided the solution."")","('```python\nfrom gurobipy import GRB, Model\n\ndef f():\n    # Create the model\n    model = Model(""NodeColoring"")\n\n    # Number of nodes\n    num_nodes = 4\n\n    # Maximum number of colors needed is equal to the number of nodes\n    max_colors = num_nodes\n\n    # Add variables: x[i, c] = 1 if node i is colored with color c\n    x = model.addVars(num_nodes, max_colors, vtype=GRB.BINARY, name=""x"")\n\n    # Each node must have exactly one color\n    model.addConstrs((x.sum(i, \'*\') == 1 for i in range(num_nodes)), name=""NodeColor"")\n\n    # No two connected nodes can have the same color\n    # Node 2 is connected to node 4\n    model.addConstrs((x[1, c] + x[3, c] <= 1 for c in range(max_colors)), name=""EdgeConstraint"")\n\n    # Minimize the number of colors used\n    # Introduce auxiliary variables to represent if a color is used\n    y = model.addVars(max_colors, vtype=GRB.BINARY, name=""y"")\n\n    # If any node uses color c, then y[c] should be 1\n    model.addConstrs((x.sum(\'*\', c) <= num_nodes * y[c] for c in range(max_colors)), name=""ColorUsed"")\n\n    # Objective: Minimize the number of colors used\n    model.setObjective(y.sum(), GRB.MINIMIZE)\n\n    # Optimize/solve the model\n    model.optimize()\n\n    # Return the optimized model\n    return model\n```\n\nThis code sets up an Integer Linear Program (ILP) using the `gurobipy` library to solve the node coloring problem. The model ensures that each node is assigned exactly one color and that no two connected nodes share the same color. The objective is to minimize the number of colors used. The constraints and variables are defined to reflect these requirements, and the model is optimized to find the solution.', '3, 3, 3, 1')"
in_house_4_9,textbook,standard,ilp_lp,26,3,244.65790388802998,ERRONEOUS,None,Solution has adjacent nodes with the same color. Nodes 1 and 2 are both colored 2.,"('Q: I have a network of 4 nodes, numbered 1 to 4, with various nodes being connected to other nodes. I want to color the nodes such that no two connected nodes have the same color.\n\nThe connections are as follows:\nNode 1 is connected to node 2.\nNode 1 is connected to node 3.\nNode 2 is connected to node 3.\nNode 2 is connected to node 4.\nNode 3 is connected to node 4.\n\nHow can I color the nodes using the fewest colors possible? Generate a comma-separated list of colors for each node, where the colors are represented by integers ranging from 1 to the number of colors used. The colors should be in the order of the vertices, so the first color will correspond to node 1, the second color will correspond to node 2, and so on.\n\nPlease express this as an Integer Linear Program (ILP) problem in the LP format.\nHere is an example of the LP file format:\n```\n\\ This is a comment\n\nMaximize\n  3 a + 2 b + c - 2 d\nSubject To\n  c0: a + b = 1\n  c1: b + c >= 0\n  c2: a + c < 4\nBounds\n  1 <= c <= 5\n  2 <= d\nBinaries \\ these are binary variables that can only be 0 or 1\n  a b\nGenerals \\ these are integer variables\n  c d\nEnd\n```\nNOTE: Keep in mind that all constraints must have only terms with variables on the left and only constant terms on the right (note that ""a <= b"" can be instead written as ""a - b <= 0"").\'', ""Your ILP problem was successfully solved. Here is the solution:\n\nObjective value: 1.0\nValue Assignments:\ny1: 0.0\ny2: 1.0\ny3: 0.0\nx11: 0.0\nx12: 1.0\nx13: 0.0\nx21: 0.0\nx22: 1.0\nx23: 0.0\nx31: 0.0\nx32: 1.0\nx33: 0.0\nx41: 0.0\nx42: 1.0\nx43: 0.0\n\nTranslate this solution back to the original problem and provide it as originally specified.\nDo not add any more explanation once you've provided the solution."")","(""To solve this problem using an Integer Linear Program (ILP), we need to assign colors to the nodes such that no two connected nodes have the same color. We will use binary variables to represent whether a node is assigned a particular color. The goal is to minimize the number of colors used.\n\nLet's define the variables:\n- \\( x_{i,j} \\) is a binary variable that is 1 if node \\( i \\) is colored with color \\( j \\), and 0 otherwise.\n- \\( y_j \\) is a binary variable that is 1 if color \\( j \\) is used, and 0 otherwise.\n\nWe will use 3 colors (1, 2, and 3) because the graph is a cycle of 4 nodes, which requires at most 3 colors.\n\nThe ILP formulation is as follows:\n\n```\n\\ Minimize the number of colors used\n\nMinimize\n  y1 + y2 + y3\n\nSubject To\n  \\ Each node must be assigned exactly one color\n  c1: x11 + x12 + x13 = 1\n  c2: x21 + x22 + x23 = 1\n  c3: x31 + x32 + x33 = 1\n  c4: x41 + x42 + x43 = 1\n\n  \\ No two connected nodes can have the same color\n  c5: x11 + x21 <= 1\n  c6: x11 + x31 <= 1\n  c7: x21 + x31 <= 1\n  c8: x21 + x41 <= 1\n  c9: x31 + x41 <= 1\n\n  \\ If a node is colored with color j, then color j is used\n  c10: x11 <= y1\n  c11: x12 <= y2\n  c12: x13 <= y3\n  c13: x21 <= y1\n  c14: x22 <= y2\n  c15: x23 <= y3\n  c16: x31 <= y1\n  c17: x32 <= y2\n  c18: x33 <= y3\n  c19: x41 <= y1\n  c20: x42 <= y2\n  c21: x43 <= y3\n\nBinaries\n  x11 x12 x13\n  x21 x22 x23\n  x31 x32 x33\n  x41 x42 x43\n  y1 y2 y3\n\nEnd\n```\n\nThis ILP formulation ensures that each node is assigned exactly one color, no two connected nodes share the same color, and the number of colors used is minimized. The constraints \\( c5 \\) to \\( c9 \\) ensure that connected nodes do not share the same color, and constraints \\( c10 \\) to \\( c21 \\) ensure that if a node is assigned a color, that color is marked as used."", '2, 2, 2, 2')"
in_house_4_9,textbook,standard,ilp_python,26,3,183.3852826950606,OPTIMAL,3,"[3, 1, 2, 3]","('Q: I have a network of 4 nodes, numbered 1 to 4, with various nodes being connected to other nodes. I want to color the nodes such that no two connected nodes have the same color.\n\nThe connections are as follows:\nNode 1 is connected to node 2.\nNode 1 is connected to node 3.\nNode 2 is connected to node 3.\nNode 2 is connected to node 4.\nNode 3 is connected to node 4.\n\nHow can I color the nodes using the fewest colors possible? Generate a comma-separated list of colors for each node, where the colors are represented by integers ranging from 1 to the number of colors used. The colors should be in the order of the vertices, so the first color will correspond to node 1, the second color will correspond to node 2, and so on.\n\nPlease express this as an Integer Linear Program (ILP) problem using Python with the gurobipy library.\nSpecifically, define a function named f that returns an optimized gurobipy.Model object which represents the problem.\nHere is an example of the format you should use for your answer:\n```\nfrom gurobipy import GRB, Model\n\ndef f():\n    # Create the model\n    model = Model(""Example"")\n\n    # Add variables\n    vars = model.addMVar((5), vtype=GRB.BINARY, name=""vars"")\n\n    # Add constraints\n    model.addConstrs(vars[i] + vars[i + 1] <= 1 for i in range(4))\n    model.addConstr(vars[0] + vars[4] <= 1)\n\n    # Set objective\n    model.setObjective(vars.sum(), GRB.MAXIMIZE)\n\n    # Optimize/solve the model\n    model.optimize()\n\n    # Return the optimized model\n    return model\n```\nMake sure you only use the gurobipy library for this problem. Do not import any other libraries.\n', ""Your code was executed successfully. Here are all the variables of the model and their optimal values:\n\nx[0,0] = -0.0\nx[0,1] = -0.0\nx[0,2] = 0.0\nx[0,3] = 1.0\nx[1,0] = 1.0\nx[1,1] = 0.0\nx[1,2] = -0.0\nx[1,3] = -0.0\nx[2,0] = -0.0\nx[2,1] = -0.0\nx[2,2] = 1.0\nx[2,3] = 0.0\nx[3,0] = 0.0\nx[3,1] = 0.0\nx[3,2] = -0.0\nx[3,3] = 1.0\ny[0] = 1.0\ny[1] = 0.0\ny[2] = 1.0\ny[3] = 1.0\n\nTranslate this solution back to the original problem and provide it as originally specified.\nDo not add any more explanation once you've provided the solution."")","('```python\nfrom gurobipy import GRB, Model\n\ndef f():\n    # Create the model\n    model = Model(""GraphColoring"")\n\n    # Number of nodes\n    n = 4\n\n    # Maximum number of colors needed is n (in the worst case)\n    max_colors = n\n\n    # Add variables: x[i, c] = 1 if node i is colored with color c\n    x = model.addVars(n, max_colors, vtype=GRB.BINARY, name=""x"")\n\n    # Each node must have exactly one color\n    model.addConstrs((x.sum(i, \'*\') == 1 for i in range(n)), name=""NodeColor"")\n\n    # No two adjacent nodes can have the same color\n    edges = [(0, 1), (0, 2), (1, 2), (1, 3), (2, 3)]\n    model.addConstrs((x[i, c] + x[j, c] <= 1 for i, j in edges for c in range(max_colors)), name=""EdgeColor"")\n\n    # Objective: minimize the number of colors used\n    # Introduce auxiliary variables to represent if a color is used\n    y = model.addVars(max_colors, vtype=GRB.BINARY, name=""y"")\n    model.addConstrs((x.sum(\'*\', c) <= n * y[c] for c in range(max_colors)), name=""ColorUsed"")\n\n    model.setObjective(y.sum(), GRB.MINIMIZE)\n\n    # Optimize/solve the model\n    model.optimize()\n\n    # Return the optimized model\n    return model\n```\n\nThis code sets up an Integer Linear Program (ILP) to solve the graph coloring problem using the `gurobipy` library. The model is designed to minimize the number of colors used while ensuring that no two connected nodes share the same color. The constraints ensure that each node is assigned exactly one color and that adjacent nodes do not share the same color. The objective function minimizes the total number of colors used.', '3, 1, 2, 3')"
in_house_5_0,textbook,standard,ilp_lp,31,3,428.19781239214353,OPTIMAL,3,"[1, 2, 1, 3, 2]","('Q: I have a network of 5 nodes, numbered 1 to 5, with various nodes being connected to other nodes. I want to color the nodes such that no two connected nodes have the same color.\n\nThe connections are as follows:\nNode 1 is connected to node 2.\nNode 1 is connected to node 4.\nNode 2 is connected to node 3.\nNode 2 is connected to node 4.\nNode 3 is connected to node 5.\nNode 4 is connected to node 5.\n\nHow can I color the nodes using the fewest colors possible? Generate a comma-separated list of colors for each node, where the colors are represented by integers ranging from 1 to the number of colors used. The colors should be in the order of the vertices, so the first color will correspond to node 1, the second color will correspond to node 2, and so on.\n\nPlease express this as an Integer Linear Program (ILP) problem in the LP format.\nHere is an example of the LP file format:\n```\n\\ This is a comment\n\nMaximize\n  3 a + 2 b + c - 2 d\nSubject To\n  c0: a + b = 1\n  c1: b + c >= 0\n  c2: a + c < 4\nBounds\n  1 <= c <= 5\n  2 <= d\nBinaries \\ these are binary variables that can only be 0 or 1\n  a b\nGenerals \\ these are integer variables\n  c d\nEnd\n```\nNOTE: Keep in mind that all constraints must have only terms with variables on the left and only constant terms on the right (note that ""a <= b"" can be instead written as ""a - b <= 0"").\'', ""An error occurred while Gurobi was solving the ILP problem:\n\nUnable to read file\n\nInstead of fixing the ILP specification, please provide a final answer for the problem. Do not add any more explanation once you've provided the solution."")","(""To solve the graph coloring problem using Integer Linear Programming (ILP), we need to assign colors to nodes such that no two adjacent nodes share the same color. We will use binary variables to represent whether a node is assigned a particular color. The goal is to minimize the number of colors used.\n\nLet's define the problem:\n\n- Let \\( x_{i,j} \\) be a binary variable that is 1 if node \\( i \\) is colored with color \\( j \\), and 0 otherwise.\n- We need to ensure that each node is assigned exactly one color.\n- Adjacent nodes must not share the same color.\n- Minimize the number of colors used.\n\nGiven the graph structure, we can use at most 3 colors (since the graph is not a complete graph and has a maximum degree of 3).\n\nHere is the ILP formulation in LP format:\n\n```\n\\ Graph Coloring ILP\n\nMinimize\n  c1 + c2 + c3\n\nSubject To\n  \\ Each node must have exactly one color\n  n1: x11 + x12 + x13 = 1\n  n2: x21 + x22 + x23 = 1\n  n3: x31 + x32 + x33 = 1\n  n4: x41 + x42 + x43 = 1\n  n5: x51 + x52 + x53 = 1\n\n  \\ Adjacent nodes must not share the same color\n  e12: x11 + x21 <= 1\n  e14: x11 + x41 <= 1\n  e23: x21 + x31 <= 1\n  e24: x21 + x41 <= 1\n  e35: x31 + x51 <= 1\n  e45: x41 + x51 <= 1\n\n  \\ Define color usage\n  c1_def: x11 + x21 + x31 + x41 + x51 <= 5 * c1\n  c2_def: x12 + x22 + x32 + x42 + x52 <= 5 * c2\n  c3_def: x13 + x23 + x33 + x43 + x53 <= 5 * c3\n\nBounds\n  0 <= c1 <= 1\n  0 <= c2 <= 1\n  0 <= c3 <= 1\n\nBinaries\n  x11 x12 x13\n  x21 x22 x23\n  x31 x32 x33\n  x41 x42 x43\n  x51 x52 x53\n  c1 c2 c3\n\nEnd\n```\n\nExplanation:\n- The objective is to minimize the sum of \\( c1, c2, \\) and \\( c3 \\), which represent whether each color is used.\n- Each node \\( i \\) must be assigned exactly one color, represented by constraints \\( n1 \\) to \\( n5 \\).\n- Constraints \\( e12 \\) to \\( e45 \\) ensure that adjacent nodes do not share the same color.\n- Constraints \\( c1\\_def \\), \\( c2\\_def \\), and \\( c3\\_def \\) link the color usage variables \\( c1, c2, \\) and \\( c3 \\) to the assignment of colors to nodes. If any node uses a color, the corresponding \\( c \\) variable must be 1."", '1, 2, 1, 3, 2')"
in_house_5_0,textbook,standard,ilp_python,31,3,154.6656917030923,INCOMPATIBLE,None,Solution uses a bad set of colors (non-integers or integers outside the expected range).,"('Q: I have a network of 5 nodes, numbered 1 to 5, with various nodes being connected to other nodes. I want to color the nodes such that no two connected nodes have the same color.\n\nThe connections are as follows:\nNode 1 is connected to node 2.\nNode 1 is connected to node 4.\nNode 2 is connected to node 3.\nNode 2 is connected to node 4.\nNode 3 is connected to node 5.\nNode 4 is connected to node 5.\n\nHow can I color the nodes using the fewest colors possible? Generate a comma-separated list of colors for each node, where the colors are represented by integers ranging from 1 to the number of colors used. The colors should be in the order of the vertices, so the first color will correspond to node 1, the second color will correspond to node 2, and so on.\n\nPlease express this as an Integer Linear Program (ILP) problem using Python with the gurobipy library.\nSpecifically, define a function named f that returns an optimized gurobipy.Model object which represents the problem.\nHere is an example of the format you should use for your answer:\n```\nfrom gurobipy import GRB, Model\n\ndef f():\n    # Create the model\n    model = Model(""Example"")\n\n    # Add variables\n    vars = model.addMVar((5), vtype=GRB.BINARY, name=""vars"")\n\n    # Add constraints\n    model.addConstrs(vars[i] + vars[i + 1] <= 1 for i in range(4))\n    model.addConstr(vars[0] + vars[4] <= 1)\n\n    # Set objective\n    model.setObjective(vars.sum(), GRB.MAXIMIZE)\n\n    # Optimize/solve the model\n    model.optimize()\n\n    # Return the optimized model\n    return model\n```\nMake sure you only use the gurobipy library for this problem. Do not import any other libraries.\n', ""Your code was executed successfully. Here are all the variables of the model and their optimal values:\n\nx[0,0] = -0.0\nx[0,1] = 0.0\nx[0,2] = -0.0\nx[0,3] = -0.0\nx[0,4] = 1.0\nx[1,0] = 1.0\nx[1,1] = -0.0\nx[1,2] = -0.0\nx[1,3] = -0.0\nx[1,4] = 0.0\nx[2,0] = 0.0\nx[2,1] = -0.0\nx[2,2] = 0.0\nx[2,3] = 1.0\nx[2,4] = -0.0\nx[3,0] = 0.0\nx[3,1] = -0.0\nx[3,2] = 0.0\nx[3,3] = 1.0\nx[3,4] = -0.0\nx[4,0] = 1.0\nx[4,1] = -0.0\nx[4,2] = -0.0\nx[4,3] = -0.0\nx[4,4] = -0.0\ny[0] = 1.0\ny[1] = -0.0\ny[2] = -0.0\ny[3] = 1.0\ny[4] = 1.0\n\nTranslate this solution back to the original problem and provide it as originally specified.\nDo not add any more explanation once you've provided the solution."")","('To solve the graph coloring problem using the fewest colors possible, we can formulate it as an Integer Linear Programming (ILP) problem. We\'ll use the `gurobipy` library to define and solve this problem. The goal is to assign colors to the nodes such that no two adjacent nodes share the same color, using the minimum number of colors.\n\nHere\'s how you can define the problem using `gurobipy`:\n\n```python\nfrom gurobipy import GRB, Model\n\ndef f():\n    # Create the model\n    model = Model(""GraphColoring"")\n\n    # Number of nodes\n    n = 5\n\n    # Maximum number of colors (at most n colors needed)\n    max_colors = n\n\n    # Add variables: x[i, c] = 1 if node i is colored with color c\n    x = model.addVars(n, max_colors, vtype=GRB.BINARY, name=""x"")\n\n    # Add variables: y[c] = 1 if color c is used\n    y = model.addVars(max_colors, vtype=GRB.BINARY, name=""y"")\n\n    # Each node must be assigned exactly one color\n    model.addConstrs((x.sum(i, \'*\') == 1 for i in range(n)), name=""NodeColor"")\n\n    # If a node i is colored with color c, then color c is used\n    model.addConstrs((x[i, c] <= y[c] for i in range(n) for c in range(max_colors)), name=""ColorUsage"")\n\n    # Adjacent nodes must not share the same color\n    edges = [(0, 1), (0, 3), (1, 2), (1, 3), (2, 4), (3, 4)]\n    model.addConstrs((x[i, c] + x[j, c] <= 1 for i, j in edges for c in range(max_colors)), name=""AdjacentNodes"")\n\n    # Objective: Minimize the number of colors used\n    model.setObjective(y.sum(), GRB.MINIMIZE)\n\n    # Optimize/solve the model\n    model.optimize()\n\n    # Return the optimized model\n    return model\n```\n\n### Explanation:\n- **Variables**:\n  - `x[i, c]`: Binary variable indicating whether node `i` is colored with color `c`.\n  - `y[c]`: Binary variable indicating whether color `c` is used.\n\n- **Constraints**:\n  - Each node must be assigned exactly one color.\n  - If a node is colored with a color, that color is marked as used.\n  - Adjacent nodes must not share the same color.\n\n- **Objective**:\n  - Minimize the total number of colors used.\n\nThis ILP formulation ensures that the graph is colored with the minimum number of colors while satisfying the constraints that no two adjacent nodes share the same color.', '1, 0, 3, 3, 1')"
in_house_5_1,textbook,standard,ilp_lp,26,3,153.91069444501773,SUBOPTIMAL,5,"[1, 4, 5, 3, 2]","('Q: I have a network of 5 nodes, numbered 1 to 5, with various nodes being connected to other nodes. I want to color the nodes such that no two connected nodes have the same color.\n\nThe connections are as follows:\nNode 1 is connected to node 2.\nNode 1 is connected to node 3.\nNode 1 is connected to node 4.\nNode 1 is connected to node 5.\nNode 2 is connected to node 3.\n\nHow can I color the nodes using the fewest colors possible? Generate a comma-separated list of colors for each node, where the colors are represented by integers ranging from 1 to the number of colors used. The colors should be in the order of the vertices, so the first color will correspond to node 1, the second color will correspond to node 2, and so on.\n\nPlease express this as an Integer Linear Program (ILP) problem in the LP format.\nHere is an example of the LP file format:\n```\n\\ This is a comment\n\nMaximize\n  3 a + 2 b + c - 2 d\nSubject To\n  c0: a + b = 1\n  c1: b + c >= 0\n  c2: a + c < 4\nBounds\n  1 <= c <= 5\n  2 <= d\nBinaries \\ these are binary variables that can only be 0 or 1\n  a b\nGenerals \\ these are integer variables\n  c d\nEnd\n```\nNOTE: Keep in mind that all constraints must have only terms with variables on the left and only constant terms on the right (note that ""a <= b"" can be instead written as ""a - b <= 0"").\'', ""Your ILP problem was successfully solved. Here is the solution:\n\nObjective value: 1.0\nValue Assignments:\nk: 1.0\nx1_1: 1.0\nx1_2: 0.0\nx1_3: 0.0\nx1_4: 0.0\nx1_5: 0.0\nx2_1: 0.0\nx2_2: 0.0\nx2_3: 0.0\nx2_4: 1.0\nx2_5: 0.0\nx3_1: 0.0\nx3_2: 0.0\nx3_3: 0.0\nx3_4: 0.0\nx3_5: 1.0\nx4_1: 0.0\nx4_2: 0.0\nx4_3: 1.0\nx4_4: 0.0\nx4_5: 0.0\nx5_1: 0.0\nx5_2: 1.0\nx5_3: 0.0\nx5_4: 0.0\nx5_5: 0.0\n\nTranslate this solution back to the original problem and provide it as originally specified.\nDo not add any more explanation once you've provided the solution."")","(""To solve the graph coloring problem using Integer Linear Programming (ILP), we need to assign colors to nodes such that no two adjacent nodes share the same color. The goal is to minimize the number of colors used. Here's how you can express this problem in the LP format:\n\n### Variables\n- Let \\( x_{i,j} \\) be a binary variable that is 1 if node \\( i \\) is colored with color \\( j \\), and 0 otherwise.\n- We need to minimize the number of colors used, so we introduce a variable \\( k \\) which represents the maximum color index used.\n\n### Objective\nMinimize \\( k \\).\n\n### Constraints\n1. **Each node must have exactly one color:**\n   \\[\n   \\sum_{j=1}^{5} x_{i,j} = 1 \\quad \\text{for each node } i = 1, 2, 3, 4, 5\n   \\]\n\n2. **Adjacent nodes must have different colors:**\n   \\[\n   x_{1,j} + x_{2,j} \\leq 1 \\quad \\text{for each color } j\n   \\]\n   \\[\n   x_{1,j} + x_{3,j} \\leq 1 \\quad \\text{for each color } j\n   \\]\n   \\[\n   x_{1,j} + x_{4,j} \\leq 1 \\quad \\text{for each color } j\n   \\]\n   \\[\n   x_{1,j} + x_{5,j} \\leq 1 \\quad \\text{for each color } j\n   \\]\n   \\[\n   x_{2,j} + x_{3,j} \\leq 1 \\quad \\text{for each color } j\n   \\]\n\n3. **Ensure that \\( k \\) is at least as large as any color used:**\n   \\[\n   x_{i,j} \\leq k \\quad \\text{for each node } i \\text{ and color } j\n   \\]\n\n### LP File Format\n```plaintext\n\\ Graph Coloring ILP\n\nMinimize\n  k\n\nSubject To\n  \\ Each node must have exactly one color\n  c1: x1_1 + x1_2 + x1_3 + x1_4 + x1_5 = 1\n  c2: x2_1 + x2_2 + x2_3 + x2_4 + x2_5 = 1\n  c3: x3_1 + x3_2 + x3_3 + x3_4 + x3_5 = 1\n  c4: x4_1 + x4_2 + x4_3 + x4_4 + x4_5 = 1\n  c5: x5_1 + x5_2 + x5_3 + x5_4 + x5_5 = 1\n\n  \\ Adjacent nodes must have different colors\n  c6: x1_1 + x2_1 <= 1\n  c7: x1_2 + x2_2 <= 1\n  c8: x1_3 + x2_3 <= 1\n  c9: x1_4 + x2_4 <= 1\n  c10: x1_5 + x2_5 <= 1\n\n  c11: x1_1 + x3_1 <= 1\n  c12: x1_2 + x3_2 <= 1\n  c13: x1_3 + x3_3 <= 1\n  c14: x1_4 + x3_4 <= 1\n  c15: x1_5 + x3_5 <= 1\n\n  c16: x1_1 + x4_1 <= 1\n  c17: x1_2 + x4_2 <= 1\n  c18: x1_3 + x4_3 <= 1\n  c19: x1_4 + x4_4 <= 1\n  c20: x1_5 + x4_5 <= 1\n\n  c21: x1_1 + x5_1 <= 1\n  c22: x1_2 + x5_2 <= 1\n  c23: x1_3 + x5_3 <= 1\n  c24: x1_4 + x5_4 <= 1\n  c25: x1_5 + x5_5 <= 1\n\n  c26: x2_1 + x3_1 <= 1\n  c27: x2_2 + x3_2 <= 1\n  c28: x2_3 + x3_3 <= 1\n  c29: x2_4 + x3_4 <= 1\n  c30: x2_5 + x3_5 <= 1\n\n  \\ Ensure k is at least as large as any color used\n  c31: x1_1 <= k\n  c32: x1_2 <= k\n  c33: x1_3 <= k\n  c34: x1_4 <= k\n  c35: x1_5 <= k\n\n  c36: x2_1 <= k\n  c37: x2_2 <= k\n  c38: x2_3 <= k\n  c39: x2_4 <= k\n  c40: x2_5 <= k\n\n  c41: x3_1 <= k\n  c42: x3_2 <= k\n  c43: x3_3 <= k\n  c44: x3_4 <= k\n  c45: x3_5 <= k\n\n  c46: x4_1 <= k\n  c47: x4_2 <= k\n  c48: x4_3 <= k\n  c49: x4_4 <= k\n  c50: x4_5 <= k\n\n  c51: x5_1 <= k\n  c52: x5_2 <= k\n  c53: x5_3 <= k\n  c54: x5_4 <= k\n  c55: x5_5 <= k\n\nBounds\n  1 <= k <= 5\n\nBinaries\n  x1_1 x1_2 x1_3 x1_4 x1_5\n  x2_1 x2_2 x2_3 x2_4 x2_5\n  x3_1 x3_2 x3_3 x3_4 x3_5\n  x4_1 x4_2 x4_3 x4_4 x4_5\n  x5_1 x5_2 x5_3 x5_4 x5_5\n\nEnd\n```\n\nThis ILP formulation will help you find the minimum number of colors needed to color the graph such that no two adjacent nodes have the same color. The solution will provide the color assignment for each node."", '1, 4, 5, 3, 2')"
in_house_5_1,textbook,standard,ilp_python,26,3,124.02423066482879,INCOMPATIBLE,None,Solution uses a bad set of colors (non-integers or integers outside the expected range).,"('Q: I have a network of 5 nodes, numbered 1 to 5, with various nodes being connected to other nodes. I want to color the nodes such that no two connected nodes have the same color.\n\nThe connections are as follows:\nNode 1 is connected to node 2.\nNode 1 is connected to node 3.\nNode 1 is connected to node 4.\nNode 1 is connected to node 5.\nNode 2 is connected to node 3.\n\nHow can I color the nodes using the fewest colors possible? Generate a comma-separated list of colors for each node, where the colors are represented by integers ranging from 1 to the number of colors used. The colors should be in the order of the vertices, so the first color will correspond to node 1, the second color will correspond to node 2, and so on.\n\nPlease express this as an Integer Linear Program (ILP) problem using Python with the gurobipy library.\nSpecifically, define a function named f that returns an optimized gurobipy.Model object which represents the problem.\nHere is an example of the format you should use for your answer:\n```\nfrom gurobipy import GRB, Model\n\ndef f():\n    # Create the model\n    model = Model(""Example"")\n\n    # Add variables\n    vars = model.addMVar((5), vtype=GRB.BINARY, name=""vars"")\n\n    # Add constraints\n    model.addConstrs(vars[i] + vars[i + 1] <= 1 for i in range(4))\n    model.addConstr(vars[0] + vars[4] <= 1)\n\n    # Set objective\n    model.setObjective(vars.sum(), GRB.MAXIMIZE)\n\n    # Optimize/solve the model\n    model.optimize()\n\n    # Return the optimized model\n    return model\n```\nMake sure you only use the gurobipy library for this problem. Do not import any other libraries.\n', ""Your code was executed successfully. Here are all the variables of the model and their optimal values:\n\nx[0,0] = 0.0\nx[0,1] = 0.0\nx[0,2] = 0.0\nx[0,3] = 0.0\nx[0,4] = 1.0\nx[1,0] = 1.0\nx[1,1] = 0.0\nx[1,2] = 0.0\nx[1,3] = 0.0\nx[1,4] = 0.0\nx[2,0] = 0.0\nx[2,1] = 0.0\nx[2,2] = 1.0\nx[2,3] = 0.0\nx[2,4] = 0.0\nx[3,0] = 1.0\nx[3,1] = 0.0\nx[3,2] = 0.0\nx[3,3] = 0.0\nx[3,4] = 0.0\nx[4,0] = 1.0\nx[4,1] = 0.0\nx[4,2] = 0.0\nx[4,3] = 0.0\nx[4,4] = 0.0\ny[0] = 1.0\ny[1] = 0.0\ny[2] = 1.0\ny[3] = 0.0\ny[4] = 1.0\n\nTranslate this solution back to the original problem and provide it as originally specified.\nDo not add any more explanation once you've provided the solution."")","('To solve the graph coloring problem using Integer Linear Programming (ILP) with the gurobipy library, we need to define variables that represent the color assigned to each node. The objective is to minimize the number of colors used while ensuring that no two connected nodes share the same color.\n\nHere\'s how you can set up the ILP model using gurobipy:\n\n```python\nfrom gurobipy import GRB, Model\n\ndef f():\n    # Create the model\n    model = Model(""GraphColoring"")\n\n    # Number of nodes\n    n = 5\n\n    # Maximum number of colors (in the worst case, each node could have a different color)\n    max_colors = n\n\n    # Add variables: x[i, c] = 1 if node i is colored with color c, 0 otherwise\n    x = model.addVars(n, max_colors, vtype=GRB.BINARY, name=""x"")\n\n    # Add constraints: each node must have exactly one color\n    model.addConstrs((x.sum(i, \'*\') == 1 for i in range(n)), name=""NodeColor"")\n\n    # Add constraints: no two connected nodes can have the same color\n    edges = [(0, 1), (0, 2), (0, 3), (0, 4), (1, 2)]\n    model.addConstrs((x[i, c] + x[j, c] <= 1 for i, j in edges for c in range(max_colors)), name=""EdgeColor"")\n\n    # Objective: minimize the number of colors used\n    # Introduce auxiliary variables to represent if a color is used\n    y = model.addVars(max_colors, vtype=GRB.BINARY, name=""y"")\n    model.addConstrs((x.sum(\'*\', c) <= n * y[c] for c in range(max_colors)), name=""ColorUsed"")\n\n    # Set objective to minimize the number of colors used\n    model.setObjective(y.sum(), GRB.MINIMIZE)\n\n    # Optimize/solve the model\n    model.optimize()\n\n    # Return the optimized model\n    return model\n```\n\n### Explanation:\n\n1. **Variables**:\n   - `x[i, c]`: Binary variable that is 1 if node `i` is colored with color `c`, and 0 otherwise.\n   - `y[c]`: Binary variable that is 1 if color `c` is used by any node, and 0 otherwise.\n\n2. **Constraints**:\n   - Each node must be assigned exactly one color (`NodeColor` constraints).\n   - No two connected nodes can share the same color (`EdgeColor` constraints).\n   - A color is considered used if at least one node is assigned that color (`ColorUsed` constraints).\n\n3. **Objective**:\n   - Minimize the total number of colors used, which is the sum of `y[c]` variables.\n\nThis setup ensures that the graph is colored with the minimum number of colors while satisfying the constraints. The model is then optimized using Gurobi\'s solver.', '1, 0, 2, 0, 0')"
in_house_5_10,textbook,standard,ilp_lp,41,4,184.67651538108476,ERRONEOUS,None,Solution has adjacent nodes with the same color. Nodes 2 and 5 are both colored 2.,"('Q: I have a network of 5 nodes, numbered 1 to 5, with various nodes being connected to other nodes. I want to color the nodes such that no two connected nodes have the same color.\n\nThe connections are as follows:\nNode 1 is connected to node 2.\nNode 1 is connected to node 4.\nNode 1 is connected to node 5.\nNode 2 is connected to node 4.\nNode 2 is connected to node 5.\nNode 3 is connected to node 4.\nNode 3 is connected to node 5.\nNode 4 is connected to node 5.\n\nHow can I color the nodes using the fewest colors possible? Generate a comma-separated list of colors for each node, where the colors are represented by integers ranging from 1 to the number of colors used. The colors should be in the order of the vertices, so the first color will correspond to node 1, the second color will correspond to node 2, and so on.\n\nPlease express this as an Integer Linear Program (ILP) problem in the LP format.\nHere is an example of the LP file format:\n```\n\\ This is a comment\n\nMaximize\n  3 a + 2 b + c - 2 d\nSubject To\n  c0: a + b = 1\n  c1: b + c >= 0\n  c2: a + c < 4\nBounds\n  1 <= c <= 5\n  2 <= d\nBinaries \\ these are binary variables that can only be 0 or 1\n  a b\nGenerals \\ these are integer variables\n  c d\nEnd\n```\nNOTE: Keep in mind that all constraints must have only terms with variables on the left and only constant terms on the right (note that ""a <= b"" can be instead written as ""a - b <= 0"").\'', ""An error occurred while Gurobi was solving the ILP problem:\n\nUnable to read file\n\nInstead of fixing the ILP specification, please provide a final answer for the problem. Do not add any more explanation once you've provided the solution."")","(""To solve the graph coloring problem using Integer Linear Programming (ILP), we need to assign colors to nodes such that no two adjacent nodes share the same color. The goal is to minimize the number of colors used. We can represent this problem using binary variables, where each variable indicates whether a particular node is assigned a particular color.\n\nLet's define the problem as follows:\n\n- Let \\( x_{i,j} \\) be a binary variable that is 1 if node \\( i \\) is colored with color \\( j \\), and 0 otherwise.\n- We need to ensure that each node is assigned exactly one color.\n- We also need to ensure that no two adjacent nodes share the same color.\n- We aim to minimize the number of colors used.\n\nGiven the connections, we can express the problem in the LP format:\n\n```\n\\ Graph coloring ILP for minimizing colors\n\nMinimize\n  c1 + c2 + c3 + c4 + c5\n\nSubject To\n  \\ Each node must have exactly one color\n  n1: x11 + x12 + x13 + x14 + x15 = 1\n  n2: x21 + x22 + x23 + x24 + x25 = 1\n  n3: x31 + x32 + x33 + x34 + x35 = 1\n  n4: x41 + x42 + x43 + x44 + x45 = 1\n  n5: x51 + x52 + x53 + x54 + x55 = 1\n\n  \\ Adjacent nodes cannot share the same color\n  e12: x11 + x21 <= 1\n  e14: x11 + x41 <= 1\n  e15: x11 + x51 <= 1\n  e24: x21 + x41 <= 1\n  e25: x21 + x51 <= 1\n  e34: x31 + x41 <= 1\n  e35: x31 + x51 <= 1\n  e45: x41 + x51 <= 1\n\n  \\ Linking color usage to node coloring\n  c1: x11 + x21 + x31 + x41 + x51 <= 5 c1\n  c2: x12 + x22 + x32 + x42 + x52 <= 5 c2\n  c3: x13 + x23 + x33 + x43 + x53 <= 5 c3\n  c4: x14 + x24 + x34 + x44 + x54 <= 5 c4\n  c5: x15 + x25 + x35 + x45 + x55 <= 5 c5\n\nBounds\n  0 <= x11 <= 1\n  0 <= x12 <= 1\n  0 <= x13 <= 1\n  0 <= x14 <= 1\n  0 <= x15 <= 1\n  0 <= x21 <= 1\n  0 <= x22 <= 1\n  0 <= x23 <= 1\n  0 <= x24 <= 1\n  0 <= x25 <= 1\n  0 <= x31 <= 1\n  0 <= x32 <= 1\n  0 <= x33 <= 1\n  0 <= x34 <= 1\n  0 <= x35 <= 1\n  0 <= x41 <= 1\n  0 <= x42 <= 1\n  0 <= x43 <= 1\n  0 <= x44 <= 1\n  0 <= x45 <= 1\n  0 <= x51 <= 1\n  0 <= x52 <= 1\n  0 <= x53 <= 1\n  0 <= x54 <= 1\n  0 <= x55 <= 1\n\nBinaries\n  x11 x12 x13 x14 x15\n  x21 x22 x23 x24 x25\n  x31 x32 x33 x34 x35\n  x41 x42 x43 x44 x45\n  x51 x52 x53 x54 x55\n\nGenerals\n  c1 c2 c3 c4 c5\n\nEnd\n```\n\nIn this formulation:\n- The objective is to minimize the sum of the color usage variables \\( c1, c2, c3, c4, c5 \\).\n- Each node is constrained to have exactly one color.\n- Adjacent nodes are constrained not to share the same color.\n- The color usage variables \\( c1, c2, c3, c4, c5 \\) are linked to the node coloring variables to ensure that a color is considered used if any node is colored with it."", '1, 2, 1, 3, 2')"
in_house_5_10,textbook,standard,ilp_python,41,4,123.94638784602284,OPTIMAL,4,"[3, 4, 4, 2, 1]","('Q: I have a network of 5 nodes, numbered 1 to 5, with various nodes being connected to other nodes. I want to color the nodes such that no two connected nodes have the same color.\n\nThe connections are as follows:\nNode 1 is connected to node 2.\nNode 1 is connected to node 4.\nNode 1 is connected to node 5.\nNode 2 is connected to node 4.\nNode 2 is connected to node 5.\nNode 3 is connected to node 4.\nNode 3 is connected to node 5.\nNode 4 is connected to node 5.\n\nHow can I color the nodes using the fewest colors possible? Generate a comma-separated list of colors for each node, where the colors are represented by integers ranging from 1 to the number of colors used. The colors should be in the order of the vertices, so the first color will correspond to node 1, the second color will correspond to node 2, and so on.\n\nPlease express this as an Integer Linear Program (ILP) problem using Python with the gurobipy library.\nSpecifically, define a function named f that returns an optimized gurobipy.Model object which represents the problem.\nHere is an example of the format you should use for your answer:\n```\nfrom gurobipy import GRB, Model\n\ndef f():\n    # Create the model\n    model = Model(""Example"")\n\n    # Add variables\n    vars = model.addMVar((5), vtype=GRB.BINARY, name=""vars"")\n\n    # Add constraints\n    model.addConstrs(vars[i] + vars[i + 1] <= 1 for i in range(4))\n    model.addConstr(vars[0] + vars[4] <= 1)\n\n    # Set objective\n    model.setObjective(vars.sum(), GRB.MAXIMIZE)\n\n    # Optimize/solve the model\n    model.optimize()\n\n    # Return the optimized model\n    return model\n```\nMake sure you only use the gurobipy library for this problem. Do not import any other libraries.\n', ""Your code was executed successfully. Here are all the variables of the model and their optimal values:\n\nx[0,0] = -0.0\nx[0,1] = -0.0\nx[0,2] = 0.0\nx[0,3] = 1.0\nx[0,4] = 0.0\nx[1,0] = 0.0\nx[1,1] = 0.0\nx[1,2] = -0.0\nx[1,3] = -0.0\nx[1,4] = 1.0\nx[2,0] = -0.0\nx[2,1] = -0.0\nx[2,2] = -0.0\nx[2,3] = -0.0\nx[2,4] = 1.0\nx[3,0] = 0.0\nx[3,1] = -0.0\nx[3,2] = 1.0\nx[3,3] = -0.0\nx[3,4] = -0.0\nx[4,0] = 1.0\nx[4,1] = 0.0\nx[4,2] = -0.0\nx[4,3] = -0.0\nx[4,4] = -0.0\ny[0] = 1.0\ny[1] = -0.0\ny[2] = 1.0\ny[3] = 1.0\ny[4] = 1.0\n\nTranslate this solution back to the original problem and provide it as originally specified.\nDo not add any more explanation once you've provided the solution."")","('```python\nfrom gurobipy import GRB, Model\n\ndef f():\n    # Create the model\n    model = Model(""GraphColoring"")\n\n    # Number of nodes\n    n = 5\n\n    # Add variables: x[i, c] = 1 if node i is colored with color c\n    # We assume a maximum of n colors (worst case)\n    x = model.addVars(n, n, vtype=GRB.BINARY, name=""x"")\n\n    # Add constraints: each node must have exactly one color\n    model.addConstrs((x.sum(i, \'*\') == 1 for i in range(n)), name=""NodeColor"")\n\n    # Add constraints: no two adjacent nodes can have the same color\n    edges = [(0, 1), (0, 3), (0, 4), (1, 3), (1, 4), (2, 3), (2, 4), (3, 4)]\n    model.addConstrs((x[i, c] + x[j, c] <= 1 for i, j in edges for c in range(n)), name=""EdgeColor"")\n\n    # Objective: minimize the number of colors used\n    # Introduce auxiliary variables to represent if a color is used\n    y = model.addVars(n, vtype=GRB.BINARY, name=""y"")\n    model.addConstrs((x.sum(\'*\', c) <= n * y[c] for c in range(n)), name=""ColorUsed"")\n\n    model.setObjective(y.sum(), GRB.MINIMIZE)\n\n    # Optimize/solve the model\n    model.optimize()\n\n    # Return the optimized model\n    return model\n```\n\nThis code sets up an integer linear programming model to solve the graph coloring problem using the Gurobi library. The model uses binary variables to represent whether a node is assigned a particular color and ensures that no two adjacent nodes share the same color. The objective is to minimize the number of colors used.', '3, 4, 4, 2, 1')"
in_house_5_11,textbook,standard,ilp_lp,31,4,184.52772582392208,ERRONEOUS,None,Solution has adjacent nodes with the same color. Nodes 2 and 5 are both colored 2.,"('Q: I have a network of 5 nodes, numbered 1 to 5, with various nodes being connected to other nodes. I want to color the nodes such that no two connected nodes have the same color.\n\nThe connections are as follows:\nNode 1 is connected to node 2.\nNode 1 is connected to node 4.\nNode 1 is connected to node 5.\nNode 2 is connected to node 4.\nNode 2 is connected to node 5.\nNode 4 is connected to node 5.\n\nHow can I color the nodes using the fewest colors possible? Generate a comma-separated list of colors for each node, where the colors are represented by integers ranging from 1 to the number of colors used. The colors should be in the order of the vertices, so the first color will correspond to node 1, the second color will correspond to node 2, and so on.\n\nPlease express this as an Integer Linear Program (ILP) problem in the LP format.\nHere is an example of the LP file format:\n```\n\\ This is a comment\n\nMaximize\n  3 a + 2 b + c - 2 d\nSubject To\n  c0: a + b = 1\n  c1: b + c >= 0\n  c2: a + c < 4\nBounds\n  1 <= c <= 5\n  2 <= d\nBinaries \\ these are binary variables that can only be 0 or 1\n  a b\nGenerals \\ these are integer variables\n  c d\nEnd\n```\nNOTE: Keep in mind that all constraints must have only terms with variables on the left and only constant terms on the right (note that ""a <= b"" can be instead written as ""a - b <= 0"").\'', ""Your ILP problem was successfully solved. Here is the solution:\n\nObjective value: 0.0\nValue Assignments:\nc: -0.0\nx_1_1: -0.0\nx_1_2: -0.0\nx_1_3: -0.0\nx_2_1: -0.0\nx_2_2: -0.0\nx_2_3: -0.0\nx_3_1: -0.0\nx_3_2: -0.0\nx_3_3: -0.0\nx_4_1: -0.0\nx_4_2: -0.0\nx_4_3: -0.0\nx_5_1: -0.0\nx_5_2: -0.0\nx_5_3: -0.0\n\nTranslate this solution back to the original problem and provide it as originally specified.\nDo not add any more explanation once you've provided the solution."")","(""To solve the graph coloring problem using Integer Linear Programming (ILP), we need to assign colors to nodes such that no two adjacent nodes share the same color. We will use binary variables to represent whether a node is assigned a particular color. The goal is to minimize the number of colors used.\n\nLet's define the problem:\n\n- Let \\( x_{i,j} \\) be a binary variable that is 1 if node \\( i \\) is colored with color \\( j \\), and 0 otherwise.\n- We need to ensure that each node is assigned exactly one color.\n- We also need to ensure that no two adjacent nodes share the same color.\n- We aim to minimize the number of colors used.\n\nGiven the connections:\n- Node 1 is connected to nodes 2, 4, and 5.\n- Node 2 is connected to nodes 4 and 5.\n- Node 4 is connected to node 5.\n\nWe can express this as an ILP problem:\n\n```\n\\ Graph Coloring ILP\n\nMinimize\n  c\n\nSubject To\n  \\ Each node must have exactly one color\n  n1: x_1_1 + x_1_2 + x_1_3 <= 1\n  n2: x_2_1 + x_2_2 + x_2_3 <= 1\n  n3: x_3_1 + x_3_2 + x_3_3 <= 1\n  n4: x_4_1 + x_4_2 + x_4_3 <= 1\n  n5: x_5_1 + x_5_2 + x_5_3 <= 1\n\n  \\ Adjacent nodes cannot share the same color\n  e1: x_1_1 + x_2_1 <= 1\n  e2: x_1_1 + x_4_1 <= 1\n  e3: x_1_1 + x_5_1 <= 1\n  e4: x_2_1 + x_4_1 <= 1\n  e5: x_2_1 + x_5_1 <= 1\n  e6: x_4_1 + x_5_1 <= 1\n\n  e7: x_1_2 + x_2_2 <= 1\n  e8: x_1_2 + x_4_2 <= 1\n  e9: x_1_2 + x_5_2 <= 1\n  e10: x_2_2 + x_4_2 <= 1\n  e11: x_2_2 + x_5_2 <= 1\n  e12: x_4_2 + x_5_2 <= 1\n\n  e13: x_1_3 + x_2_3 <= 1\n  e14: x_1_3 + x_4_3 <= 1\n  e15: x_1_3 + x_5_3 <= 1\n  e16: x_2_3 + x_4_3 <= 1\n  e17: x_2_3 + x_5_3 <= 1\n  e18: x_4_3 + x_5_3 <= 1\n\n  \\ Ensure that if a color is used, it is counted\n  c1: x_1_1 + x_2_1 + x_3_1 + x_4_1 + x_5_1 <= c\n  c2: x_1_2 + x_2_2 + x_3_2 + x_4_2 + x_5_2 <= c\n  c3: x_1_3 + x_2_3 + x_3_3 + x_4_3 + x_5_3 <= c\n\nBounds\n  0 <= c <= 3\n\nBinaries\n  x_1_1 x_1_2 x_1_3\n  x_2_1 x_2_2 x_2_3\n  x_3_1 x_3_2 x_3_3\n  x_4_1 x_4_2 x_4_3\n  x_5_1 x_5_2 x_5_3\n\nGenerals\n  c\n\nEnd\n```\n\nIn this ILP formulation:\n- We use three potential colors (1, 2, and 3) for simplicity, as the graph can be colored with at most 3 colors.\n- The objective is to minimize the variable \\( c \\), which represents the number of colors used.\n- Each node must be assigned exactly one color, and adjacent nodes cannot share the same color.\n- The constraints ensure that if a color is used, it is counted towards the total number of colors."", '1, 2, 1, 3, 2')"
in_house_5_11,textbook,standard,ilp_python,31,4,123.30419819196686,OPTIMAL,4,"[1, 3, 1, 2, 4]","('Q: I have a network of 5 nodes, numbered 1 to 5, with various nodes being connected to other nodes. I want to color the nodes such that no two connected nodes have the same color.\n\nThe connections are as follows:\nNode 1 is connected to node 2.\nNode 1 is connected to node 4.\nNode 1 is connected to node 5.\nNode 2 is connected to node 4.\nNode 2 is connected to node 5.\nNode 4 is connected to node 5.\n\nHow can I color the nodes using the fewest colors possible? Generate a comma-separated list of colors for each node, where the colors are represented by integers ranging from 1 to the number of colors used. The colors should be in the order of the vertices, so the first color will correspond to node 1, the second color will correspond to node 2, and so on.\n\nPlease express this as an Integer Linear Program (ILP) problem using Python with the gurobipy library.\nSpecifically, define a function named f that returns an optimized gurobipy.Model object which represents the problem.\nHere is an example of the format you should use for your answer:\n```\nfrom gurobipy import GRB, Model\n\ndef f():\n    # Create the model\n    model = Model(""Example"")\n\n    # Add variables\n    vars = model.addMVar((5), vtype=GRB.BINARY, name=""vars"")\n\n    # Add constraints\n    model.addConstrs(vars[i] + vars[i + 1] <= 1 for i in range(4))\n    model.addConstr(vars[0] + vars[4] <= 1)\n\n    # Set objective\n    model.setObjective(vars.sum(), GRB.MAXIMIZE)\n\n    # Optimize/solve the model\n    model.optimize()\n\n    # Return the optimized model\n    return model\n```\nMake sure you only use the gurobipy library for this problem. Do not import any other libraries.\n', ""Your code was executed successfully. Here are all the variables of the model and their optimal values:\n\nx[0,0] = -0.0\nx[0,1] = 0.0\nx[0,2] = 0.0\nx[0,3] = -0.0\nx[0,4] = 1.0\nx[1,0] = 0.0\nx[1,1] = -0.0\nx[1,2] = -0.0\nx[1,3] = 1.0\nx[1,4] = -0.0\nx[2,0] = 1.0\nx[2,1] = -0.0\nx[2,2] = -0.0\nx[2,3] = -0.0\nx[2,4] = 0.0\nx[3,0] = -0.0\nx[3,1] = -0.0\nx[3,2] = 1.0\nx[3,3] = 0.0\nx[3,4] = -0.0\nx[4,0] = 1.0\nx[4,1] = -0.0\nx[4,2] = -0.0\nx[4,3] = -0.0\nx[4,4] = -0.0\ny[0] = 1.0\ny[1] = -0.0\ny[2] = 1.0\ny[3] = 1.0\ny[4] = 1.0\n\nTranslate this solution back to the original problem and provide it as originally specified.\nDo not add any more explanation once you've provided the solution."")","('```python\nfrom gurobipy import GRB, Model\n\ndef f():\n    # Create the model\n    model = Model(""GraphColoring"")\n\n    # Number of nodes\n    n = 5\n\n    # Edges of the graph\n    edges = [(0, 1), (0, 3), (0, 4), (1, 3), (1, 4), (3, 4)]\n\n    # Maximum number of colors needed (at most n)\n    max_colors = n\n\n    # Add variables: x[i, c] = 1 if node i is colored with color c\n    x = model.addVars(n, max_colors, vtype=GRB.BINARY, name=""x"")\n\n    # Add constraints: each node must have exactly one color\n    model.addConstrs((x.sum(i, \'*\') == 1 for i in range(n)), name=""NodeColor"")\n\n    # Add constraints: adjacent nodes cannot have the same color\n    model.addConstrs((x[i, c] + x[j, c] <= 1 for i, j in edges for c in range(max_colors)), name=""EdgeColor"")\n\n    # Objective: minimize the number of colors used\n    # Introduce auxiliary variables to represent if a color is used\n    y = model.addVars(max_colors, vtype=GRB.BINARY, name=""y"")\n    model.addConstrs((x.sum(\'*\', c) <= n * y[c] for c in range(max_colors)), name=""ColorUsed"")\n\n    # Set objective to minimize the number of colors used\n    model.setObjective(y.sum(), GRB.MINIMIZE)\n\n    # Optimize/solve the model\n    model.optimize()\n\n    # Return the optimized model\n    return model\n```\n\nThis code sets up an integer linear programming model to solve the graph coloring problem using the Gurobi optimizer. The model minimizes the number of colors used while ensuring that no two adjacent nodes share the same color. The constraints ensure that each node is assigned exactly one color and that adjacent nodes do not share the same color. The auxiliary variables `y` are used to track which colors are actually used, and the objective is to minimize the sum of these variables.', '1, 3, 1, 2, 4')"
in_house_5_2,textbook,standard,ilp_lp,36,3,183.91650957800448,SUBOPTIMAL,5,"[1, 3, 2, 5, 4]","('Q: I have a network of 5 nodes, numbered 1 to 5, with various nodes being connected to other nodes. I want to color the nodes such that no two connected nodes have the same color.\n\nThe connections are as follows:\nNode 1 is connected to node 3.\nNode 1 is connected to node 4.\nNode 1 is connected to node 5.\nNode 2 is connected to node 4.\nNode 2 is connected to node 5.\nNode 3 is connected to node 4.\nNode 4 is connected to node 5.\n\nHow can I color the nodes using the fewest colors possible? Generate a comma-separated list of colors for each node, where the colors are represented by integers ranging from 1 to the number of colors used. The colors should be in the order of the vertices, so the first color will correspond to node 1, the second color will correspond to node 2, and so on.\n\nPlease express this as an Integer Linear Program (ILP) problem in the LP format.\nHere is an example of the LP file format:\n```\n\\ This is a comment\n\nMaximize\n  3 a + 2 b + c - 2 d\nSubject To\n  c0: a + b = 1\n  c1: b + c >= 0\n  c2: a + c < 4\nBounds\n  1 <= c <= 5\n  2 <= d\nBinaries \\ these are binary variables that can only be 0 or 1\n  a b\nGenerals \\ these are integer variables\n  c d\nEnd\n```\nNOTE: Keep in mind that all constraints must have only terms with variables on the left and only constant terms on the right (note that ""a <= b"" can be instead written as ""a - b <= 0"").\'', ""Your ILP problem was successfully solved. Here is the solution:\n\nObjective value: 1.0\nValue Assignments:\nz: 1.0\nx_1_1: 1.0\nx_1_2: 0.0\nx_1_3: -0.0\nx_1_4: 0.0\nx_1_5: 0.0\nx_2_1: -0.0\nx_2_2: -0.0\nx_2_3: 1.0\nx_2_4: -0.0\nx_2_5: 0.0\nx_3_1: -0.0\nx_3_2: 1.0\nx_3_3: 0.0\nx_3_4: -0.0\nx_3_5: -0.0\nx_4_1: 0.0\nx_4_2: -0.0\nx_4_3: -0.0\nx_4_4: -0.0\nx_4_5: 1.0\nx_5_1: -0.0\nx_5_2: -0.0\nx_5_3: -0.0\nx_5_4: 1.0\nx_5_5: -0.0\n\nTranslate this solution back to the original problem and provide it as originally specified.\nDo not add any more explanation once you've provided the solution."")","(""To solve the graph coloring problem using Integer Linear Programming (ILP), we need to assign colors to nodes such that no two adjacent nodes share the same color. The goal is to minimize the number of colors used. We can represent this problem using binary variables, where each variable indicates whether a particular node is assigned a particular color.\n\nLet's define the problem as follows:\n\n- Let \\( x_{i,j} \\) be a binary variable that is 1 if node \\( i \\) is assigned color \\( j \\), and 0 otherwise.\n- We need to minimize the number of colors used, which can be represented by the maximum color index used.\n\nGiven the connections:\n- Node 1 is connected to nodes 3, 4, and 5.\n- Node 2 is connected to nodes 4 and 5.\n- Node 3 is connected to node 4.\n- Node 4 is connected to node 5.\n\nWe can express the ILP as follows:\n\n```\n\\ Graph Coloring ILP\n\nMinimize\n  z\n\nSubject To\n  \\ Each node must be assigned exactly one color\n  c1: x_1_1 + x_1_2 + x_1_3 + x_1_4 + x_1_5 = 1\n  c2: x_2_1 + x_2_2 + x_2_3 + x_2_4 + x_2_5 = 1\n  c3: x_3_1 + x_3_2 + x_3_3 + x_3_4 + x_3_5 = 1\n  c4: x_4_1 + x_4_2 + x_4_3 + x_4_4 + x_4_5 = 1\n  c5: x_5_1 + x_5_2 + x_5_3 + x_5_4 + x_5_5 = 1\n\n  \\ Adjacent nodes must not share the same color\n  c6: x_1_1 + x_3_1 <= 1\n  c7: x_1_2 + x_3_2 <= 1\n  c8: x_1_3 + x_3_3 <= 1\n  c9: x_1_4 + x_3_4 <= 1\n  c10: x_1_5 + x_3_5 <= 1\n\n  c11: x_1_1 + x_4_1 <= 1\n  c12: x_1_2 + x_4_2 <= 1\n  c13: x_1_3 + x_4_3 <= 1\n  c14: x_1_4 + x_4_4 <= 1\n  c15: x_1_5 + x_4_5 <= 1\n\n  c16: x_1_1 + x_5_1 <= 1\n  c17: x_1_2 + x_5_2 <= 1\n  c18: x_1_3 + x_5_3 <= 1\n  c19: x_1_4 + x_5_4 <= 1\n  c20: x_1_5 + x_5_5 <= 1\n\n  c21: x_2_1 + x_4_1 <= 1\n  c22: x_2_2 + x_4_2 <= 1\n  c23: x_2_3 + x_4_3 <= 1\n  c24: x_2_4 + x_4_4 <= 1\n  c25: x_2_5 + x_4_5 <= 1\n\n  c26: x_2_1 + x_5_1 <= 1\n  c27: x_2_2 + x_5_2 <= 1\n  c28: x_2_3 + x_5_3 <= 1\n  c29: x_2_4 + x_5_4 <= 1\n  c30: x_2_5 + x_5_5 <= 1\n\n  c31: x_3_1 + x_4_1 <= 1\n  c32: x_3_2 + x_4_2 <= 1\n  c33: x_3_3 + x_4_3 <= 1\n  c34: x_3_4 + x_4_4 <= 1\n  c35: x_3_5 + x_4_5 <= 1\n\n  c36: x_4_1 + x_5_1 <= 1\n  c37: x_4_2 + x_5_2 <= 1\n  c38: x_4_3 + x_5_3 <= 1\n  c39: x_4_4 + x_5_4 <= 1\n  c40: x_4_5 + x_5_5 <= 1\n\n  \\ Define z as the maximum color index used\n  c41: x_1_1 + x_2_1 + x_3_1 + x_4_1 + x_5_1 <= z\n  c42: x_1_2 + x_2_2 + x_3_2 + x_4_2 + x_5_2 <= z\n  c43: x_1_3 + x_2_3 + x_3_3 + x_4_3 + x_5_3 <= z\n  c44: x_1_4 + x_2_4 + x_3_4 + x_4_4 + x_5_4 <= z\n  c45: x_1_5 + x_2_5 + x_3_5 + x_4_5 + x_5_5 <= z\n\nBounds\n  0 <= z <= 5\n\nBinaries\n  x_1_1 x_1_2 x_1_3 x_1_4 x_1_5\n  x_2_1 x_2_2 x_2_3 x_2_4 x_2_5\n  x_3_1 x_3_2 x_3_3 x_3_4 x_3_5\n  x_4_1 x_4_2 x_4_3 x_4_4 x_4_5\n  x_5_1 x_5_2 x_5_3 x_5_4 x_5_5\n\nEnd\n```\n\nThis ILP formulation ensures that each node is assigned exactly one color, no two adjacent nodes share the same color, and the number of colors used is minimized. The variable \\( z \\) represents the maximum color index used, which we aim to minimize."", '1, 3, 2, 5, 4')"
in_house_5_2,textbook,standard,ilp_python,36,3,124.14945974294096,INCOMPATIBLE,None,Solution uses a bad set of colors (non-integers or integers outside the expected range).,"('Q: I have a network of 5 nodes, numbered 1 to 5, with various nodes being connected to other nodes. I want to color the nodes such that no two connected nodes have the same color.\n\nThe connections are as follows:\nNode 1 is connected to node 3.\nNode 1 is connected to node 4.\nNode 1 is connected to node 5.\nNode 2 is connected to node 4.\nNode 2 is connected to node 5.\nNode 3 is connected to node 4.\nNode 4 is connected to node 5.\n\nHow can I color the nodes using the fewest colors possible? Generate a comma-separated list of colors for each node, where the colors are represented by integers ranging from 1 to the number of colors used. The colors should be in the order of the vertices, so the first color will correspond to node 1, the second color will correspond to node 2, and so on.\n\nPlease express this as an Integer Linear Program (ILP) problem using Python with the gurobipy library.\nSpecifically, define a function named f that returns an optimized gurobipy.Model object which represents the problem.\nHere is an example of the format you should use for your answer:\n```\nfrom gurobipy import GRB, Model\n\ndef f():\n    # Create the model\n    model = Model(""Example"")\n\n    # Add variables\n    vars = model.addMVar((5), vtype=GRB.BINARY, name=""vars"")\n\n    # Add constraints\n    model.addConstrs(vars[i] + vars[i + 1] <= 1 for i in range(4))\n    model.addConstr(vars[0] + vars[4] <= 1)\n\n    # Set objective\n    model.setObjective(vars.sum(), GRB.MAXIMIZE)\n\n    # Optimize/solve the model\n    model.optimize()\n\n    # Return the optimized model\n    return model\n```\nMake sure you only use the gurobipy library for this problem. Do not import any other libraries.\n', ""Your code was executed successfully. Here are all the variables of the model and their optimal values:\n\nx[0,0] = 0.0\nx[0,1] = -0.0\nx[0,2] = -0.0\nx[0,3] = -0.0\nx[0,4] = 1.0\nx[1,0] = -0.0\nx[1,1] = -0.0\nx[1,2] = -0.0\nx[1,3] = -0.0\nx[1,4] = 1.0\nx[2,0] = 1.0\nx[2,1] = 0.0\nx[2,2] = 0.0\nx[2,3] = -0.0\nx[2,4] = 0.0\nx[3,0] = 0.0\nx[3,1] = 1.0\nx[3,2] = -0.0\nx[3,3] = 0.0\nx[3,4] = -0.0\nx[4,0] = 1.0\nx[4,1] = -0.0\nx[4,2] = 0.0\nx[4,3] = -0.0\nx[4,4] = -0.0\ny[0] = 1.0\ny[1] = 1.0\ny[2] = -0.0\ny[3] = -0.0\ny[4] = 1.0\n\nTranslate this solution back to the original problem and provide it as originally specified.\nDo not add any more explanation once you've provided the solution."")","('To solve the graph coloring problem using the Gurobi optimization library, we need to set up an Integer Linear Program (ILP) that assigns colors to nodes such that no two adjacent nodes share the same color. The goal is to minimize the number of colors used.\n\nHere\'s how you can define the problem using Gurobi:\n\n```python\nfrom gurobipy import GRB, Model\n\ndef f():\n    # Create the model\n    model = Model(""GraphColoring"")\n\n    # Number of nodes\n    n = 5\n\n    # Maximum number of colors (in the worst case, each node could have a different color)\n    max_colors = n\n\n    # Add variables: x[i, c] = 1 if node i is colored with color c\n    x = model.addVars(n, max_colors, vtype=GRB.BINARY, name=""x"")\n\n    # Add variables: y[c] = 1 if color c is used\n    y = model.addVars(max_colors, vtype=GRB.BINARY, name=""y"")\n\n    # Add constraints: each node must have exactly one color\n    model.addConstrs((x.sum(i, \'*\') == 1 for i in range(n)), name=""NodeColor"")\n\n    # Add constraints: if a node i is colored with color c, then color c is used\n    model.addConstrs((x[i, c] <= y[c] for i in range(n) for c in range(max_colors)), name=""ColorUsage"")\n\n    # Add constraints: adjacent nodes cannot have the same color\n    edges = [(0, 2), (0, 3), (0, 4), (1, 3), (1, 4), (2, 3), (3, 4)]\n    model.addConstrs((x[i, c] + x[j, c] <= 1 for i, j in edges for c in range(max_colors)), name=""Adjacency"")\n\n    # Set objective: minimize the number of colors used\n    model.setObjective(y.sum(), GRB.MINIMIZE)\n\n    # Optimize/solve the model\n    model.optimize()\n\n    # Return the optimized model\n    return model\n```\n\n### Explanation:\n\n1. **Variables**:\n   - `x[i, c]`: Binary variable that is 1 if node `i` is colored with color `c`.\n   - `y[c]`: Binary variable that is 1 if color `c` is used.\n\n2. **Constraints**:\n   - Each node must be assigned exactly one color.\n   - If a node is assigned a color, that color must be marked as used.\n   - Adjacent nodes cannot share the same color.\n\n3. **Objective**:\n   - Minimize the total number of colors used.\n\nThis setup ensures that the graph is colored with the minimum number of colors while satisfying all constraints. The function `f` returns the optimized Gurobi model, which can be further analyzed to extract the coloring solution.', '1, 1, 0, 1, 0')"
in_house_5_3,textbook,standard,ilp_lp,21,2,123.3922369980719,SUBOPTIMAL,3,"[1, 2, 1, 3, 2]","('Q: I have a network of 5 nodes, numbered 1 to 5, with various nodes being connected to other nodes. I want to color the nodes such that no two connected nodes have the same color.\n\nThe connections are as follows:\nNode 1 is connected to node 2.\nNode 1 is connected to node 4.\nNode 2 is connected to node 3.\nNode 3 is connected to node 5.\n\nHow can I color the nodes using the fewest colors possible? Generate a comma-separated list of colors for each node, where the colors are represented by integers ranging from 1 to the number of colors used. The colors should be in the order of the vertices, so the first color will correspond to node 1, the second color will correspond to node 2, and so on.\n\nPlease express this as an Integer Linear Program (ILP) problem in the LP format.\nHere is an example of the LP file format:\n```\n\\ This is a comment\n\nMaximize\n  3 a + 2 b + c - 2 d\nSubject To\n  c0: a + b = 1\n  c1: b + c >= 0\n  c2: a + c < 4\nBounds\n  1 <= c <= 5\n  2 <= d\nBinaries \\ these are binary variables that can only be 0 or 1\n  a b\nGenerals \\ these are integer variables\n  c d\nEnd\n```\nNOTE: Keep in mind that all constraints must have only terms with variables on the left and only constant terms on the right (note that ""a <= b"" can be instead written as ""a - b <= 0"").\'', ""An error occurred while Gurobi was solving the ILP problem:\n\nUnable to read file\n\nInstead of fixing the ILP specification, please provide a final answer for the problem. Do not add any more explanation once you've provided the solution."")","(""To solve the graph coloring problem using Integer Linear Programming (ILP), we need to assign colors to nodes such that no two adjacent nodes share the same color. We will use binary variables to represent whether a node is assigned a particular color. The goal is to minimize the number of colors used.\n\nLet's define the problem:\n\n- Let \\( x_{i,j} \\) be a binary variable that is 1 if node \\( i \\) is colored with color \\( j \\), and 0 otherwise.\n- We need to ensure that each node is assigned exactly one color.\n- Adjacent nodes must not share the same color.\n- Minimize the number of colors used.\n\nGiven the connections:\n- Node 1 is connected to node 2 and node 4.\n- Node 2 is connected to node 3.\n- Node 3 is connected to node 5.\n\nWe can express this as an ILP problem:\n\n```\n\\ Graph Coloring ILP\n\nMinimize\n  c1 + c2 + c3 + c4 + c5\n\nSubject To\n  \\ Each node must have exactly one color\n  n1: x11 + x12 + x13 + x14 + x15 = 1\n  n2: x21 + x22 + x23 + x24 + x25 = 1\n  n3: x31 + x32 + x33 + x34 + x35 = 1\n  n4: x41 + x42 + x43 + x44 + x45 = 1\n  n5: x51 + x52 + x53 + x54 + x55 = 1\n\n  \\ Adjacent nodes must not share the same color\n  e12: x11 - x21 <= 0\n  e12: x12 - x22 <= 0\n  e12: x13 - x23 <= 0\n  e12: x14 - x24 <= 0\n  e12: x15 - x25 <= 0\n\n  e14: x11 - x41 <= 0\n  e14: x12 - x42 <= 0\n  e14: x13 - x43 <= 0\n  e14: x14 - x44 <= 0\n  e14: x15 - x45 <= 0\n\n  e23: x21 - x31 <= 0\n  e23: x22 - x32 <= 0\n  e23: x23 - x33 <= 0\n  e23: x24 - x34 <= 0\n  e23: x25 - x35 <= 0\n\n  e35: x31 - x51 <= 0\n  e35: x32 - x52 <= 0\n  e35: x33 - x53 <= 0\n  e35: x34 - x54 <= 0\n  e35: x35 - x55 <= 0\n\n  \\ Define color usage\n  c1: x11 + x21 + x31 + x41 + x51 <= 5 * c1\n  c2: x12 + x22 + x32 + x42 + x52 <= 5 * c2\n  c3: x13 + x23 + x33 + x43 + x53 <= 5 * c3\n  c4: x14 + x24 + x34 + x44 + x54 <= 5 * c4\n  c5: x15 + x25 + x35 + x45 + x55 <= 5 * c5\n\nBounds\n  0 <= x11 <= 1\n  0 <= x12 <= 1\n  0 <= x13 <= 1\n  0 <= x14 <= 1\n  0 <= x15 <= 1\n  0 <= x21 <= 1\n  0 <= x22 <= 1\n  0 <= x23 <= 1\n  0 <= x24 <= 1\n  0 <= x25 <= 1\n  0 <= x31 <= 1\n  0 <= x32 <= 1\n  0 <= x33 <= 1\n  0 <= x34 <= 1\n  0 <= x35 <= 1\n  0 <= x41 <= 1\n  0 <= x42 <= 1\n  0 <= x43 <= 1\n  0 <= x44 <= 1\n  0 <= x45 <= 1\n  0 <= x51 <= 1\n  0 <= x52 <= 1\n  0 <= x53 <= 1\n  0 <= x54 <= 1\n  0 <= x55 <= 1\n\nBinaries\n  x11 x12 x13 x14 x15\n  x21 x22 x23 x24 x25\n  x31 x32 x33 x34 x35\n  x41 x42 x43 x44 x45\n  x51 x52 x53 x54 x55\n  c1 c2 c3 c4 c5\n\nEnd\n```\n\nThis ILP formulation ensures that each node is assigned exactly one color, adjacent nodes do not share the same color, and the number of colors used is minimized. The variables \\( c1, c2, c3, c4, c5 \\) are used to track whether a color is used, and the objective is to minimize the sum of these variables."", '1, 2, 1, 3, 2')"
in_house_5_3,textbook,standard,ilp_python,21,2,454.3208765538875,OPTIMAL,2,"[1, 4, 1, 4, 4]","('Q: I have a network of 5 nodes, numbered 1 to 5, with various nodes being connected to other nodes. I want to color the nodes such that no two connected nodes have the same color.\n\nThe connections are as follows:\nNode 1 is connected to node 2.\nNode 1 is connected to node 4.\nNode 2 is connected to node 3.\nNode 3 is connected to node 5.\n\nHow can I color the nodes using the fewest colors possible? Generate a comma-separated list of colors for each node, where the colors are represented by integers ranging from 1 to the number of colors used. The colors should be in the order of the vertices, so the first color will correspond to node 1, the second color will correspond to node 2, and so on.\n\nPlease express this as an Integer Linear Program (ILP) problem using Python with the gurobipy library.\nSpecifically, define a function named f that returns an optimized gurobipy.Model object which represents the problem.\nHere is an example of the format you should use for your answer:\n```\nfrom gurobipy import GRB, Model\n\ndef f():\n    # Create the model\n    model = Model(""Example"")\n\n    # Add variables\n    vars = model.addMVar((5), vtype=GRB.BINARY, name=""vars"")\n\n    # Add constraints\n    model.addConstrs(vars[i] + vars[i + 1] <= 1 for i in range(4))\n    model.addConstr(vars[0] + vars[4] <= 1)\n\n    # Set objective\n    model.setObjective(vars.sum(), GRB.MAXIMIZE)\n\n    # Optimize/solve the model\n    model.optimize()\n\n    # Return the optimized model\n    return model\n```\nMake sure you only use the gurobipy library for this problem. Do not import any other libraries.\n', ""Your code was executed successfully. Here are all the variables of the model and their optimal values:\n\nx[0,0] = 1.0\nx[0,1] = 0.0\nx[0,2] = 0.0\nx[0,3] = 0.0\nx[0,4] = 0.0\nx[1,0] = 0.0\nx[1,1] = 0.0\nx[1,2] = 0.0\nx[1,3] = 1.0\nx[1,4] = 0.0\nx[2,0] = 1.0\nx[2,1] = 0.0\nx[2,2] = 0.0\nx[2,3] = 0.0\nx[2,4] = 0.0\nx[3,0] = 0.0\nx[3,1] = 0.0\nx[3,2] = 0.0\nx[3,3] = 1.0\nx[3,4] = 0.0\nx[4,0] = 0.0\nx[4,1] = 0.0\nx[4,2] = 0.0\nx[4,3] = 1.0\nx[4,4] = 0.0\ny[0] = 1.0\ny[1] = 0.0\ny[2] = 0.0\ny[3] = 1.0\ny[4] = 0.0\n\nTranslate this solution back to the original problem and provide it as originally specified.\nDo not add any more explanation once you've provided the solution."")","('```python\nfrom gurobipy import GRB, Model\n\ndef f():\n    # Create the model\n    model = Model(""GraphColoring"")\n\n    # Number of nodes\n    n = 5\n\n    # Maximum number of colors needed (at most n)\n    max_colors = n\n\n    # Add variables: x[i, c] = 1 if node i is colored with color c\n    x = model.addVars(n, max_colors, vtype=GRB.BINARY, name=""x"")\n\n    # Each node must have exactly one color\n    model.addConstrs((x.sum(i, \'*\') == 1 for i in range(n)), name=""NodeColor"")\n\n    # No two connected nodes can have the same color\n    edges = [(0, 1), (0, 3), (1, 2), (2, 4)]\n    model.addConstrs((x[i, c] + x[j, c] <= 1 for i, j in edges for c in range(max_colors)), name=""EdgeColor"")\n\n    # Objective: minimize the number of colors used\n    # Introduce auxiliary variables to represent if a color is used\n    y = model.addVars(max_colors, vtype=GRB.BINARY, name=""y"")\n    model.addConstrs((x.sum(\'*\', c) <= n * y[c] for c in range(max_colors)), name=""ColorUsed"")\n\n    model.setObjective(y.sum(), GRB.MINIMIZE)\n\n    # Optimize/solve the model\n    model.optimize()\n\n    # Return the optimized model\n    return model\n```\n\nThis code sets up an Integer Linear Program (ILP) to solve the graph coloring problem using the `gurobipy` library. The model aims to color the nodes of a graph such that no two connected nodes share the same color, while minimizing the number of colors used. The constraints ensure that each node is assigned exactly one color and that no two adjacent nodes have the same color. The objective function minimizes the total number of colors used.', '1, 4, 1, 4, 4')"
in_house_5_4,textbook,standard,ilp_lp,36,3,123.54811477195472,ERRONEOUS,None,Solution has adjacent nodes with the same color. Nodes 1 and 2 are both colored 2.,"('Q: I have a network of 5 nodes, numbered 1 to 5, with various nodes being connected to other nodes. I want to color the nodes such that no two connected nodes have the same color.\n\nThe connections are as follows:\nNode 1 is connected to node 2.\nNode 1 is connected to node 3.\nNode 2 is connected to node 3.\nNode 2 is connected to node 4.\nNode 2 is connected to node 5.\nNode 3 is connected to node 5.\nNode 4 is connected to node 5.\n\nHow can I color the nodes using the fewest colors possible? Generate a comma-separated list of colors for each node, where the colors are represented by integers ranging from 1 to the number of colors used. The colors should be in the order of the vertices, so the first color will correspond to node 1, the second color will correspond to node 2, and so on.\n\nPlease express this as an Integer Linear Program (ILP) problem in the LP format.\nHere is an example of the LP file format:\n```\n\\ This is a comment\n\nMaximize\n  3 a + 2 b + c - 2 d\nSubject To\n  c0: a + b = 1\n  c1: b + c >= 0\n  c2: a + c < 4\nBounds\n  1 <= c <= 5\n  2 <= d\nBinaries \\ these are binary variables that can only be 0 or 1\n  a b\nGenerals \\ these are integer variables\n  c d\nEnd\n```\nNOTE: Keep in mind that all constraints must have only terms with variables on the left and only constant terms on the right (note that ""a <= b"" can be instead written as ""a - b <= 0"").\'', ""Your ILP problem was successfully solved. Here is the solution:\n\nObjective value: 1.0\nValue Assignments:\nc1: 0.0\nc2: 1.0\nc3: 0.0\nx11: 0.0\nx12: 1.0\nx13: 0.0\nx21: 0.0\nx22: 1.0\nx23: 0.0\nx31: 0.0\nx32: 1.0\nx33: 0.0\nx41: 0.0\nx42: 1.0\nx43: 0.0\nx51: 0.0\nx52: 1.0\nx53: 0.0\n\nTranslate this solution back to the original problem and provide it as originally specified.\nDo not add any more explanation once you've provided the solution."")","(""To solve the graph coloring problem using Integer Linear Programming (ILP), we need to assign colors to the nodes such that no two adjacent nodes share the same color. We will use binary variables to represent whether a node is assigned a particular color. The goal is to minimize the number of colors used.\n\nLet's define the problem:\n\n- Let \\( x_{i,j} \\) be a binary variable that is 1 if node \\( i \\) is colored with color \\( j \\), and 0 otherwise.\n- We need to ensure that each node is assigned exactly one color.\n- Adjacent nodes must not share the same color.\n- Minimize the number of colors used.\n\nGiven the graph structure, we can use at most 3 colors (since the graph is not a complete graph and has a maximum degree of 3).\n\nHere is the ILP formulation in LP format:\n\n```\n\\ Graph Coloring ILP\n\nMinimize\n  c1 + c2 + c3\n\nSubject To\n  \\ Each node must have exactly one color\n  n1: x11 + x12 + x13 = 1\n  n2: x21 + x22 + x23 = 1\n  n3: x31 + x32 + x33 = 1\n  n4: x41 + x42 + x43 = 1\n  n5: x51 + x52 + x53 = 1\n\n  \\ Adjacent nodes must not share the same color\n  e12: x11 + x21 <= 1\n  e13: x11 + x31 <= 1\n  e23: x21 + x31 <= 1\n  e24: x21 + x41 <= 1\n  e25: x21 + x51 <= 1\n  e35: x31 + x51 <= 1\n  e45: x41 + x51 <= 1\n\n  \\ Ensure that if a color is used, the corresponding color variable is 1\n  c1_def1: x11 <= c1\n  c1_def2: x21 <= c1\n  c1_def3: x31 <= c1\n  c1_def4: x41 <= c1\n  c1_def5: x51 <= c1\n\n  c2_def1: x12 <= c2\n  c2_def2: x22 <= c2\n  c2_def3: x32 <= c2\n  c2_def4: x42 <= c2\n  c2_def5: x52 <= c2\n\n  c3_def1: x13 <= c3\n  c3_def2: x23 <= c3\n  c3_def3: x33 <= c3\n  c3_def4: x43 <= c3\n  c3_def5: x53 <= c3\n\nBounds\n  \\ Binary variables\n  0 <= x11 <= 1\n  0 <= x12 <= 1\n  0 <= x13 <= 1\n  0 <= x21 <= 1\n  0 <= x22 <= 1\n  0 <= x23 <= 1\n  0 <= x31 <= 1\n  0 <= x32 <= 1\n  0 <= x33 <= 1\n  0 <= x41 <= 1\n  0 <= x42 <= 1\n  0 <= x43 <= 1\n  0 <= x51 <= 1\n  0 <= x52 <= 1\n  0 <= x53 <= 1\n\n  \\ Color usage variables\n  0 <= c1 <= 1\n  0 <= c2 <= 1\n  0 <= c3 <= 1\n\nBinaries\n  x11 x12 x13\n  x21 x22 x23\n  x31 x32 x33\n  x41 x42 x43\n  x51 x52 x53\n  c1 c2 c3\n\nEnd\n```\n\nThis ILP formulation ensures that each node is assigned exactly one color, adjacent nodes do not share the same color, and the number of colors used is minimized. The variables \\( c1, c2, \\) and \\( c3 \\) are used to track whether each color is used, and the objective is to minimize their sum."", '2, 2, 2, 2, 2')"
in_house_5_4,textbook,standard,ilp_python,36,3,123.8117421658244,OPTIMAL,3,"[1, 5, 4, 4, 1]","('Q: I have a network of 5 nodes, numbered 1 to 5, with various nodes being connected to other nodes. I want to color the nodes such that no two connected nodes have the same color.\n\nThe connections are as follows:\nNode 1 is connected to node 2.\nNode 1 is connected to node 3.\nNode 2 is connected to node 3.\nNode 2 is connected to node 4.\nNode 2 is connected to node 5.\nNode 3 is connected to node 5.\nNode 4 is connected to node 5.\n\nHow can I color the nodes using the fewest colors possible? Generate a comma-separated list of colors for each node, where the colors are represented by integers ranging from 1 to the number of colors used. The colors should be in the order of the vertices, so the first color will correspond to node 1, the second color will correspond to node 2, and so on.\n\nPlease express this as an Integer Linear Program (ILP) problem using Python with the gurobipy library.\nSpecifically, define a function named f that returns an optimized gurobipy.Model object which represents the problem.\nHere is an example of the format you should use for your answer:\n```\nfrom gurobipy import GRB, Model\n\ndef f():\n    # Create the model\n    model = Model(""Example"")\n\n    # Add variables\n    vars = model.addMVar((5), vtype=GRB.BINARY, name=""vars"")\n\n    # Add constraints\n    model.addConstrs(vars[i] + vars[i + 1] <= 1 for i in range(4))\n    model.addConstr(vars[0] + vars[4] <= 1)\n\n    # Set objective\n    model.setObjective(vars.sum(), GRB.MAXIMIZE)\n\n    # Optimize/solve the model\n    model.optimize()\n\n    # Return the optimized model\n    return model\n```\nMake sure you only use the gurobipy library for this problem. Do not import any other libraries.\n', ""Your code was executed successfully. Here are all the variables of the model and their optimal values:\n\nx[0,0] = 1.0\nx[0,1] = 0.0\nx[0,2] = 0.0\nx[0,3] = 0.0\nx[0,4] = -0.0\nx[1,0] = 0.0\nx[1,1] = -0.0\nx[1,2] = -0.0\nx[1,3] = -0.0\nx[1,4] = 1.0\nx[2,0] = 0.0\nx[2,1] = 0.0\nx[2,2] = -0.0\nx[2,3] = 1.0\nx[2,4] = -0.0\nx[3,0] = -0.0\nx[3,1] = -0.0\nx[3,2] = 0.0\nx[3,3] = 1.0\nx[3,4] = -0.0\nx[4,0] = 1.0\nx[4,1] = 0.0\nx[4,2] = 0.0\nx[4,3] = 0.0\nx[4,4] = 0.0\ny[0] = 1.0\ny[1] = -0.0\ny[2] = -0.0\ny[3] = 1.0\ny[4] = 1.0\n\nTranslate this solution back to the original problem and provide it as originally specified.\nDo not add any more explanation once you've provided the solution."")","('```python\nfrom gurobipy import GRB, Model\n\ndef f():\n    # Create the model\n    model = Model(""GraphColoring"")\n\n    # Number of nodes\n    n = 5\n\n    # Maximum number of colors needed is n (in the worst case)\n    max_colors = n\n\n    # Add variables: x[i, c] = 1 if node i is colored with color c\n    x = model.addVars(n, max_colors, vtype=GRB.BINARY, name=""x"")\n\n    # Each node must have exactly one color\n    model.addConstrs((x.sum(i, \'*\') == 1 for i in range(n)), name=""NodeColor"")\n\n    # No two adjacent nodes can have the same color\n    edges = [(0, 1), (0, 2), (1, 2), (1, 3), (1, 4), (2, 4), (3, 4)]\n    model.addConstrs((x[i, c] + x[j, c] <= 1 for i, j in edges for c in range(max_colors)), name=""EdgeColor"")\n\n    # Objective: minimize the number of colors used\n    # Introduce auxiliary variables to represent if a color is used\n    y = model.addVars(max_colors, vtype=GRB.BINARY, name=""y"")\n    model.addConstrs((x.sum(\'*\', c) <= n * y[c] for c in range(max_colors)), name=""ColorUsed"")\n\n    model.setObjective(y.sum(), GRB.MINIMIZE)\n\n    # Optimize/solve the model\n    model.optimize()\n\n    # Return the optimized model\n    return model\n```\n\nThis code sets up an integer linear programming model to solve the graph coloring problem using the `gurobipy` library. The model aims to minimize the number of colors used while ensuring that no two connected nodes share the same color. The constraints ensure that each node is assigned exactly one color and that adjacent nodes do not share the same color. The auxiliary variables `y` are used to track whether a color is used, and the objective function minimizes the sum of these variables.', '1, 5, 4, 4, 1')"
in_house_5_5,textbook,standard,ilp_lp,26,2,335.83780729514547,ERRONEOUS,None,Solution has adjacent nodes with the same color. Nodes 1 and 2 are both colored 1.,"('Q: I have a network of 5 nodes, numbered 1 to 5, with various nodes being connected to other nodes. I want to color the nodes such that no two connected nodes have the same color.\n\nThe connections are as follows:\nNode 1 is connected to node 2.\nNode 1 is connected to node 3.\nNode 2 is connected to node 4.\nNode 3 is connected to node 4.\nNode 3 is connected to node 5.\n\nHow can I color the nodes using the fewest colors possible? Generate a comma-separated list of colors for each node, where the colors are represented by integers ranging from 1 to the number of colors used. The colors should be in the order of the vertices, so the first color will correspond to node 1, the second color will correspond to node 2, and so on.\n\nPlease express this as an Integer Linear Program (ILP) problem in the LP format.\nHere is an example of the LP file format:\n```\n\\ This is a comment\n\nMaximize\n  3 a + 2 b + c - 2 d\nSubject To\n  c0: a + b = 1\n  c1: b + c >= 0\n  c2: a + c < 4\nBounds\n  1 <= c <= 5\n  2 <= d\nBinaries \\ these are binary variables that can only be 0 or 1\n  a b\nGenerals \\ these are integer variables\n  c d\nEnd\n```\nNOTE: Keep in mind that all constraints must have only terms with variables on the left and only constant terms on the right (note that ""a <= b"" can be instead written as ""a - b <= 0"").\'', ""Your ILP problem was successfully solved. Here is the solution:\n\nObjective value: 2.0\nValue Assignments:\nk: 2.0\nx_1_1: 0.0\nx_1_2: -0.0\nx_1_3: 0.0\nx_1_4: 1.0\nx_1_5: 0.0\nx_2_1: 1.0\nx_2_2: 0.0\nx_2_3: 0.0\nx_2_4: 0.0\nx_2_5: -0.0\nx_3_1: 1.0\nx_3_2: 0.0\nx_3_3: 0.0\nx_3_4: -0.0\nx_3_5: 0.0\nx_4_1: 0.0\nx_4_2: 0.0\nx_4_3: -0.0\nx_4_4: 1.0\nx_4_5: 0.0\nx_5_1: 0.0\nx_5_2: 0.0\nx_5_3: 0.0\nx_5_4: 1.0\nx_5_5: -0.0\ny_1: 1.0\ny_2: -0.0\ny_3: -0.0\ny_4: 1.0\ny_5: -0.0\n\nTranslate this solution back to the original problem and provide it as originally specified.\nDo not add any more explanation once you've provided the solution."")","(""To solve the graph coloring problem using Integer Linear Programming (ILP), we need to assign colors to nodes such that no two adjacent nodes share the same color. We aim to use the fewest colors possible. Let's express this problem in the LP format.\n\n### Variables\n- Let \\( x_{i,j} \\) be a binary variable that is 1 if node \\( i \\) is colored with color \\( j \\), and 0 otherwise.\n- Let \\( k \\) be the maximum number of colors used.\n\n### Objective\nMinimize the number of colors used, \\( k \\).\n\n### Constraints\n1. **Each node must have exactly one color:**\n   \\[\n   \\sum_{j=1}^{k} x_{i,j} = 1 \\quad \\text{for each node } i\n   \\]\n\n2. **Adjacent nodes must have different colors:**\n   \\[\n   x_{1,j} + x_{2,j} \\leq 1 \\quad \\text{for each color } j\n   \\]\n   \\[\n   x_{1,j} + x_{3,j} \\leq 1 \\quad \\text{for each color } j\n   \\]\n   \\[\n   x_{2,j} + x_{4,j} \\leq 1 \\quad \\text{for each color } j\n   \\]\n   \\[\n   x_{3,j} + x_{4,j} \\leq 1 \\quad \\text{for each color } j\n   \\]\n   \\[\n   x_{3,j} + x_{5,j} \\leq 1 \\quad \\text{for each color } j\n   \\]\n\n3. **Ensure that if a color is used, it is counted in \\( k \\):**\n   \\[\n   x_{i,j} \\leq y_j \\quad \\text{for each node } i \\text{ and color } j\n   \\]\n   \\[\n   \\sum_{j=1}^{k} y_j = k\n   \\]\n\n### LP File Format\n```plaintext\nMinimize\n  k\nSubject To\n  c1: x_1_1 + x_1_2 + x_1_3 + x_1_4 + x_1_5 = 1\n  c2: x_2_1 + x_2_2 + x_2_3 + x_2_4 + x_2_5 = 1\n  c3: x_3_1 + x_3_2 + x_3_3 + x_3_4 + x_3_5 = 1\n  c4: x_4_1 + x_4_2 + x_4_3 + x_4_4 + x_4_5 = 1\n  c5: x_5_1 + x_5_2 + x_5_3 + x_5_4 + x_5_5 = 1\n  c6: x_1_1 + x_2_1 <= 1\n  c7: x_1_2 + x_2_2 <= 1\n  c8: x_1_3 + x_2_3 <= 1\n  c9: x_1_4 + x_2_4 <= 1\n  c10: x_1_5 + x_2_5 <= 1\n  c11: x_1_1 + x_3_1 <= 1\n  c12: x_1_2 + x_3_2 <= 1\n  c13: x_1_3 + x_3_3 <= 1\n  c14: x_1_4 + x_3_4 <= 1\n  c15: x_1_5 + x_3_5 <= 1\n  c16: x_2_1 + x_4_1 <= 1\n  c17: x_2_2 + x_4_2 <= 1\n  c18: x_2_3 + x_4_3 <= 1\n  c19: x_2_4 + x_4_4 <= 1\n  c20: x_2_5 + x_4_5 <= 1\n  c21: x_3_1 + x_4_1 <= 1\n  c22: x_3_2 + x_4_2 <= 1\n  c23: x_3_3 + x_4_3 <= 1\n  c24: x_3_4 + x_4_4 <= 1\n  c25: x_3_5 + x_4_5 <= 1\n  c26: x_3_1 + x_5_1 <= 1\n  c27: x_3_2 + x_5_2 <= 1\n  c28: x_3_3 + x_5_3 <= 1\n  c29: x_3_4 + x_5_4 <= 1\n  c30: x_3_5 + x_5_5 <= 1\n  c31: x_1_1 <= y_1\n  c32: x_1_2 <= y_2\n  c33: x_1_3 <= y_3\n  c34: x_1_4 <= y_4\n  c35: x_1_5 <= y_5\n  c36: x_2_1 <= y_1\n  c37: x_2_2 <= y_2\n  c38: x_2_3 <= y_3\n  c39: x_2_4 <= y_4\n  c40: x_2_5 <= y_5\n  c41: x_3_1 <= y_1\n  c42: x_3_2 <= y_2\n  c43: x_3_3 <= y_3\n  c44: x_3_4 <= y_4\n  c45: x_3_5 <= y_5\n  c46: x_4_1 <= y_1\n  c47: x_4_2 <= y_2\n  c48: x_4_3 <= y_3\n  c49: x_4_4 <= y_4\n  c50: x_4_5 <= y_5\n  c51: x_5_1 <= y_1\n  c52: x_5_2 <= y_2\n  c53: x_5_3 <= y_3\n  c54: x_5_4 <= y_4\n  c55: x_5_5 <= y_5\n  c56: y_1 + y_2 + y_3 + y_4 + y_5 = k\nBounds\n  0 <= x_1_1 <= 1\n  0 <= x_1_2 <= 1\n  0 <= x_1_3 <= 1\n  0 <= x_1_4 <= 1\n  0 <= x_1_5 <= 1\n  0 <= x_2_1 <= 1\n  0 <= x_2_2 <= 1\n  0 <= x_2_3 <= 1\n  0 <= x_2_4 <= 1\n  0 <= x_2_5 <= 1\n  0 <= x_3_1 <= 1\n  0 <= x_3_2 <= 1\n  0 <= x_3_3 <= 1\n  0 <= x_3_4 <= 1\n  0 <= x_3_5 <= 1\n  0 <= x_4_1 <= 1\n  0 <= x_4_2 <= 1\n  0 <= x_4_3 <= 1\n  0 <= x_4_4 <= 1\n  0 <= x_4_5 <= 1\n  0 <= x_5_1 <= 1\n  0 <= x_5_2 <= 1\n  0 <= x_5_3 <= 1\n  0 <= x_5_4 <= 1\n  0 <= x_5_5 <= 1\n  0 <= y_1 <= 1\n  0 <= y_2 <= 1\n  0 <= y_3 <= 1\n  0 <= y_4 <= 1\n  0 <= y_5 <= 1\nBinaries\n  x_1_1 x_1_2 x_1_3 x_1_4 x_1_5\n  x_2_1 x_2_2 x_2_3 x_2_4 x_2_5\n  x_3_1 x_3_2 x_3_3 x_3_4 x_3_5\n  x_4_1 x_4_2 x_4_3 x_4_4 x_4_5\n  x_5_1 x_5_2 x_5_3 x_5_4 x_5_5\n  y_1 y_2 y_3 y_4 y_5\nGenerals\n  k\nEnd\n```\n\nThis ILP formulation will help you find the minimum number of colors needed to color the graph such that no two adjacent nodes have the same color."", '1, 1, 2, 2, 2')"
in_house_5_5,textbook,standard,ilp_python,26,2,183.82267809007317,OPTIMAL,2,"[3, 1, 1, 3, 3]","('Q: I have a network of 5 nodes, numbered 1 to 5, with various nodes being connected to other nodes. I want to color the nodes such that no two connected nodes have the same color.\n\nThe connections are as follows:\nNode 1 is connected to node 2.\nNode 1 is connected to node 3.\nNode 2 is connected to node 4.\nNode 3 is connected to node 4.\nNode 3 is connected to node 5.\n\nHow can I color the nodes using the fewest colors possible? Generate a comma-separated list of colors for each node, where the colors are represented by integers ranging from 1 to the number of colors used. The colors should be in the order of the vertices, so the first color will correspond to node 1, the second color will correspond to node 2, and so on.\n\nPlease express this as an Integer Linear Program (ILP) problem using Python with the gurobipy library.\nSpecifically, define a function named f that returns an optimized gurobipy.Model object which represents the problem.\nHere is an example of the format you should use for your answer:\n```\nfrom gurobipy import GRB, Model\n\ndef f():\n    # Create the model\n    model = Model(""Example"")\n\n    # Add variables\n    vars = model.addMVar((5), vtype=GRB.BINARY, name=""vars"")\n\n    # Add constraints\n    model.addConstrs(vars[i] + vars[i + 1] <= 1 for i in range(4))\n    model.addConstr(vars[0] + vars[4] <= 1)\n\n    # Set objective\n    model.setObjective(vars.sum(), GRB.MAXIMIZE)\n\n    # Optimize/solve the model\n    model.optimize()\n\n    # Return the optimized model\n    return model\n```\nMake sure you only use the gurobipy library for this problem. Do not import any other libraries.\n', ""Your code was executed successfully. Here are all the variables of the model and their optimal values:\n\nx[0,0] = 0.0\nx[0,1] = -0.0\nx[0,2] = 0.0\nx[0,3] = 1.0\nx[0,4] = 0.0\nx[1,0] = 1.0\nx[1,1] = 0.0\nx[1,2] = 0.0\nx[1,3] = 0.0\nx[1,4] = -0.0\nx[2,0] = 1.0\nx[2,1] = 0.0\nx[2,2] = 0.0\nx[2,3] = -0.0\nx[2,4] = 0.0\nx[3,0] = 0.0\nx[3,1] = 0.0\nx[3,2] = -0.0\nx[3,3] = 1.0\nx[3,4] = 0.0\nx[4,0] = 0.0\nx[4,1] = 0.0\nx[4,2] = 0.0\nx[4,3] = 1.0\nx[4,4] = -0.0\ny[0] = 1.0\ny[1] = -0.0\ny[2] = -0.0\ny[3] = 1.0\ny[4] = -0.0\n\nTranslate this solution back to the original problem and provide it as originally specified.\nDo not add any more explanation once you've provided the solution."")","('To solve the graph coloring problem using Integer Linear Programming (ILP) with the gurobipy library, we need to define binary variables that indicate whether a particular node is assigned a particular color. The objective is to minimize the number of colors used while ensuring that no two adjacent nodes share the same color.\n\nHere\'s how you can set up the ILP model using gurobipy:\n\n```python\nfrom gurobipy import GRB, Model\n\ndef f():\n    # Create the model\n    model = Model(""GraphColoring"")\n\n    # Number of nodes\n    num_nodes = 5\n\n    # Maximum number of colors (in the worst case, each node could have a different color)\n    max_colors = num_nodes\n\n    # Add variables: x[i, c] is 1 if node i is colored with color c\n    x = model.addVars(num_nodes, max_colors, vtype=GRB.BINARY, name=""x"")\n\n    # Add constraints: each node must have exactly one color\n    model.addConstrs((x.sum(i, \'*\') == 1 for i in range(num_nodes)), name=""NodeColor"")\n\n    # Add constraints: adjacent nodes cannot have the same color\n    edges = [(0, 1), (0, 2), (1, 3), (2, 3), (2, 4)]\n    model.addConstrs((x[i, c] + x[j, c] <= 1 for i, j in edges for c in range(max_colors)), name=""EdgeColor"")\n\n    # Add objective: minimize the number of colors used\n    # We introduce a binary variable y[c] which is 1 if color c is used\n    y = model.addVars(max_colors, vtype=GRB.BINARY, name=""y"")\n    model.addConstrs((x.sum(\'*\', c) <= num_nodes * y[c] for c in range(max_colors)), name=""ColorUsage"")\n\n    # Objective: minimize the number of colors used\n    model.setObjective(y.sum(), GRB.MINIMIZE)\n\n    # Optimize/solve the model\n    model.optimize()\n\n    # Return the optimized model\n    return model\n```\n\n### Explanation:\n- **Variables**: `x[i, c]` is a binary variable that is 1 if node `i` is colored with color `c`.\n- **Constraints**:\n  - Each node must be assigned exactly one color.\n  - No two adjacent nodes can share the same color.\n- **Objective**: Minimize the number of colors used. This is achieved by introducing auxiliary binary variables `y[c]` that indicate whether color `c` is used, and minimizing the sum of these variables.\n\nThis setup ensures that the graph is colored using the fewest number of colors while satisfying the constraints. The model is then optimized using Gurobi\'s solver.', '3, 1, 1, 3, 3')"
in_house_5_6,textbook,standard,ilp_lp,16,2,215.05845521809533,SUBOPTIMAL,5,"[2, 4, 5, 3, 1]","('Q: I have a network of 5 nodes, numbered 1 to 5, with various nodes being connected to other nodes. I want to color the nodes such that no two connected nodes have the same color.\n\nThe connections are as follows:\nNode 1 is connected to node 5.\nNode 3 is connected to node 5.\nNode 4 is connected to node 5.\n\nHow can I color the nodes using the fewest colors possible? Generate a comma-separated list of colors for each node, where the colors are represented by integers ranging from 1 to the number of colors used. The colors should be in the order of the vertices, so the first color will correspond to node 1, the second color will correspond to node 2, and so on.\n\nPlease express this as an Integer Linear Program (ILP) problem in the LP format.\nHere is an example of the LP file format:\n```\n\\ This is a comment\n\nMaximize\n  3 a + 2 b + c - 2 d\nSubject To\n  c0: a + b = 1\n  c1: b + c >= 0\n  c2: a + c < 4\nBounds\n  1 <= c <= 5\n  2 <= d\nBinaries \\ these are binary variables that can only be 0 or 1\n  a b\nGenerals \\ these are integer variables\n  c d\nEnd\n```\nNOTE: Keep in mind that all constraints must have only terms with variables on the left and only constant terms on the right (note that ""a <= b"" can be instead written as ""a - b <= 0"").\'', ""Your ILP problem was successfully solved. Here is the solution:\n\nObjective value: 1.0\nValue Assignments:\nnum_colors: 1.0\nx_1_1: -0.0\nx_1_2: 1.0\nx_1_3: 0.0\nx_1_4: -0.0\nx_1_5: -0.0\nx_2_1: -0.0\nx_2_2: -0.0\nx_2_3: 0.0\nx_2_4: 1.0\nx_2_5: -0.0\nx_3_1: -0.0\nx_3_2: -0.0\nx_3_3: -0.0\nx_3_4: 0.0\nx_3_5: 1.0\nx_4_1: 0.0\nx_4_2: -0.0\nx_4_3: 1.0\nx_4_4: -0.0\nx_4_5: -0.0\nx_5_1: 1.0\nx_5_2: -0.0\nx_5_3: -0.0\nx_5_4: -0.0\nx_5_5: -0.0\n\nTranslate this solution back to the original problem and provide it as originally specified.\nDo not add any more explanation once you've provided the solution."")","(""To solve the graph coloring problem using Integer Linear Programming (ILP), we need to assign colors to the nodes such that no two connected nodes share the same color. We will use binary variables to represent whether a node is assigned a particular color. The goal is to minimize the number of colors used.\n\nLet's define the problem:\n\n- Let \\( x_{i,j} \\) be a binary variable that is 1 if node \\( i \\) is assigned color \\( j \\), and 0 otherwise.\n- We need to ensure that each node is assigned exactly one color.\n- We also need to ensure that no two connected nodes have the same color.\n- We aim to minimize the number of colors used.\n\nGiven the connections:\n- Node 1 is connected to node 5.\n- Node 3 is connected to node 5.\n- Node 4 is connected to node 5.\n\nWe can express this problem in the LP format as follows:\n\n```\n\\ Graph coloring ILP for 5 nodes\n\nMinimize\n  num_colors\n\nSubject To\n  \\ Each node must have exactly one color\n  c1: x_1_1 + x_1_2 + x_1_3 + x_1_4 + x_1_5 = 1\n  c2: x_2_1 + x_2_2 + x_2_3 + x_2_4 + x_2_5 = 1\n  c3: x_3_1 + x_3_2 + x_3_3 + x_3_4 + x_3_5 = 1\n  c4: x_4_1 + x_4_2 + x_4_3 + x_4_4 + x_4_5 = 1\n  c5: x_5_1 + x_5_2 + x_5_3 + x_5_4 + x_5_5 = 1\n\n  \\ No two connected nodes can have the same color\n  c6: x_1_1 + x_5_1 <= 1\n  c7: x_1_2 + x_5_2 <= 1\n  c8: x_1_3 + x_5_3 <= 1\n  c9: x_1_4 + x_5_4 <= 1\n  c10: x_1_5 + x_5_5 <= 1\n\n  c11: x_3_1 + x_5_1 <= 1\n  c12: x_3_2 + x_5_2 <= 1\n  c13: x_3_3 + x_5_3 <= 1\n  c14: x_3_4 + x_5_4 <= 1\n  c15: x_3_5 + x_5_5 <= 1\n\n  c16: x_4_1 + x_5_1 <= 1\n  c17: x_4_2 + x_5_2 <= 1\n  c18: x_4_3 + x_5_3 <= 1\n  c19: x_4_4 + x_5_4 <= 1\n  c20: x_4_5 + x_5_5 <= 1\n\n  \\ Define num_colors as the maximum color used\n  c21: x_1_1 + x_2_1 + x_3_1 + x_4_1 + x_5_1 <= num_colors\n  c22: x_1_2 + x_2_2 + x_3_2 + x_4_2 + x_5_2 <= num_colors\n  c23: x_1_3 + x_2_3 + x_3_3 + x_4_3 + x_5_3 <= num_colors\n  c24: x_1_4 + x_2_4 + x_3_4 + x_4_4 + x_5_4 <= num_colors\n  c25: x_1_5 + x_2_5 + x_3_5 + x_4_5 + x_5_5 <= num_colors\n\nBounds\n  0 <= num_colors <= 5\n\nBinaries\n  x_1_1 x_1_2 x_1_3 x_1_4 x_1_5\n  x_2_1 x_2_2 x_2_3 x_2_4 x_2_5\n  x_3_1 x_3_2 x_3_3 x_3_4 x_3_5\n  x_4_1 x_4_2 x_4_3 x_4_4 x_4_5\n  x_5_1 x_5_2 x_5_3 x_5_4 x_5_5\n\nGenerals\n  num_colors\n\nEnd\n```\n\nThis ILP formulation ensures that each node is assigned exactly one color, no two connected nodes share the same color, and the number of colors used is minimized. The variable `num_colors` represents the maximum color index used, which we aim to minimize."", '2,4,5,3,1')"
in_house_5_6,textbook,standard,ilp_python,16,2,153.77187996194698,OPTIMAL,2,"[1, 1, 1, 1, 2]","('Q: I have a network of 5 nodes, numbered 1 to 5, with various nodes being connected to other nodes. I want to color the nodes such that no two connected nodes have the same color.\n\nThe connections are as follows:\nNode 1 is connected to node 5.\nNode 3 is connected to node 5.\nNode 4 is connected to node 5.\n\nHow can I color the nodes using the fewest colors possible? Generate a comma-separated list of colors for each node, where the colors are represented by integers ranging from 1 to the number of colors used. The colors should be in the order of the vertices, so the first color will correspond to node 1, the second color will correspond to node 2, and so on.\n\nPlease express this as an Integer Linear Program (ILP) problem using Python with the gurobipy library.\nSpecifically, define a function named f that returns an optimized gurobipy.Model object which represents the problem.\nHere is an example of the format you should use for your answer:\n```\nfrom gurobipy import GRB, Model\n\ndef f():\n    # Create the model\n    model = Model(""Example"")\n\n    # Add variables\n    vars = model.addMVar((5), vtype=GRB.BINARY, name=""vars"")\n\n    # Add constraints\n    model.addConstrs(vars[i] + vars[i + 1] <= 1 for i in range(4))\n    model.addConstr(vars[0] + vars[4] <= 1)\n\n    # Set objective\n    model.setObjective(vars.sum(), GRB.MAXIMIZE)\n\n    # Optimize/solve the model\n    model.optimize()\n\n    # Return the optimized model\n    return model\n```\nMake sure you only use the gurobipy library for this problem. Do not import any other libraries.\n', ""Your code was executed successfully. Here are all the variables of the model and their optimal values:\n\nx[0,0] = 1.0\nx[0,1] = -0.0\nx[0,2] = -0.0\nx[0,3] = 0.0\nx[0,4] = 0.0\nx[1,0] = 1.0\nx[1,1] = -0.0\nx[1,2] = -0.0\nx[1,3] = -0.0\nx[1,4] = -0.0\nx[2,0] = 1.0\nx[2,1] = 0.0\nx[2,2] = 0.0\nx[2,3] = 0.0\nx[2,4] = 0.0\nx[3,0] = 1.0\nx[3,1] = 0.0\nx[3,2] = 0.0\nx[3,3] = 0.0\nx[3,4] = 0.0\nx[4,0] = 0.0\nx[4,1] = 1.0\nx[4,2] = 0.0\nx[4,3] = -0.0\nx[4,4] = -0.0\ny[0] = 1.0\ny[1] = 1.0\ny[2] = -0.0\ny[3] = -0.0\ny[4] = -0.0\n\nTranslate this solution back to the original problem and provide it as originally specified.\nDo not add any more explanation once you've provided the solution."")","('```python\nfrom gurobipy import GRB, Model\n\ndef f():\n    # Create the model\n    model = Model(""GraphColoring"")\n\n    # Number of nodes\n    n = 5\n\n    # Maximum number of colors needed is n (in the worst case)\n    max_colors = n\n\n    # Add variables: x[i, c] is 1 if node i is colored with color c\n    x = model.addVars(n, max_colors, vtype=GRB.BINARY, name=""x"")\n\n    # Each node must have exactly one color\n    model.addConstrs((x.sum(i, \'*\') == 1 for i in range(n)), name=""NodeColor"")\n\n    # No two connected nodes can have the same color\n    # Connections: (0, 4), (2, 4), (3, 4)\n    connections = [(0, 4), (2, 4), (3, 4)]\n    model.addConstrs((x[i, c] + x[j, c] <= 1 for i, j in connections for c in range(max_colors)), name=""EdgeColor"")\n\n    # Minimize the number of colors used\n    # Introduce a variable y[c] which is 1 if color c is used\n    y = model.addVars(max_colors, vtype=GRB.BINARY, name=""y"")\n    model.addConstrs((x.sum(\'*\', c) <= n * y[c] for c in range(max_colors)), name=""ColorUsed"")\n\n    # Objective: minimize the number of colors used\n    model.setObjective(y.sum(), GRB.MINIMIZE)\n\n    # Optimize/solve the model\n    model.optimize()\n\n    # Return the optimized model\n    return model\n```\n\nThis code sets up an integer linear programming model to solve the graph coloring problem using the `gurobipy` library. The model ensures that each node is assigned exactly one color and that no two connected nodes share the same color. The objective is to minimize the number of colors used. The constraints and variables are defined to reflect these requirements, and the model is optimized to find the solution.', '1,1,1,1,2')"
in_house_5_7,textbook,standard,ilp_lp,16,2,123.46225990611129,OPTIMAL,2,"[1, 1, 3, 3, 1]","('Q: I have a network of 5 nodes, numbered 1 to 5, with various nodes being connected to other nodes. I want to color the nodes such that no two connected nodes have the same color.\n\nThe connections are as follows:\nNode 2 is connected to node 3.\nNode 2 is connected to node 4.\nNode 3 is connected to node 5.\n\nHow can I color the nodes using the fewest colors possible? Generate a comma-separated list of colors for each node, where the colors are represented by integers ranging from 1 to the number of colors used. The colors should be in the order of the vertices, so the first color will correspond to node 1, the second color will correspond to node 2, and so on.\n\nPlease express this as an Integer Linear Program (ILP) problem in the LP format.\nHere is an example of the LP file format:\n```\n\\ This is a comment\n\nMaximize\n  3 a + 2 b + c - 2 d\nSubject To\n  c0: a + b = 1\n  c1: b + c >= 0\n  c2: a + c < 4\nBounds\n  1 <= c <= 5\n  2 <= d\nBinaries \\ these are binary variables that can only be 0 or 1\n  a b\nGenerals \\ these are integer variables\n  c d\nEnd\n```\nNOTE: Keep in mind that all constraints must have only terms with variables on the left and only constant terms on the right (note that ""a <= b"" can be instead written as ""a - b <= 0"").\'', ""Your ILP problem was successfully solved. Here is the solution:\n\nObjective value: 2.0\nValue Assignments:\ny1: 1.0\ny2: 0.0\ny3: 1.0\nx11: 1.0\nx12: 0.0\nx13: 0.0\nx21: 1.0\nx22: 0.0\nx23: 0.0\nx31: 0.0\nx32: 0.0\nx33: 1.0\nx41: 0.0\nx42: 0.0\nx43: 1.0\nx51: 1.0\nx52: 0.0\nx53: 0.0\n\nTranslate this solution back to the original problem and provide it as originally specified.\nDo not add any more explanation once you've provided the solution."")","(""To solve the graph coloring problem using Integer Linear Programming (ILP), we need to assign colors to nodes such that no two adjacent nodes share the same color. We aim to use the fewest colors possible. Here's how you can express this problem in the LP format:\n\n### Variables\n- Let \\( x_{i,j} \\) be a binary variable that is 1 if node \\( i \\) is colored with color \\( j \\), and 0 otherwise.\n- \\( i \\) ranges from 1 to 5 (for each node).\n- \\( j \\) ranges from 1 to \\( k \\), where \\( k \\) is the maximum number of colors we might need. Since we have 5 nodes, we can start with \\( k = 3 \\) as a reasonable upper bound.\n\n### Objective\nMinimize the number of colors used. We introduce a binary variable \\( y_j \\) for each color \\( j \\), which is 1 if color \\( j \\) is used, and 0 otherwise. The objective is to minimize the sum of \\( y_j \\).\n\n### Constraints\n1. **Each node must have exactly one color:**\n   \\[\n   \\sum_{j=1}^{k} x_{i,j} = 1 \\quad \\text{for each node } i\n   \\]\n\n2. **Adjacent nodes must not share the same color:**\n   - For node 2 and node 3: \\( x_{2,j} + x_{3,j} \\leq 1 \\) for all \\( j \\)\n   - For node 2 and node 4: \\( x_{2,j} + x_{4,j} \\leq 1 \\) for all \\( j \\)\n   - For node 3 and node 5: \\( x_{3,j} + x_{5,j} \\leq 1 \\) for all \\( j \\)\n\n3. **Linking color usage to nodes:**\n   \\[\n   x_{i,j} \\leq y_j \\quad \\text{for all nodes } i \\text{ and colors } j\n   \\]\n\n### LP File Format\n```plaintext\nMinimize\n  y1 + y2 + y3\nSubject To\n  c1: x11 + x12 + x13 = 1\n  c2: x21 + x22 + x23 = 1\n  c3: x31 + x32 + x33 = 1\n  c4: x41 + x42 + x43 = 1\n  c5: x51 + x52 + x53 = 1\n  c6: x21 + x31 <= 1\n  c7: x22 + x32 <= 1\n  c8: x23 + x33 <= 1\n  c9: x21 + x41 <= 1\n  c10: x22 + x42 <= 1\n  c11: x23 + x43 <= 1\n  c12: x31 + x51 <= 1\n  c13: x32 + x52 <= 1\n  c14: x33 + x53 <= 1\n  c15: x11 <= y1\n  c16: x12 <= y2\n  c17: x13 <= y3\n  c18: x21 <= y1\n  c19: x22 <= y2\n  c20: x23 <= y3\n  c21: x31 <= y1\n  c22: x32 <= y2\n  c23: x33 <= y3\n  c24: x41 <= y1\n  c25: x42 <= y2\n  c26: x43 <= y3\n  c27: x51 <= y1\n  c28: x52 <= y2\n  c29: x53 <= y3\nBounds\nBinaries\n  x11 x12 x13 x21 x22 x23 x31 x32 x33 x41 x42 x43 x51 x52 x53 y1 y2 y3\nEnd\n```\n\nThis ILP formulation will help you find the minimum number of colors needed to color the nodes such that no two connected nodes share the same color. The solution will provide the color assignment for each node."", '1,1,3,3,1')"
in_house_5_7,textbook,standard,ilp_python,16,2,184.28107806900516,ERRONEOUS,None,Solution has adjacent nodes with the same color. Nodes 2 and 4 are both colored 1.,"('Q: I have a network of 5 nodes, numbered 1 to 5, with various nodes being connected to other nodes. I want to color the nodes such that no two connected nodes have the same color.\n\nThe connections are as follows:\nNode 2 is connected to node 3.\nNode 2 is connected to node 4.\nNode 3 is connected to node 5.\n\nHow can I color the nodes using the fewest colors possible? Generate a comma-separated list of colors for each node, where the colors are represented by integers ranging from 1 to the number of colors used. The colors should be in the order of the vertices, so the first color will correspond to node 1, the second color will correspond to node 2, and so on.\n\nPlease express this as an Integer Linear Program (ILP) problem using Python with the gurobipy library.\nSpecifically, define a function named f that returns an optimized gurobipy.Model object which represents the problem.\nHere is an example of the format you should use for your answer:\n```\nfrom gurobipy import GRB, Model\n\ndef f():\n    # Create the model\n    model = Model(""Example"")\n\n    # Add variables\n    vars = model.addMVar((5), vtype=GRB.BINARY, name=""vars"")\n\n    # Add constraints\n    model.addConstrs(vars[i] + vars[i + 1] <= 1 for i in range(4))\n    model.addConstr(vars[0] + vars[4] <= 1)\n\n    # Set objective\n    model.setObjective(vars.sum(), GRB.MAXIMIZE)\n\n    # Optimize/solve the model\n    model.optimize()\n\n    # Return the optimized model\n    return model\n```\nMake sure you only use the gurobipy library for this problem. Do not import any other libraries.\n', ""Your code was executed successfully. Here are all the variables of the model and their optimal values:\n\nx[0,0] = -0.0\nx[0,1] = 0.0\nx[0,2] = 0.0\nx[0,3] = -0.0\nx[0,4] = 1.0\nx[1,0] = 1.0\nx[1,1] = -0.0\nx[1,2] = -0.0\nx[1,3] = -0.0\nx[1,4] = 0.0\nx[2,0] = 0.0\nx[2,1] = -0.0\nx[2,2] = -0.0\nx[2,3] = 1.0\nx[2,4] = -0.0\nx[3,0] = 0.0\nx[3,1] = 0.0\nx[3,2] = 0.0\nx[3,3] = 0.0\nx[3,4] = 1.0\nx[4,0] = 1.0\nx[4,1] = -0.0\nx[4,2] = -0.0\nx[4,3] = -0.0\nx[4,4] = -0.0\ny[0] = 1.0\ny[1] = 0.0\ny[2] = -0.0\ny[3] = 1.0\ny[4] = 1.0\n\nTranslate this solution back to the original problem and provide it as originally specified.\nDo not add any more explanation once you've provided the solution."")","('To solve the graph coloring problem using Integer Linear Programming (ILP) with the gurobipy library, we need to define variables that represent the color assigned to each node. The goal is to minimize the number of colors used while ensuring that no two connected nodes share the same color.\n\nHere\'s how you can set up the ILP model using gurobipy:\n\n```python\nfrom gurobipy import GRB, Model\n\ndef f():\n    # Create the model\n    model = Model(""GraphColoring"")\n\n    # Number of nodes\n    num_nodes = 5\n\n    # Maximum number of colors (in the worst case, each node could have a different color)\n    max_colors = num_nodes\n\n    # Add variables: x[i, c] = 1 if node i is colored with color c, 0 otherwise\n    x = model.addVars(num_nodes, max_colors, vtype=GRB.BINARY, name=""x"")\n\n    # Add constraints: each node must have exactly one color\n    model.addConstrs((x.sum(i, \'*\') == 1 for i in range(num_nodes)), name=""NodeColor"")\n\n    # Add constraints: no two connected nodes can have the same color\n    edges = [(1, 2), (1, 3), (2, 3), (2, 4), (3, 4), (3, 5)]\n    for i, j in edges:\n        model.addConstrs((x[i-1, c] + x[j-1, c] <= 1 for c in range(max_colors)), name=f""Edge_{i}_{j}"")\n\n    # Add variables: y[c] = 1 if color c is used, 0 otherwise\n    y = model.addVars(max_colors, vtype=GRB.BINARY, name=""y"")\n\n    # Link x and y: if any node uses color c, then y[c] must be 1\n    model.addConstrs((x.sum(\'*\', c) <= num_nodes * y[c] for c in range(max_colors)), name=""ColorUsage"")\n\n    # Objective: minimize the number of colors used\n    model.setObjective(y.sum(), GRB.MINIMIZE)\n\n    # Optimize/solve the model\n    model.optimize()\n\n    # Return the optimized model\n    return model\n```\n\n### Explanation:\n- **Variables**: `x[i, c]` is a binary variable that is 1 if node `i` is colored with color `c`. `y[c]` is a binary variable that is 1 if color `c` is used.\n- **Constraints**:\n  - Each node must be assigned exactly one color.\n  - No two connected nodes can share the same color.\n  - If any node uses a color `c`, then `y[c]` must be 1.\n- **Objective**: Minimize the sum of `y[c]`, which represents the total number of colors used.\n\nThis setup ensures that the graph is colored using the fewest number of colors while satisfying the constraints.', '1,1,3,1,1')"
in_house_5_8,textbook,standard,ilp_lp,41,4,408.3246746819932,SUBOPTIMAL,5,"[1, 4, 5, 3, 2]","('Q: I have a network of 5 nodes, numbered 1 to 5, with various nodes being connected to other nodes. I want to color the nodes such that no two connected nodes have the same color.\n\nThe connections are as follows:\nNode 1 is connected to node 2.\nNode 1 is connected to node 3.\nNode 1 is connected to node 4.\nNode 1 is connected to node 5.\nNode 2 is connected to node 3.\nNode 2 is connected to node 5.\nNode 3 is connected to node 4.\nNode 3 is connected to node 5.\n\nHow can I color the nodes using the fewest colors possible? Generate a comma-separated list of colors for each node, where the colors are represented by integers ranging from 1 to the number of colors used. The colors should be in the order of the vertices, so the first color will correspond to node 1, the second color will correspond to node 2, and so on.\n\nPlease express this as an Integer Linear Program (ILP) problem in the LP format.\nHere is an example of the LP file format:\n```\n\\ This is a comment\n\nMaximize\n  3 a + 2 b + c - 2 d\nSubject To\n  c0: a + b = 1\n  c1: b + c >= 0\n  c2: a + c < 4\nBounds\n  1 <= c <= 5\n  2 <= d\nBinaries \\ these are binary variables that can only be 0 or 1\n  a b\nGenerals \\ these are integer variables\n  c d\nEnd\n```\nNOTE: Keep in mind that all constraints must have only terms with variables on the left and only constant terms on the right (note that ""a <= b"" can be instead written as ""a - b <= 0"").\'', ""Your ILP problem was successfully solved. Here is the solution:\n\nObjective value: 1.0\nValue Assignments:\nk: 1.0\nx_1_1: 1.0\nx_1_2: 0.0\nx_1_3: 0.0\nx_1_4: 0.0\nx_1_5: 0.0\nx_2_1: 0.0\nx_2_2: 0.0\nx_2_3: 0.0\nx_2_4: 1.0\nx_2_5: 0.0\nx_3_1: 0.0\nx_3_2: 0.0\nx_3_3: 0.0\nx_3_4: 0.0\nx_3_5: 1.0\nx_4_1: 0.0\nx_4_2: 0.0\nx_4_3: 1.0\nx_4_4: 0.0\nx_4_5: 0.0\nx_5_1: 0.0\nx_5_2: 1.0\nx_5_3: 0.0\nx_5_4: 0.0\nx_5_5: 0.0\n\nTranslate this solution back to the original problem and provide it as originally specified.\nDo not add any more explanation once you've provided the solution."")","(""To solve the graph coloring problem using Integer Linear Programming (ILP), we need to assign colors to nodes such that no two adjacent nodes share the same color. The goal is to minimize the number of colors used. Here's how you can express this problem in the LP format:\n\n### Variables\n- Let \\( x_{i,j} \\) be a binary variable that is 1 if node \\( i \\) is colored with color \\( j \\), and 0 otherwise.\n- We need to minimize the number of colors used, so we introduce a variable \\( k \\) which represents the maximum color index used.\n\n### Objective\nMinimize \\( k \\).\n\n### Constraints\n1. **Each node must have exactly one color:**\n   \\[\n   \\sum_{j=1}^{5} x_{i,j} = 1 \\quad \\text{for each node } i = 1, 2, 3, 4, 5\n   \\]\n\n2. **Adjacent nodes must have different colors:**\n   \\[\n   x_{1,j} + x_{2,j} \\leq 1 \\quad \\text{for each color } j\n   \\]\n   \\[\n   x_{1,j} + x_{3,j} \\leq 1 \\quad \\text{for each color } j\n   \\]\n   \\[\n   x_{1,j} + x_{4,j} \\leq 1 \\quad \\text{for each color } j\n   \\]\n   \\[\n   x_{1,j} + x_{5,j} \\leq 1 \\quad \\text{for each color } j\n   \\]\n   \\[\n   x_{2,j} + x_{3,j} \\leq 1 \\quad \\text{for each color } j\n   \\]\n   \\[\n   x_{2,j} + x_{5,j} \\leq 1 \\quad \\text{for each color } j\n   \\]\n   \\[\n   x_{3,j} + x_{4,j} \\leq 1 \\quad \\text{for each color } j\n   \\]\n   \\[\n   x_{3,j} + x_{5,j} \\leq 1 \\quad \\text{for each color } j\n   \\]\n\n3. **Ensure that \\( k \\) is at least as large as the highest color used:**\n   \\[\n   x_{i,j} \\leq k \\quad \\text{for each node } i \\text{ and color } j\n   \\]\n\n### LP File Format\n```plaintext\nMinimize\n  k\nSubject To\n  c1: x_1_1 + x_1_2 + x_1_3 + x_1_4 + x_1_5 = 1\n  c2: x_2_1 + x_2_2 + x_2_3 + x_2_4 + x_2_5 = 1\n  c3: x_3_1 + x_3_2 + x_3_3 + x_3_4 + x_3_5 = 1\n  c4: x_4_1 + x_4_2 + x_4_3 + x_4_4 + x_4_5 = 1\n  c5: x_5_1 + x_5_2 + x_5_3 + x_5_4 + x_5_5 = 1\n  c6: x_1_1 + x_2_1 <= 1\n  c7: x_1_2 + x_2_2 <= 1\n  c8: x_1_3 + x_2_3 <= 1\n  c9: x_1_4 + x_2_4 <= 1\n  c10: x_1_5 + x_2_5 <= 1\n  c11: x_1_1 + x_3_1 <= 1\n  c12: x_1_2 + x_3_2 <= 1\n  c13: x_1_3 + x_3_3 <= 1\n  c14: x_1_4 + x_3_4 <= 1\n  c15: x_1_5 + x_3_5 <= 1\n  c16: x_1_1 + x_4_1 <= 1\n  c17: x_1_2 + x_4_2 <= 1\n  c18: x_1_3 + x_4_3 <= 1\n  c19: x_1_4 + x_4_4 <= 1\n  c20: x_1_5 + x_4_5 <= 1\n  c21: x_1_1 + x_5_1 <= 1\n  c22: x_1_2 + x_5_2 <= 1\n  c23: x_1_3 + x_5_3 <= 1\n  c24: x_1_4 + x_5_4 <= 1\n  c25: x_1_5 + x_5_5 <= 1\n  c26: x_2_1 + x_3_1 <= 1\n  c27: x_2_2 + x_3_2 <= 1\n  c28: x_2_3 + x_3_3 <= 1\n  c29: x_2_4 + x_3_4 <= 1\n  c30: x_2_5 + x_3_5 <= 1\n  c31: x_2_1 + x_5_1 <= 1\n  c32: x_2_2 + x_5_2 <= 1\n  c33: x_2_3 + x_5_3 <= 1\n  c34: x_2_4 + x_5_4 <= 1\n  c35: x_2_5 + x_5_5 <= 1\n  c36: x_3_1 + x_4_1 <= 1\n  c37: x_3_2 + x_4_2 <= 1\n  c38: x_3_3 + x_4_3 <= 1\n  c39: x_3_4 + x_4_4 <= 1\n  c40: x_3_5 + x_4_5 <= 1\n  c41: x_3_1 + x_5_1 <= 1\n  c42: x_3_2 + x_5_2 <= 1\n  c43: x_3_3 + x_5_3 <= 1\n  c44: x_3_4 + x_5_4 <= 1\n  c45: x_3_5 + x_5_5 <= 1\n  c46: x_1_1 <= k\n  c47: x_1_2 <= k\n  c48: x_1_3 <= k\n  c49: x_1_4 <= k\n  c50: x_1_5 <= k\n  c51: x_2_1 <= k\n  c52: x_2_2 <= k\n  c53: x_2_3 <= k\n  c54: x_2_4 <= k\n  c55: x_2_5 <= k\n  c56: x_3_1 <= k\n  c57: x_3_2 <= k\n  c58: x_3_3 <= k\n  c59: x_3_4 <= k\n  c60: x_3_5 <= k\n  c61: x_4_1 <= k\n  c62: x_4_2 <= k\n  c63: x_4_3 <= k\n  c64: x_4_4 <= k\n  c65: x_4_5 <= k\n  c66: x_5_1 <= k\n  c67: x_5_2 <= k\n  c68: x_5_3 <= k\n  c69: x_5_4 <= k\n  c70: x_5_5 <= k\nBounds\n  1 <= k <= 5\nBinaries\n  x_1_1 x_1_2 x_1_3 x_1_4 x_1_5\n  x_2_1 x_2_2 x_2_3 x_2_4 x_2_5\n  x_3_1 x_3_2 x_3_3 x_3_4 x_3_5\n  x_4_1 x_4_2 x_4_3 x_4_4 x_4_5\n  x_5_1 x_5_2 x_5_3 x_5_4 x_5_5\nGenerals\n  k\nEnd\n```\n\nThis ILP formulation will help you find the minimum number of colors needed to color the graph such that no two adjacent nodes have the same color. The solution will provide the color assignment for each node."", '1, 4, 5, 3, 2')"
in_house_5_8,textbook,standard,ilp_python,41,4,334.7960130569991,ERRONEOUS,None,Solution has adjacent nodes with the same color. Nodes 3 and 4 are both colored 3.,"('Q: I have a network of 5 nodes, numbered 1 to 5, with various nodes being connected to other nodes. I want to color the nodes such that no two connected nodes have the same color.\n\nThe connections are as follows:\nNode 1 is connected to node 2.\nNode 1 is connected to node 3.\nNode 1 is connected to node 4.\nNode 1 is connected to node 5.\nNode 2 is connected to node 3.\nNode 2 is connected to node 5.\nNode 3 is connected to node 4.\nNode 3 is connected to node 5.\n\nHow can I color the nodes using the fewest colors possible? Generate a comma-separated list of colors for each node, where the colors are represented by integers ranging from 1 to the number of colors used. The colors should be in the order of the vertices, so the first color will correspond to node 1, the second color will correspond to node 2, and so on.\n\nPlease express this as an Integer Linear Program (ILP) problem using Python with the gurobipy library.\nSpecifically, define a function named f that returns an optimized gurobipy.Model object which represents the problem.\nHere is an example of the format you should use for your answer:\n```\nfrom gurobipy import GRB, Model\n\ndef f():\n    # Create the model\n    model = Model(""Example"")\n\n    # Add variables\n    vars = model.addMVar((5), vtype=GRB.BINARY, name=""vars"")\n\n    # Add constraints\n    model.addConstrs(vars[i] + vars[i + 1] <= 1 for i in range(4))\n    model.addConstr(vars[0] + vars[4] <= 1)\n\n    # Set objective\n    model.setObjective(vars.sum(), GRB.MAXIMIZE)\n\n    # Optimize/solve the model\n    model.optimize()\n\n    # Return the optimized model\n    return model\n```\nMake sure you only use the gurobipy library for this problem. Do not import any other libraries.\n', ""Your code was executed successfully. Here are all the variables of the model and their optimal values:\n\nx[0,0] = 1.0\nx[0,1] = -0.0\nx[0,2] = -0.0\nx[0,3] = -0.0\nx[0,4] = 0.0\nx[1,0] = -0.0\nx[1,1] = -0.0\nx[1,2] = 0.0\nx[1,3] = 0.0\nx[1,4] = 1.0\nx[2,0] = 0.0\nx[2,1] = 0.0\nx[2,2] = -0.0\nx[2,3] = 1.0\nx[2,4] = -0.0\nx[3,0] = 0.0\nx[3,1] = -0.0\nx[3,2] = 1.0\nx[3,3] = -0.0\nx[3,4] = -0.0\nx[4,0] = 0.0\nx[4,1] = 0.0\nx[4,2] = 1.0\nx[4,3] = -0.0\nx[4,4] = -0.0\ny[0] = 1.0\ny[1] = -0.0\ny[2] = 1.0\ny[3] = 1.0\ny[4] = 1.0\n\nTranslate this solution back to the original problem and provide it as originally specified.\nDo not add any more explanation once you've provided the solution."")","('```python\nfrom gurobipy import GRB, Model\n\ndef f():\n    # Create the model\n    model = Model(""GraphColoring"")\n\n    # Number of nodes\n    n = 5\n\n    # Maximum number of colors needed (at most n)\n    max_colors = n\n\n    # Add variables: x[i, c] = 1 if node i is colored with color c\n    x = model.addVars(n, max_colors, vtype=GRB.BINARY, name=""x"")\n\n    # Each node must have exactly one color\n    model.addConstrs((x.sum(i, \'*\') == 1 for i in range(n)), name=""NodeColor"")\n\n    # No two adjacent nodes can have the same color\n    edges = [(0, 1), (0, 2), (0, 3), (0, 4), (1, 2), (1, 4), (2, 3), (2, 4)]\n    model.addConstrs((x[i, c] + x[j, c] <= 1 for i, j in edges for c in range(max_colors)), name=""EdgeColor"")\n\n    # Objective: minimize the number of colors used\n    # Introduce auxiliary variables to represent if a color is used\n    y = model.addVars(max_colors, vtype=GRB.BINARY, name=""y"")\n    model.addConstrs((x.sum(\'*\', c) <= n * y[c] for c in range(max_colors)), name=""ColorUsed"")\n\n    model.setObjective(y.sum(), GRB.MINIMIZE)\n\n    # Optimize/solve the model\n    model.optimize()\n\n    # Return the optimized model\n    return model\n```\n\nThis code sets up an Integer Linear Program (ILP) to solve the graph coloring problem using the `gurobipy` library. The model uses binary variables `x[i, c]` to indicate whether node `i` is colored with color `c`. The constraints ensure that each node is assigned exactly one color and that no two adjacent nodes share the same color. The objective is to minimize the number of colors used, represented by auxiliary variables `y[c]`.', '1, 4, 3, 3, 3')"
in_house_5_9,textbook,standard,ilp_lp,41,4,153.48510797019117,SUBOPTIMAL,5,"[1, 4, 5, 3, 2]","('Q: I have a network of 5 nodes, numbered 1 to 5, with various nodes being connected to other nodes. I want to color the nodes such that no two connected nodes have the same color.\n\nThe connections are as follows:\nNode 1 is connected to node 2.\nNode 1 is connected to node 5.\nNode 2 is connected to node 3.\nNode 2 is connected to node 4.\nNode 2 is connected to node 5.\nNode 3 is connected to node 4.\nNode 3 is connected to node 5.\nNode 4 is connected to node 5.\n\nHow can I color the nodes using the fewest colors possible? Generate a comma-separated list of colors for each node, where the colors are represented by integers ranging from 1 to the number of colors used. The colors should be in the order of the vertices, so the first color will correspond to node 1, the second color will correspond to node 2, and so on.\n\nPlease express this as an Integer Linear Program (ILP) problem in the LP format.\nHere is an example of the LP file format:\n```\n\\ This is a comment\n\nMaximize\n  3 a + 2 b + c - 2 d\nSubject To\n  c0: a + b = 1\n  c1: b + c >= 0\n  c2: a + c < 4\nBounds\n  1 <= c <= 5\n  2 <= d\nBinaries \\ these are binary variables that can only be 0 or 1\n  a b\nGenerals \\ these are integer variables\n  c d\nEnd\n```\nNOTE: Keep in mind that all constraints must have only terms with variables on the left and only constant terms on the right (note that ""a <= b"" can be instead written as ""a - b <= 0"").\'', ""Your ILP problem was successfully solved. Here is the solution:\n\nObjective value: 1.0\nValue Assignments:\nC: 1.0\nx_1_1: 1.0\nx_1_2: 0.0\nx_1_3: 0.0\nx_1_4: 0.0\nx_1_5: 0.0\nx_2_1: 0.0\nx_2_2: 0.0\nx_2_3: 0.0\nx_2_4: 1.0\nx_2_5: 0.0\nx_3_1: 0.0\nx_3_2: 0.0\nx_3_3: 0.0\nx_3_4: 0.0\nx_3_5: 1.0\nx_4_1: 0.0\nx_4_2: 0.0\nx_4_3: 1.0\nx_4_4: 0.0\nx_4_5: 0.0\nx_5_1: 0.0\nx_5_2: 1.0\nx_5_3: 0.0\nx_5_4: 0.0\nx_5_5: 0.0\n\nTranslate this solution back to the original problem and provide it as originally specified.\nDo not add any more explanation once you've provided the solution."")","(""To solve the graph coloring problem using Integer Linear Programming (ILP), we need to assign colors to the nodes such that no two adjacent nodes share the same color. The goal is to use the fewest number of colors possible. We can represent this problem using binary variables, where each variable indicates whether a particular node is assigned a particular color.\n\nLet's define the problem as follows:\n\n- Let \\( x_{i,j} \\) be a binary variable that is 1 if node \\( i \\) is colored with color \\( j \\), and 0 otherwise.\n- We need to minimize the number of colors used, which can be represented by the maximum color index used.\n\nGiven the connections between nodes, we can set up the ILP as follows:\n\n### ILP Formulation\n\n**Objective:**\n\nMinimize the maximum color index used. We introduce a variable \\( C \\) to represent this maximum color index.\n\n```\nMinimize\n  C\n```\n\n**Subject to:**\n\n1. Each node must be assigned exactly one color:\n\n   \\[\n   \\text{For each node } i: \\sum_{j=1}^{C} x_{i,j} = 1\n   \\]\n\n2. No two adjacent nodes can have the same color:\n\n   \\[\n   \\text{For each edge } (i, k): \\sum_{j=1}^{C} (x_{i,j} + x_{k,j}) \\leq 1\n   \\]\n\n3. Ensure that \\( C \\) is at least as large as any color index used:\n\n   \\[\n   \\text{For each node } i \\text{ and color } j: j \\cdot x_{i,j} \\leq C\n   \\]\n\n**Bounds:**\n\n- \\( x_{i,j} \\) are binary variables.\n\n**Binaries:**\n\n- All \\( x_{i,j} \\) variables.\n\n### LP File Format\n\nHere is the ILP in LP file format:\n\n```\n\\ Graph coloring ILP\n\nMinimize\n  C\n\nSubject To\n  \\ Each node must be assigned exactly one color\n  c1: x_1_1 + x_1_2 + x_1_3 + x_1_4 + x_1_5 = 1\n  c2: x_2_1 + x_2_2 + x_2_3 + x_2_4 + x_2_5 = 1\n  c3: x_3_1 + x_3_2 + x_3_3 + x_3_4 + x_3_5 = 1\n  c4: x_4_1 + x_4_2 + x_4_3 + x_4_4 + x_4_5 = 1\n  c5: x_5_1 + x_5_2 + x_5_3 + x_5_4 + x_5_5 = 1\n\n  \\ No two adjacent nodes can have the same color\n  c6: x_1_1 + x_2_1 <= 1\n  c7: x_1_2 + x_2_2 <= 1\n  c8: x_1_3 + x_2_3 <= 1\n  c9: x_1_4 + x_2_4 <= 1\n  c10: x_1_5 + x_2_5 <= 1\n\n  c11: x_1_1 + x_5_1 <= 1\n  c12: x_1_2 + x_5_2 <= 1\n  c13: x_1_3 + x_5_3 <= 1\n  c14: x_1_4 + x_5_4 <= 1\n  c15: x_1_5 + x_5_5 <= 1\n\n  c16: x_2_1 + x_3_1 <= 1\n  c17: x_2_2 + x_3_2 <= 1\n  c18: x_2_3 + x_3_3 <= 1\n  c19: x_2_4 + x_3_4 <= 1\n  c20: x_2_5 + x_3_5 <= 1\n\n  c21: x_2_1 + x_4_1 <= 1\n  c22: x_2_2 + x_4_2 <= 1\n  c23: x_2_3 + x_4_3 <= 1\n  c24: x_2_4 + x_4_4 <= 1\n  c25: x_2_5 + x_4_5 <= 1\n\n  c26: x_2_1 + x_5_1 <= 1\n  c27: x_2_2 + x_5_2 <= 1\n  c28: x_2_3 + x_5_3 <= 1\n  c29: x_2_4 + x_5_4 <= 1\n  c30: x_2_5 + x_5_5 <= 1\n\n  c31: x_3_1 + x_4_1 <= 1\n  c32: x_3_2 + x_4_2 <= 1\n  c33: x_3_3 + x_4_3 <= 1\n  c34: x_3_4 + x_4_4 <= 1\n  c35: x_3_5 + x_4_5 <= 1\n\n  c36: x_3_1 + x_5_1 <= 1\n  c37: x_3_2 + x_5_2 <= 1\n  c38: x_3_3 + x_5_3 <= 1\n  c39: x_3_4 + x_5_4 <= 1\n  c40: x_3_5 + x_5_5 <= 1\n\n  c41: x_4_1 + x_5_1 <= 1\n  c42: x_4_2 + x_5_2 <= 1\n  c43: x_4_3 + x_5_3 <= 1\n  c44: x_4_4 + x_5_4 <= 1\n  c45: x_4_5 + x_5_5 <= 1\n\n  \\ Ensure C is at least as large as any color index used\n  c46: x_1_1 <= C\n  c47: x_1_2 <= C\n  c48: x_1_3 <= C\n  c49: x_1_4 <= C\n  c50: x_1_5 <= C\n\n  c51: x_2_1 <= C\n  c52: x_2_2 <= C\n  c53: x_2_3 <= C\n  c54: x_2_4 <= C\n  c55: x_2_5 <= C\n\n  c56: x_3_1 <= C\n  c57: x_3_2 <= C\n  c58: x_3_3 <= C\n  c59: x_3_4 <= C\n  c60: x_3_5 <= C\n\n  c61: x_4_1 <= C\n  c62: x_4_2 <= C\n  c63: x_4_3 <= C\n  c64: x_4_4 <= C\n  c65: x_4_5 <= C\n\n  c66: x_5_1 <= C\n  c67: x_5_2 <= C\n  c68: x_5_3 <= C\n  c69: x_5_4 <= C\n  c70: x_5_5 <= C\n\nBounds\n  1 <= C\n\nBinaries\n  x_1_1 x_1_2 x_1_3 x_1_4 x_1_5\n  x_2_1 x_2_2 x_2_3 x_2_4 x_2_5\n  x_3_1 x_3_2 x_3_3 x_3_4 x_3_5\n  x_4_1 x_4_2 x_4_3 x_4_4 x_4_5\n  x_5_1 x_5_2 x_5_3 x_5_4 x_5_5\n\nEnd\n```\n\nThis ILP formulation will help you find the minimum number of colors needed to color the graph such that no two adjacent nodes have the same color."", '1, 4, 5, 3, 2')"
in_house_5_9,textbook,standard,ilp_python,41,4,184.15800685295835,OPTIMAL,4,"[1, 5, 1, 4, 2]","('Q: I have a network of 5 nodes, numbered 1 to 5, with various nodes being connected to other nodes. I want to color the nodes such that no two connected nodes have the same color.\n\nThe connections are as follows:\nNode 1 is connected to node 2.\nNode 1 is connected to node 5.\nNode 2 is connected to node 3.\nNode 2 is connected to node 4.\nNode 2 is connected to node 5.\nNode 3 is connected to node 4.\nNode 3 is connected to node 5.\nNode 4 is connected to node 5.\n\nHow can I color the nodes using the fewest colors possible? Generate a comma-separated list of colors for each node, where the colors are represented by integers ranging from 1 to the number of colors used. The colors should be in the order of the vertices, so the first color will correspond to node 1, the second color will correspond to node 2, and so on.\n\nPlease express this as an Integer Linear Program (ILP) problem using Python with the gurobipy library.\nSpecifically, define a function named f that returns an optimized gurobipy.Model object which represents the problem.\nHere is an example of the format you should use for your answer:\n```\nfrom gurobipy import GRB, Model\n\ndef f():\n    # Create the model\n    model = Model(""Example"")\n\n    # Add variables\n    vars = model.addMVar((5), vtype=GRB.BINARY, name=""vars"")\n\n    # Add constraints\n    model.addConstrs(vars[i] + vars[i + 1] <= 1 for i in range(4))\n    model.addConstr(vars[0] + vars[4] <= 1)\n\n    # Set objective\n    model.setObjective(vars.sum(), GRB.MAXIMIZE)\n\n    # Optimize/solve the model\n    model.optimize()\n\n    # Return the optimized model\n    return model\n```\nMake sure you only use the gurobipy library for this problem. Do not import any other libraries.\n', ""Your code was executed successfully. Here are all the variables of the model and their optimal values:\n\nx[0,0] = 1.0\nx[0,1] = -0.0\nx[0,2] = -0.0\nx[0,3] = -0.0\nx[0,4] = 0.0\nx[1,0] = 0.0\nx[1,1] = -0.0\nx[1,2] = -0.0\nx[1,3] = -0.0\nx[1,4] = 1.0\nx[2,0] = 1.0\nx[2,1] = -0.0\nx[2,2] = 0.0\nx[2,3] = -0.0\nx[2,4] = -0.0\nx[3,0] = -0.0\nx[3,1] = -0.0\nx[3,2] = -0.0\nx[3,3] = 1.0\nx[3,4] = -0.0\nx[4,0] = 0.0\nx[4,1] = 1.0\nx[4,2] = -0.0\nx[4,3] = 0.0\nx[4,4] = 0.0\ny[0] = 1.0\ny[1] = 1.0\ny[2] = 0.0\ny[3] = 1.0\ny[4] = 1.0\n\nTranslate this solution back to the original problem and provide it as originally specified.\nDo not add any more explanation once you've provided the solution."")","('```python\nfrom gurobipy import GRB, Model\n\ndef f():\n    # Create the model\n    model = Model(""GraphColoring"")\n\n    # Number of nodes\n    n = 5\n\n    # Maximum number of colors needed (worst case is n colors)\n    max_colors = n\n\n    # Add variables: x[i, c] = 1 if node i is colored with color c\n    x = model.addVars(n, max_colors, vtype=GRB.BINARY, name=""x"")\n\n    # Add constraints: each node must have exactly one color\n    model.addConstrs((x.sum(i, \'*\') == 1 for i in range(n)), name=""NodeColor"")\n\n    # Add constraints: adjacent nodes cannot have the same color\n    edges = [(0, 1), (0, 4), (1, 2), (1, 3), (1, 4), (2, 3), (2, 4), (3, 4)]\n    model.addConstrs((x[i, c] + x[j, c] <= 1 for i, j in edges for c in range(max_colors)), name=""EdgeColor"")\n\n    # Objective: minimize the number of colors used\n    # Introduce auxiliary variables to represent if a color is used\n    y = model.addVars(max_colors, vtype=GRB.BINARY, name=""y"")\n    model.addConstrs((x.sum(\'*\', c) <= n * y[c] for c in range(max_colors)), name=""ColorUsed"")\n\n    # Set objective to minimize the number of colors used\n    model.setObjective(y.sum(), GRB.MINIMIZE)\n\n    # Optimize/solve the model\n    model.optimize()\n\n    # Return the optimized model\n    return model\n```\n\nThis code sets up an Integer Linear Program (ILP) to solve the graph coloring problem using the `gurobipy` library. The model aims to color the nodes of a graph such that no two adjacent nodes share the same color, while minimizing the total number of colors used. The constraints ensure that each node is assigned exactly one color and that adjacent nodes do not share the same color. The objective function minimizes the number of colors used.', '1, 5, 1, 4, 2')"
in_house_6_0,textbook,standard,ilp_lp,46,3,123.11521219392307,ERRONEOUS,None,Solution has adjacent nodes with the same color. Nodes 1 and 2 are both colored 2.,"('Q: I have a network of 6 nodes, numbered 1 to 6, with various nodes being connected to other nodes. I want to color the nodes such that no two connected nodes have the same color.\n\nThe connections are as follows:\nNode 1 is connected to node 2.\nNode 1 is connected to node 3.\nNode 1 is connected to node 6.\nNode 2 is connected to node 4.\nNode 2 is connected to node 5.\nNode 2 is connected to node 6.\nNode 3 is connected to node 4.\nNode 3 is connected to node 6.\nNode 5 is connected to node 6.\n\nHow can I color the nodes using the fewest colors possible? Generate a comma-separated list of colors for each node, where the colors are represented by integers ranging from 1 to the number of colors used. The colors should be in the order of the vertices, so the first color will correspond to node 1, the second color will correspond to node 2, and so on.\n\nPlease express this as an Integer Linear Program (ILP) problem in the LP format.\nHere is an example of the LP file format:\n```\n\\ This is a comment\n\nMaximize\n  3 a + 2 b + c - 2 d\nSubject To\n  c0: a + b = 1\n  c1: b + c >= 0\n  c2: a + c < 4\nBounds\n  1 <= c <= 5\n  2 <= d\nBinaries \\ these are binary variables that can only be 0 or 1\n  a b\nGenerals \\ these are integer variables\n  c d\nEnd\n```\nNOTE: Keep in mind that all constraints must have only terms with variables on the left and only constant terms on the right (note that ""a <= b"" can be instead written as ""a - b <= 0"").\'', ""Your ILP problem was successfully solved. Here is the solution:\n\nObjective value: 1.0\nValue Assignments:\ny1: -0.0\ny2: 1.0\ny3: -0.0\ny4: -0.0\ny5: -0.0\ny6: -0.0\nx11: 0.0\nx12: 1.0\nx13: 0.0\nx14: 0.0\nx15: 0.0\nx16: 0.0\nx21: 0.0\nx22: 1.0\nx23: 0.0\nx24: 0.0\nx25: 0.0\nx26: 0.0\nx31: 0.0\nx32: 1.0\nx33: 0.0\nx34: 0.0\nx35: 0.0\nx36: 0.0\nx41: 0.0\nx42: 1.0\nx43: 0.0\nx44: 0.0\nx45: 0.0\nx46: 0.0\nx51: 0.0\nx52: 1.0\nx53: 0.0\nx54: 0.0\nx55: 0.0\nx56: 0.0\nx61: 0.0\nx62: 1.0\nx63: 0.0\nx64: 0.0\nx65: 0.0\nx66: 0.0\n\nTranslate this solution back to the original problem and provide it as originally specified.\nDo not add any more explanation once you've provided the solution."")","(""To solve the graph coloring problem using Integer Linear Programming (ILP), we need to assign colors to nodes such that no two adjacent nodes share the same color. The goal is to minimize the number of colors used. We can represent this problem using binary variables, where each variable indicates whether a particular node is assigned a particular color.\n\nLet's define the ILP formulation:\n\n1. **Variables**:\n   - Let \\( x_{i,j} \\) be a binary variable that is 1 if node \\( i \\) is assigned color \\( j \\), and 0 otherwise.\n   - Let \\( y_j \\) be a binary variable that is 1 if color \\( j \\) is used, and 0 otherwise.\n\n2. **Objective**:\n   - Minimize the number of colors used, which is the sum of \\( y_j \\).\n\n3. **Constraints**:\n   - Each node must be assigned exactly one color.\n   - No two adjacent nodes can have the same color.\n   - If a node is assigned a color, that color must be marked as used.\n\nGiven the graph structure, we can write the ILP in LP format as follows:\n\n```lp\n\\ Graph Coloring ILP\n\nMinimize\n  y1 + y2 + y3 + y4 + y5 + y6\n\nSubject To\n  \\ Each node must be assigned exactly one color\n  c1: x11 + x12 + x13 + x14 + x15 + x16 = 1\n  c2: x21 + x22 + x23 + x24 + x25 + x26 = 1\n  c3: x31 + x32 + x33 + x34 + x35 + x36 = 1\n  c4: x41 + x42 + x43 + x44 + x45 + x46 = 1\n  c5: x51 + x52 + x53 + x54 + x55 + x56 = 1\n  c6: x61 + x62 + x63 + x64 + x65 + x66 = 1\n\n  \\ No two adjacent nodes can have the same color\n  c7: x11 + x21 <= 1\n  c8: x11 + x31 <= 1\n  c9: x11 + x61 <= 1\n  c10: x21 + x41 <= 1\n  c11: x21 + x51 <= 1\n  c12: x21 + x61 <= 1\n  c13: x31 + x41 <= 1\n  c14: x31 + x61 <= 1\n  c15: x51 + x61 <= 1\n\n  \\ If a node is assigned a color, that color must be used\n  c16: x11 <= y1\n  c17: x12 <= y2\n  c18: x13 <= y3\n  c19: x14 <= y4\n  c20: x15 <= y5\n  c21: x16 <= y6\n  c22: x21 <= y1\n  c23: x22 <= y2\n  c24: x23 <= y3\n  c25: x24 <= y4\n  c26: x25 <= y5\n  c27: x26 <= y6\n  c28: x31 <= y1\n  c29: x32 <= y2\n  c30: x33 <= y3\n  c31: x34 <= y4\n  c32: x35 <= y5\n  c33: x36 <= y6\n  c34: x41 <= y1\n  c35: x42 <= y2\n  c36: x43 <= y3\n  c37: x44 <= y4\n  c38: x45 <= y5\n  c39: x46 <= y6\n  c40: x51 <= y1\n  c41: x52 <= y2\n  c42: x53 <= y3\n  c43: x54 <= y4\n  c44: x55 <= y5\n  c45: x56 <= y6\n  c46: x61 <= y1\n  c47: x62 <= y2\n  c48: x63 <= y3\n  c49: x64 <= y4\n  c50: x65 <= y5\n  c51: x66 <= y6\n\nBinaries\n  x11 x12 x13 x14 x15 x16\n  x21 x22 x23 x24 x25 x26\n  x31 x32 x33 x34 x35 x36\n  x41 x42 x43 x44 x45 x46\n  x51 x52 x53 x54 x55 x56\n  x61 x62 x63 x64 x65 x66\n  y1 y2 y3 y4 y5 y6\n\nEnd\n```\n\nThis ILP formulation will help you find the minimum number of colors needed to color the graph such that no two adjacent nodes share the same color. The solution will provide the color assignment for each node."", '2, 2, 2, 2, 2, 2')"
in_house_6_0,textbook,standard,ilp_python,46,3,244.56295974482782,ERRONEOUS,None,Solution has adjacent nodes with the same color. Nodes 1 and 2 are both colored 1.,"('Q: I have a network of 6 nodes, numbered 1 to 6, with various nodes being connected to other nodes. I want to color the nodes such that no two connected nodes have the same color.\n\nThe connections are as follows:\nNode 1 is connected to node 2.\nNode 1 is connected to node 3.\nNode 1 is connected to node 6.\nNode 2 is connected to node 4.\nNode 2 is connected to node 5.\nNode 2 is connected to node 6.\nNode 3 is connected to node 4.\nNode 3 is connected to node 6.\nNode 5 is connected to node 6.\n\nHow can I color the nodes using the fewest colors possible? Generate a comma-separated list of colors for each node, where the colors are represented by integers ranging from 1 to the number of colors used. The colors should be in the order of the vertices, so the first color will correspond to node 1, the second color will correspond to node 2, and so on.\n\nPlease express this as an Integer Linear Program (ILP) problem using Python with the gurobipy library.\nSpecifically, define a function named f that returns an optimized gurobipy.Model object which represents the problem.\nHere is an example of the format you should use for your answer:\n```\nfrom gurobipy import GRB, Model\n\ndef f():\n    # Create the model\n    model = Model(""Example"")\n\n    # Add variables\n    vars = model.addMVar((5), vtype=GRB.BINARY, name=""vars"")\n\n    # Add constraints\n    model.addConstrs(vars[i] + vars[i + 1] <= 1 for i in range(4))\n    model.addConstr(vars[0] + vars[4] <= 1)\n\n    # Set objective\n    model.setObjective(vars.sum(), GRB.MAXIMIZE)\n\n    # Optimize/solve the model\n    model.optimize()\n\n    # Return the optimized model\n    return model\n```\nMake sure you only use the gurobipy library for this problem. Do not import any other libraries.\n', ""Your code was executed successfully. Here are all the variables of the model and their optimal values:\n\nx[0,0] = 0.0\nx[0,1] = -0.0\nx[0,2] = 0.0\nx[0,3] = 0.0\nx[0,4] = 0.0\nx[0,5] = 1.0\nx[1,0] = 1.0\nx[1,1] = -0.0\nx[1,2] = -0.0\nx[1,3] = -0.0\nx[1,4] = -0.0\nx[1,5] = 0.0\nx[2,0] = 1.0\nx[2,1] = -0.0\nx[2,2] = -0.0\nx[2,3] = -0.0\nx[2,4] = -0.0\nx[2,5] = -0.0\nx[3,0] = -0.0\nx[3,1] = 1.0\nx[3,2] = 0.0\nx[3,3] = 0.0\nx[3,4] = 0.0\nx[3,5] = -0.0\nx[4,0] = 0.0\nx[4,1] = 0.0\nx[4,2] = 0.0\nx[4,3] = -0.0\nx[4,4] = 0.0\nx[4,5] = 1.0\nx[5,0] = -0.0\nx[5,1] = 1.0\nx[5,2] = -0.0\nx[5,3] = 0.0\nx[5,4] = -0.0\nx[5,5] = -0.0\ny[0] = 1.0\ny[1] = 1.0\ny[2] = -0.0\ny[3] = -0.0\ny[4] = -0.0\ny[5] = 1.0\n\nTranslate this solution back to the original problem and provide it as originally specified.\nDo not add any more explanation once you've provided the solution."")","('```python\nfrom gurobipy import GRB, Model\n\ndef f():\n    # Create the model\n    model = Model(""GraphColoring"")\n\n    # Number of nodes\n    n = 6\n\n    # Maximum number of colors needed (at most n)\n    max_colors = n\n\n    # Add variables: x[i, c] = 1 if node i is colored with color c\n    x = model.addVars(n, max_colors, vtype=GRB.BINARY, name=""x"")\n\n    # Each node must have exactly one color\n    model.addConstrs((x.sum(i, \'*\') == 1 for i in range(n)), name=""NodeColor"")\n\n    # Add constraints for connected nodes\n    edges = [(0, 1), (0, 2), (0, 5), (1, 3), (1, 4), (1, 5), (2, 3), (2, 5), (4, 5)]\n    for i, j in edges:\n        model.addConstrs((x[i, c] + x[j, c] <= 1 for c in range(max_colors)), name=f""Edge_{i}_{j}"")\n\n    # Objective: minimize the number of colors used\n    # Introduce auxiliary variables to track if a color is used\n    y = model.addVars(max_colors, vtype=GRB.BINARY, name=""y"")\n    model.addConstrs((x.sum(\'*\', c) <= n * y[c] for c in range(max_colors)), name=""ColorUsed"")\n\n    # Minimize the number of colors used\n    model.setObjective(y.sum(), GRB.MINIMIZE)\n\n    # Optimize/solve the model\n    model.optimize()\n\n    # Return the optimized model\n    return model\n```\n\nThis code sets up an integer linear programming model using the `gurobipy` library to solve the graph coloring problem. The model aims to color the nodes of a graph such that no two adjacent nodes share the same color, using the fewest number of colors possible. The constraints ensure that each node is assigned exactly one color and that adjacent nodes do not share the same color. The objective function minimizes the total number of colors used.', '1, 1, 1, 2, 1, 2')"
in_house_6_1,textbook,standard,ilp_lp,31,3,126.94481741799973,OPTIMAL,3,"[1, 2, 2, 1, 1, 3]","('Q: I have a network of 6 nodes, numbered 1 to 6, with various nodes being connected to other nodes. I want to color the nodes such that no two connected nodes have the same color.\n\nThe connections are as follows:\nNode 1 is connected to node 2.\nNode 1 is connected to node 3.\nNode 2 is connected to node 6.\nNode 3 is connected to node 5.\nNode 3 is connected to node 6.\nNode 5 is connected to node 6.\n\nHow can I color the nodes using the fewest colors possible? Generate a comma-separated list of colors for each node, where the colors are represented by integers ranging from 1 to the number of colors used. The colors should be in the order of the vertices, so the first color will correspond to node 1, the second color will correspond to node 2, and so on.\n\nPlease express this as an Integer Linear Program (ILP) problem in the LP format.\nHere is an example of the LP file format:\n```\n\\ This is a comment\n\nMaximize\n  3 a + 2 b + c - 2 d\nSubject To\n  c0: a + b = 1\n  c1: b + c >= 0\n  c2: a + c < 4\nBounds\n  1 <= c <= 5\n  2 <= d\nBinaries \\ these are binary variables that can only be 0 or 1\n  a b\nGenerals \\ these are integer variables\n  c d\nEnd\n```\nNOTE: Keep in mind that all constraints must have only terms with variables on the left and only constant terms on the right (note that ""a <= b"" can be instead written as ""a - b <= 0"").\'', ""An error occurred while Gurobi was solving the ILP problem:\n\nUnable to read file\n\nInstead of fixing the ILP specification, please provide a final answer for the problem. Do not add any more explanation once you've provided the solution."")","(""To solve the graph coloring problem using Integer Linear Programming (ILP), we need to assign colors to nodes such that no two adjacent nodes share the same color. We aim to use the fewest colors possible. Here's how you can express this problem in the LP format:\n\n### Variables\n- Let \\( x_{i,k} \\) be a binary variable that is 1 if node \\( i \\) is colored with color \\( k \\), and 0 otherwise.\n- Let \\( y_k \\) be a binary variable that is 1 if color \\( k \\) is used, and 0 otherwise.\n\n### Objective\nMinimize the number of colors used, which is the sum of \\( y_k \\).\n\n### Constraints\n1. Each node must have exactly one color:\n   \\[\n   \\sum_{k=1}^{K} x_{i,k} = 1 \\quad \\text{for each node } i\n   \\]\n   where \\( K \\) is the maximum number of colors we might need (in the worst case, equal to the number of nodes).\n\n2. Adjacent nodes must not share the same color:\n   \\[\n   x_{i,k} + x_{j,k} \\leq 1 \\quad \\text{for each edge } (i, j) \\text{ and each color } k\n   \\]\n\n3. A color \\( k \\) is used if any node is colored with \\( k \\):\n   \\[\n   x_{i,k} \\leq y_k \\quad \\text{for each node } i \\text{ and each color } k\n   \\]\n\n### LP Format\nHere is the ILP formulation in LP format:\n\n```\n\\ Graph Coloring ILP\n\nMinimize\n  y1 + y2 + y3 + y4 + y5 + y6\n\nSubject To\n  \\ Each node has exactly one color\n  c1: x11 + x12 + x13 + x14 + x15 + x16 = 1\n  c2: x21 + x22 + x23 + x24 + x25 + x26 = 1\n  c3: x31 + x32 + x33 + x34 + x35 + x36 = 1\n  c4: x41 + x42 + x43 + x44 + x45 + x46 = 1\n  c5: x51 + x52 + x53 + x54 + x55 + x56 = 1\n  c6: x61 + x62 + x63 + x64 + x65 + x66 = 1\n\n  \\ Adjacent nodes cannot share the same color\n  c7: x11 + x21 <= 1\n  c8: x12 + x22 <= 1\n  c9: x13 + x23 <= 1\n  c10: x14 + x24 <= 1\n  c11: x15 + x25 <= 1\n  c12: x16 + x26 <= 1\n\n  c13: x11 + x31 <= 1\n  c14: x12 + x32 <= 1\n  c15: x13 + x33 <= 1\n  c16: x14 + x34 <= 1\n  c17: x15 + x35 <= 1\n  c18: x16 + x36 <= 1\n\n  c19: x21 + x61 <= 1\n  c20: x22 + x62 <= 1\n  c21: x23 + x63 <= 1\n  c22: x24 + x64 <= 1\n  c23: x25 + x65 <= 1\n  c24: x26 + x66 <= 1\n\n  c25: x31 + x51 <= 1\n  c26: x32 + x52 <= 1\n  c27: x33 + x53 <= 1\n  c28: x34 + x54 <= 1\n  c29: x35 + x55 <= 1\n  c30: x36 + x56 <= 1\n\n  c31: x31 + x61 <= 1\n  c32: x32 + x62 <= 1\n  c33: x33 + x63 <= 1\n  c34: x34 + x64 <= 1\n  c35: x35 + x65 <= 1\n  c36: x36 + x66 <= 1\n\n  c37: x51 + x61 <= 1\n  c38: x52 + x62 <= 1\n  c39: x53 + x63 <= 1\n  c40: x54 + x64 <= 1\n  c41: x55 + x65 <= 1\n  c42: x56 + x66 <= 1\n\n  \\ A color is used if any node is colored with it\n  c43: x11 <= y1\n  c44: x12 <= y2\n  c45: x13 <= y3\n  c46: x14 <= y4\n  c47: x15 <= y5\n  c48: x16 <= y6\n\n  c49: x21 <= y1\n  c50: x22 <= y2\n  c51: x23 <= y3\n  c52: x24 <= y4\n  c53: x25 <= y5\n  c54: x26 <= y6\n\n  c55: x31 <= y1\n  c56: x32 <= y2\n  c57: x33 <= y3\n  c58: x34 <= y4\n  c59: x35 <= y5\n  c60: x36 <= y6\n\n  c61: x41 <= y1\n  c62: x42 <= y2\n  c63: x43 <= y3\n  c64: x44 <= y4\n  c65: x45 <= y5\n  c66: x46 <= y6\n\n  c67: x51 <= y1\n  c68: x52 <= y2\n  c69: x53 <= y3\n  c70: x54 <= y4\n  c71: x55 <= y5\n  c72: x56 <= y6\n\n  c73: x61 <= y1\n  c74: x62 <= y2\n  c75: x63 <= y3\n  c76: x64 <= y4\n  c77: x65 <= y5\n  c78: x66 <= y6\n\nBounds\n  x11, x12, x13, x14, x15, x16, x21, x22, x23, x24, x25, x26,\n  x31, x32, x33, x34, x35, x36, x41, x42, x43, x44, x45, x46,\n  x51, x52, x53, x54, x55, x56, x61, x62, x63, x64, x65, x66,\n  y1, y2, y3, y4, y5, y6 <= 1\n\nBinaries\n  x11, x12, x13, x14, x15, x16, x21, x22, x23, x24, x25, x26,\n  x31, x32, x33, x34, x35, x36, x41, x42, x43, x44, x45, x46,\n  x51, x52, x53, x54, x55, x56, x61, x62, x63, x64, x65, x66,\n  y1, y2, y3, y4, y5, y6\n\nEnd\n```\n\nThis ILP formulation will help you find the minimum number of colors needed to color the graph such that no two adjacent nodes have the same color. The solution will provide the color assignment for each node."", '1, 2, 2, 1, 1, 3')"
in_house_6_1,textbook,standard,ilp_python,31,3,275.7070568941999,OPTIMAL,3,"[1, 4, 4, 1, 1, 5]","('Q: I have a network of 6 nodes, numbered 1 to 6, with various nodes being connected to other nodes. I want to color the nodes such that no two connected nodes have the same color.\n\nThe connections are as follows:\nNode 1 is connected to node 2.\nNode 1 is connected to node 3.\nNode 2 is connected to node 6.\nNode 3 is connected to node 5.\nNode 3 is connected to node 6.\nNode 5 is connected to node 6.\n\nHow can I color the nodes using the fewest colors possible? Generate a comma-separated list of colors for each node, where the colors are represented by integers ranging from 1 to the number of colors used. The colors should be in the order of the vertices, so the first color will correspond to node 1, the second color will correspond to node 2, and so on.\n\nPlease express this as an Integer Linear Program (ILP) problem using Python with the gurobipy library.\nSpecifically, define a function named f that returns an optimized gurobipy.Model object which represents the problem.\nHere is an example of the format you should use for your answer:\n```\nfrom gurobipy import GRB, Model\n\ndef f():\n    # Create the model\n    model = Model(""Example"")\n\n    # Add variables\n    vars = model.addMVar((5), vtype=GRB.BINARY, name=""vars"")\n\n    # Add constraints\n    model.addConstrs(vars[i] + vars[i + 1] <= 1 for i in range(4))\n    model.addConstr(vars[0] + vars[4] <= 1)\n\n    # Set objective\n    model.setObjective(vars.sum(), GRB.MAXIMIZE)\n\n    # Optimize/solve the model\n    model.optimize()\n\n    # Return the optimized model\n    return model\n```\nMake sure you only use the gurobipy library for this problem. Do not import any other libraries.\n', ""Your code was executed successfully. Here are all the variables of the model and their optimal values:\n\nx[0,0] = 1.0\nx[0,1] = -0.0\nx[0,2] = -0.0\nx[0,3] = -0.0\nx[0,4] = 0.0\nx[0,5] = -0.0\nx[1,0] = 0.0\nx[1,1] = -0.0\nx[1,2] = -0.0\nx[1,3] = 1.0\nx[1,4] = -0.0\nx[1,5] = -0.0\nx[2,0] = -0.0\nx[2,1] = -0.0\nx[2,2] = -0.0\nx[2,3] = 1.0\nx[2,4] = 0.0\nx[2,5] = -0.0\nx[3,0] = 1.0\nx[3,1] = -0.0\nx[3,2] = -0.0\nx[3,3] = -0.0\nx[3,4] = -0.0\nx[3,5] = 0.0\nx[4,0] = 1.0\nx[4,1] = 0.0\nx[4,2] = -0.0\nx[4,3] = -0.0\nx[4,4] = -0.0\nx[4,5] = 0.0\nx[5,0] = 0.0\nx[5,1] = -0.0\nx[5,2] = 0.0\nx[5,3] = 0.0\nx[5,4] = 1.0\nx[5,5] = -0.0\ny[0] = 1.0\ny[1] = -0.0\ny[2] = -0.0\ny[3] = 1.0\ny[4] = 1.0\ny[5] = -0.0\n\nTranslate this solution back to the original problem and provide it as originally specified.\nDo not add any more explanation once you've provided the solution."")","('To solve the graph coloring problem using the fewest colors possible, we can formulate it as an Integer Linear Programming (ILP) problem. The goal is to assign colors to nodes such that no two adjacent nodes share the same color, and the number of colors used is minimized.\n\nHere\'s how you can define this problem using the `gurobipy` library in Python:\n\n```python\nfrom gurobipy import GRB, Model\n\ndef f():\n    # Create the model\n    model = Model(""GraphColoring"")\n\n    # Number of nodes\n    n = 6\n\n    # Edges of the graph\n    edges = [(1, 2), (1, 3), (2, 6), (3, 5), (3, 6), (5, 6)]\n\n    # Maximum number of colors (in the worst case, each node could have a different color)\n    max_colors = n\n\n    # Add variables: x[i, c] = 1 if node i is colored with color c\n    x = model.addVars(n, max_colors, vtype=GRB.BINARY, name=""x"")\n\n    # Add variables: y[c] = 1 if color c is used\n    y = model.addVars(max_colors, vtype=GRB.BINARY, name=""y"")\n\n    # Each node must have exactly one color\n    model.addConstrs((x.sum(i, \'*\') == 1 for i in range(n)), name=""NodeColor"")\n\n    # If a node i is colored with color c, then color c is used\n    model.addConstrs((x[i, c] <= y[c] for i in range(n) for c in range(max_colors)), name=""ColorUsage"")\n\n    # Adjacent nodes cannot have the same color\n    model.addConstrs((x[i-1, c] + x[j-1, c] <= 1 for (i, j) in edges for c in range(max_colors)), name=""Adjacent"")\n\n    # Objective: Minimize the number of colors used\n    model.setObjective(y.sum(), GRB.MINIMIZE)\n\n    # Optimize/solve the model\n    model.optimize()\n\n    # Return the optimized model\n    return model\n```\n\n### Explanation:\n- **Variables**:\n  - `x[i, c]`: Binary variable indicating if node `i` is colored with color `c`.\n  - `y[c]`: Binary variable indicating if color `c` is used.\n\n- **Constraints**:\n  - Each node must be assigned exactly one color.\n  - If a node is assigned a color, that color is marked as used.\n  - Adjacent nodes cannot share the same color.\n\n- **Objective**:\n  - Minimize the total number of colors used.\n\nThis ILP formulation ensures that the graph is colored with the minimum number of colors while satisfying the constraints that no two adjacent nodes share the same color.', '1, 4, 4, 1, 1, 5')"
in_house_6_10,textbook,standard,ilp_lp,66,5,155.1357104878407,ERRONEOUS,None,Solution has adjacent nodes with the same color. Nodes 1 and 2 are both colored 2.,"('Q: I have a network of 6 nodes, numbered 1 to 6, with various nodes being connected to other nodes. I want to color the nodes such that no two connected nodes have the same color.\n\nThe connections are as follows:\nNode 1 is connected to node 2.\nNode 1 is connected to node 3.\nNode 1 is connected to node 4.\nNode 2 is connected to node 3.\nNode 2 is connected to node 4.\nNode 2 is connected to node 5.\nNode 2 is connected to node 6.\nNode 3 is connected to node 4.\nNode 3 is connected to node 5.\nNode 3 is connected to node 6.\nNode 4 is connected to node 5.\nNode 4 is connected to node 6.\nNode 5 is connected to node 6.\n\nHow can I color the nodes using the fewest colors possible? Generate a comma-separated list of colors for each node, where the colors are represented by integers ranging from 1 to the number of colors used. The colors should be in the order of the vertices, so the first color will correspond to node 1, the second color will correspond to node 2, and so on.\n\nPlease express this as an Integer Linear Program (ILP) problem in the LP format.\nHere is an example of the LP file format:\n```\n\\ This is a comment\n\nMaximize\n  3 a + 2 b + c - 2 d\nSubject To\n  c0: a + b = 1\n  c1: b + c >= 0\n  c2: a + c < 4\nBounds\n  1 <= c <= 5\n  2 <= d\nBinaries \\ these are binary variables that can only be 0 or 1\n  a b\nGenerals \\ these are integer variables\n  c d\nEnd\n```\nNOTE: Keep in mind that all constraints must have only terms with variables on the left and only constant terms on the right (note that ""a <= b"" can be instead written as ""a - b <= 0"").\'', ""Your ILP problem was successfully solved. Here is the solution:\n\nObjective value: 1.0\nValue Assignments:\ny1: -0.0\ny2: 1.0\ny3: -0.0\ny4: -0.0\ny5: -0.0\ny6: -0.0\nx11: 0.0\nx12: 1.0\nx13: 0.0\nx14: 0.0\nx15: 0.0\nx16: 0.0\nx21: -0.0\nx22: 1.0\nx23: 0.0\nx24: 0.0\nx25: 0.0\nx26: 0.0\nx31: -0.0\nx32: 1.0\nx33: 0.0\nx34: 0.0\nx35: 0.0\nx36: 0.0\nx41: 0.0\nx42: 1.0\nx43: 0.0\nx44: 0.0\nx45: 0.0\nx46: 0.0\nx51: 0.0\nx52: 1.0\nx53: 0.0\nx54: 0.0\nx55: 0.0\nx56: 0.0\nx61: 0.0\nx62: 1.0\nx63: 0.0\nx64: 0.0\nx65: 0.0\nx66: 0.0\n\nTranslate this solution back to the original problem and provide it as originally specified.\nDo not add any more explanation once you've provided the solution."")","(""To solve this problem using an Integer Linear Program (ILP), we need to assign colors to the nodes such that no two connected nodes have the same color. The goal is to minimize the number of colors used. We can represent this problem using binary variables to indicate whether a node is assigned a particular color.\n\nLet's define the variables:\n- \\( x_{i,j} \\) is a binary variable that is 1 if node \\( i \\) is colored with color \\( j \\), and 0 otherwise.\n- \\( y_j \\) is a binary variable that is 1 if color \\( j \\) is used, and 0 otherwise.\n\nThe objective is to minimize the number of colors used, which is the sum of \\( y_j \\).\n\nHere is the ILP formulation in LP format:\n\n```\n\\ Minimize the number of colors used\n\nMinimize\n  y1 + y2 + y3 + y4 + y5 + y6\n\nSubject To\n  \\ Each node must be assigned exactly one color\n  c1: x11 + x12 + x13 + x14 + x15 + x16 = 1\n  c2: x21 + x22 + x23 + x24 + x25 + x26 = 1\n  c3: x31 + x32 + x33 + x34 + x35 + x36 = 1\n  c4: x41 + x42 + x43 + x44 + x45 + x46 = 1\n  c5: x51 + x52 + x53 + x54 + x55 + x56 = 1\n  c6: x61 + x62 + x63 + x64 + x65 + x66 = 1\n\n  \\ No two connected nodes can have the same color\n  c7: x11 + x21 <= 1\n  c8: x11 + x31 <= 1\n  c9: x11 + x41 <= 1\n  c10: x21 + x31 <= 1\n  c11: x21 + x41 <= 1\n  c12: x21 + x51 <= 1\n  c13: x21 + x61 <= 1\n  c14: x31 + x41 <= 1\n  c15: x31 + x51 <= 1\n  c16: x31 + x61 <= 1\n  c17: x41 + x51 <= 1\n  c18: x41 + x61 <= 1\n  c19: x51 + x61 <= 1\n\n  \\ A color is used if a node is assigned that color\n  c20: x11 <= y1\n  c21: x12 <= y2\n  c22: x13 <= y3\n  c23: x14 <= y4\n  c24: x15 <= y5\n  c25: x16 <= y6\n  c26: x21 <= y1\n  c27: x22 <= y2\n  c28: x23 <= y3\n  c29: x24 <= y4\n  c30: x25 <= y5\n  c31: x26 <= y6\n  c32: x31 <= y1\n  c33: x32 <= y2\n  c34: x33 <= y3\n  c35: x34 <= y4\n  c36: x35 <= y5\n  c37: x36 <= y6\n  c38: x41 <= y1\n  c39: x42 <= y2\n  c40: x43 <= y3\n  c41: x44 <= y4\n  c42: x45 <= y5\n  c43: x46 <= y6\n  c44: x51 <= y1\n  c45: x52 <= y2\n  c46: x53 <= y3\n  c47: x54 <= y4\n  c48: x55 <= y5\n  c49: x56 <= y6\n  c50: x61 <= y1\n  c51: x62 <= y2\n  c52: x63 <= y3\n  c53: x64 <= y4\n  c54: x65 <= y5\n  c55: x66 <= y6\n\nBinaries\n  x11 x12 x13 x14 x15 x16\n  x21 x22 x23 x24 x25 x26\n  x31 x32 x33 x34 x35 x36\n  x41 x42 x43 x44 x45 x46\n  x51 x52 x53 x54 x55 x56\n  x61 x62 x63 x64 x65 x66\n  y1 y2 y3 y4 y5 y6\n\nEnd\n```\n\nThis ILP formulation ensures that each node is assigned exactly one color, no two connected nodes share the same color, and the number of colors used is minimized."", '2, 2, 2, 2, 2, 2')"
in_house_6_10,textbook,standard,ilp_python,66,5,124.02120523620397,OPTIMAL,5,"[6, 3, 1, 5, 2, 6]","('Q: I have a network of 6 nodes, numbered 1 to 6, with various nodes being connected to other nodes. I want to color the nodes such that no two connected nodes have the same color.\n\nThe connections are as follows:\nNode 1 is connected to node 2.\nNode 1 is connected to node 3.\nNode 1 is connected to node 4.\nNode 2 is connected to node 3.\nNode 2 is connected to node 4.\nNode 2 is connected to node 5.\nNode 2 is connected to node 6.\nNode 3 is connected to node 4.\nNode 3 is connected to node 5.\nNode 3 is connected to node 6.\nNode 4 is connected to node 5.\nNode 4 is connected to node 6.\nNode 5 is connected to node 6.\n\nHow can I color the nodes using the fewest colors possible? Generate a comma-separated list of colors for each node, where the colors are represented by integers ranging from 1 to the number of colors used. The colors should be in the order of the vertices, so the first color will correspond to node 1, the second color will correspond to node 2, and so on.\n\nPlease express this as an Integer Linear Program (ILP) problem using Python with the gurobipy library.\nSpecifically, define a function named f that returns an optimized gurobipy.Model object which represents the problem.\nHere is an example of the format you should use for your answer:\n```\nfrom gurobipy import GRB, Model\n\ndef f():\n    # Create the model\n    model = Model(""Example"")\n\n    # Add variables\n    vars = model.addMVar((5), vtype=GRB.BINARY, name=""vars"")\n\n    # Add constraints\n    model.addConstrs(vars[i] + vars[i + 1] <= 1 for i in range(4))\n    model.addConstr(vars[0] + vars[4] <= 1)\n\n    # Set objective\n    model.setObjective(vars.sum(), GRB.MAXIMIZE)\n\n    # Optimize/solve the model\n    model.optimize()\n\n    # Return the optimized model\n    return model\n```\nMake sure you only use the gurobipy library for this problem. Do not import any other libraries.\n', 'Your code was executed successfully. Here are all the variables of the model and their optimal values:\n\nGurobi Optimizer version 12.0.0 build v12.0.0rc1 (linux64 - ""AlmaLinux 9.4 (Seafoam Ocelot)"")\n\nCPU model: Intel(R) Xeon(R) Gold 6128 CPU @ 3.40GHz, instruction set [SSE2|AVX|AVX2|AVX512]\nThread count: 12 physical cores, 24 logical processors, using up to 24 threads\n\nOptimize a model with 120 rows, 42 columns and 264 nonzeros\nModel fingerprint: 0x4cc112a6\nVariable types: 0 continuous, 42 integer (42 binary)\nCoefficient statistics:\n  Matrix range     [1e+00, 1e+00]\n  Objective range  [1e+00, 1e+00]\n  Bounds range     [1e+00, 1e+00]\n  RHS range        [1e+00, 1e+00]\nFound heuristic solution: objective 5.0000000\nPresolve removed 102 rows and 0 columns\nPresolve time: 0.00s\nPresolved: 18 rows, 42 columns, 102 nonzeros\nVariable types: 0 continuous, 42 integer (42 binary)\n\nRoot relaxation: cutoff, 26 iterations, 0.00 seconds (0.00 work units)\n\n    Nodes    |    Current Node    |     Objective Bounds      |     Work\n Expl Unexpl |  Obj  Depth IntInf | Incumbent    BestBd   Gap | It/Node Time\n\n     0     0     cutoff    0         5.00000    5.00000  0.00%     -    0s\n\nExplored 1 nodes (26 simplex iterations) in 0.00 seconds (0.00 work units)\nThread count was 24 (of 24 available processors)\n\nSolution count 1: 5 \n\nOptimal solution found (tolerance 1.00e-04)\nBest objective 5.000000000000e+00, best bound 5.000000000000e+00, gap 0.0000%\nOptimal coloring found:\nNode 1 is colored with color 6\nNode 2 is colored with color 3\nNode 3 is colored with color 1\nNode 4 is colored with color 5\nNode 5 is colored with color 2\nNode 6 is colored with color 6\nx[0,0] = 0.0\nx[0,1] = 0.0\nx[0,2] = 0.0\nx[0,3] = 0.0\nx[0,4] = 0.0\nx[0,5] = 1.0\nx[1,0] = 0.0\nx[1,1] = 0.0\nx[1,2] = 1.0\nx[1,3] = 0.0\nx[1,4] = 0.0\nx[1,5] = 0.0\nx[2,0] = 1.0\nx[2,1] = 0.0\nx[2,2] = 0.0\nx[2,3] = 0.0\nx[2,4] = 0.0\nx[2,5] = 0.0\nx[3,0] = 0.0\nx[3,1] = 0.0\nx[3,2] = 0.0\nx[3,3] = 0.0\nx[3,4] = 1.0\nx[3,5] = 0.0\nx[4,0] = 0.0\nx[4,1] = 1.0\nx[4,2] = 0.0\nx[4,3] = 0.0\nx[4,4] = 0.0\nx[4,5] = 0.0\nx[5,0] = 0.0\nx[5,1] = 0.0\nx[5,2] = 0.0\nx[5,3] = 0.0\nx[5,4] = 0.0\nx[5,5] = 1.0\ny[0] = 1.0\ny[1] = 1.0\ny[2] = 1.0\ny[3] = 0.0\ny[4] = 1.0\ny[5] = 1.0\n\nTranslate this solution back to the original problem and provide it as originally specified.\nDo not add any more explanation once you\'ve provided the solution.')","('To solve the graph coloring problem using the fewest colors possible, we can formulate it as an Integer Linear Programming (ILP) problem. We\'ll use the `gurobipy` library to define and solve this problem. The goal is to assign colors to the nodes such that no two adjacent nodes share the same color, and the number of colors used is minimized.\n\nHere\'s how you can define the problem using `gurobipy`:\n\n```python\nfrom gurobipy import GRB, Model\n\ndef f():\n    # Number of nodes\n    n = 6\n    \n    # List of edges (connections between nodes)\n    edges = [\n        (1, 2), (1, 3), (1, 4),\n        (2, 3), (2, 4), (2, 5), (2, 6),\n        (3, 4), (3, 5), (3, 6),\n        (4, 5), (4, 6),\n        (5, 6)\n    ]\n    \n    # Create the model\n    model = Model(""GraphColoring"")\n    \n    # Maximum number of colors (worst case is n colors)\n    max_colors = n\n    \n    # Add variables: x[i, c] = 1 if node i is colored with color c\n    x = model.addVars(n, max_colors, vtype=GRB.BINARY, name=""x"")\n    \n    # Add variables: y[c] = 1 if color c is used\n    y = model.addVars(max_colors, vtype=GRB.BINARY, name=""y"")\n    \n    # Each node must have exactly one color\n    model.addConstrs((x.sum(i, \'*\') == 1 for i in range(n)), name=""NodeColor"")\n    \n    # Adjacent nodes cannot have the same color\n    for (i, j) in edges:\n        for c in range(max_colors):\n            model.addConstr(x[i-1, c] + x[j-1, c] <= 1, name=f""EdgeColor_{i}_{j}_Color_{c}"")\n    \n    # If a node is colored with color c, then color c is used\n    for i in range(n):\n        for c in range(max_colors):\n            model.addConstr(x[i, c] <= y[c], name=f""ColorUsed_{i}_Color_{c}"")\n    \n    # Objective: Minimize the number of colors used\n    model.setObjective(y.sum(), GRB.MINIMIZE)\n    \n    # Optimize/solve the model\n    model.optimize()\n    \n    # Return the optimized model\n    return model\n\n# Call the function to solve the problem\nmodel = f()\n\n# Print the results\nif model.status == GRB.OPTIMAL:\n    print(""Optimal coloring found:"")\n    for i in range(6):\n        for c in range(6):\n            if model.getVarByName(f""x[{i},{c}]"").x > 0.5:\n                print(f""Node {i+1} is colored with color {c+1}"")\nelse:\n    print(""No optimal solution found."")\n```\n\nThis code sets up the ILP model for the graph coloring problem. It uses binary variables to represent whether a node is assigned a particular color and whether a color is used. The constraints ensure that each node is assigned exactly one color and that no two adjacent nodes share the same color. The objective is to minimize the number of colors used. After solving the model, it prints the color assigned to each node.', '6, 3, 1, 5, 2, 6')"
in_house_6_11,textbook,standard,ilp_lp,66,5,124.17459596297704,INCOMPATIBLE,None,Solution has colors for the wrong number of nodes (1 instead of 6).,"('Q: I have a network of 6 nodes, numbered 1 to 6, with various nodes being connected to other nodes. I want to color the nodes such that no two connected nodes have the same color.\n\nThe connections are as follows:\nNode 1 is connected to node 2.\nNode 1 is connected to node 3.\nNode 1 is connected to node 4.\nNode 1 is connected to node 5.\nNode 1 is connected to node 6.\nNode 2 is connected to node 3.\nNode 2 is connected to node 4.\nNode 2 is connected to node 5.\nNode 2 is connected to node 6.\nNode 3 is connected to node 4.\nNode 3 is connected to node 5.\nNode 3 is connected to node 6.\nNode 4 is connected to node 6.\n\nHow can I color the nodes using the fewest colors possible? Generate a comma-separated list of colors for each node, where the colors are represented by integers ranging from 1 to the number of colors used. The colors should be in the order of the vertices, so the first color will correspond to node 1, the second color will correspond to node 2, and so on.\n\nPlease express this as an Integer Linear Program (ILP) problem in the LP format.\nHere is an example of the LP file format:\n```\n\\ This is a comment\n\nMaximize\n  3 a + 2 b + c - 2 d\nSubject To\n  c0: a + b = 1\n  c1: b + c >= 0\n  c2: a + c < 4\nBounds\n  1 <= c <= 5\n  2 <= d\nBinaries \\ these are binary variables that can only be 0 or 1\n  a b\nGenerals \\ these are integer variables\n  c d\nEnd\n```\nNOTE: Keep in mind that all constraints must have only terms with variables on the left and only constant terms on the right (note that ""a <= b"" can be instead written as ""a - b <= 0"").\'', ""Your ILP problem was successfully solved. Here is the solution:\n\nObjective value: 0.0\nValue Assignments:\n\n\nTranslate this solution back to the original problem and provide it as originally specified.\nDo not add any more explanation once you've provided the solution."")","(""To solve this problem using an Integer Linear Program (ILP), we need to assign colors to the nodes such that no two connected nodes have the same color. The goal is to minimize the number of colors used. We can represent this problem using binary variables to indicate whether a node is assigned a particular color.\n\nLet's define the variables:\n- \\( x_{i,j} \\) is a binary variable that is 1 if node \\( i \\) is assigned color \\( j \\), and 0 otherwise.\n- \\( y_j \\) is a binary variable that is 1 if color \\( j \\) is used, and 0 otherwise.\n\nThe objective is to minimize the number of colors used, which is the sum of \\( y_j \\).\n\n### ILP Formulation\n\n**Objective:**\nMinimize the number of colors used:\n```\nMinimize\n  y1 + y2 + y3 + y4 + y5 + y6\n```\n\n**Subject to:**\n\n1. Each node must be assigned exactly one color:\n   ```\n   c1: x11 + x12 + x13 + x14 + x15 + x16 = 1\n   c2: x21 + x22 + x23 + x24 + x25 + x26 = 1\n   c3: x31 + x32 + x33 + x34 + x35 + x36 = 1\n   c4: x41 + x42 + x43 + x44 + x45 + x46 = 1\n   c5: x51 + x52 + x53 + x54 + x55 + x56 = 1\n   c6: x61 + x62 + x63 + x64 + x65 + x66 = 1\n   ```\n\n2. No two connected nodes can have the same color:\n   ```\n   c7: x11 + x21 <= 1\n   c8: x11 + x31 <= 1\n   c9: x11 + x41 <= 1\n   c10: x11 + x51 <= 1\n   c11: x11 + x61 <= 1\n   c12: x21 + x31 <= 1\n   c13: x21 + x41 <= 1\n   c14: x21 + x51 <= 1\n   c15: x21 + x61 <= 1\n   c16: x31 + x41 <= 1\n   c17: x31 + x51 <= 1\n   c18: x31 + x61 <= 1\n   c19: x41 + x61 <= 1\n   ```\n\n3. If a node is assigned a color, that color must be used:\n   ```\n   c20: x11 <= y1\n   c21: x12 <= y2\n   c22: x13 <= y3\n   c23: x14 <= y4\n   c24: x15 <= y5\n   c25: x16 <= y6\n   c26: x21 <= y1\n   c27: x22 <= y2\n   c28: x23 <= y3\n   c29: x24 <= y4\n   c30: x25 <= y5\n   c31: x26 <= y6\n   c32: x31 <= y1\n   c33: x32 <= y2\n   c34: x33 <= y3\n   c35: x34 <= y4\n   c36: x35 <= y5\n   c37: x36 <= y6\n   c38: x41 <= y1\n   c39: x42 <= y2\n   c40: x43 <= y3\n   c41: x44 <= y4\n   c42: x45 <= y5\n   c43: x46 <= y6\n   c44: x51 <= y1\n   c45: x52 <= y2\n   c46: x53 <= y3\n   c47: x54 <= y4\n   c48: x55 <= y5\n   c49: x56 <= y6\n   c50: x61 <= y1\n   c51: x62 <= y2\n   c52: x63 <= y3\n   c53: x64 <= y4\n   c54: x65 <= y5\n   c55: x66 <= y6\n   ```\n\n**Bounds:**\nAll variables are binary.\n\n**Binaries:**\n```\nBinaries\n  x11 x12 x13 x14 x15 x16\n  x21 x22 x23 x24 x25 x26\n  x31 x32 x33 x34 x35 x36\n  x41 x42 x43 x44 x45 x46\n  x51 x52 x53 x54 x55 x56\n  x61 x62 x63 x64 x65 x66\n  y1 y2 y3 y4 y5 y6\n```\n\n**End:**\n```\nEnd\n```\n\nThis ILP formulation will help you find the minimum number of colors needed to color the nodes such that no two connected nodes share the same color."", 'It seems there might be a misunderstanding or an error in the solution provided, as the objective value of 0.0 suggests no colors were used, which is not possible for this problem. Please ensure the ILP was solved correctly. If you have the correct solution, please provide the color assignments for each node.')"
in_house_6_11,textbook,standard,ilp_python,66,5,154.22322035883553,ERRONEOUS,None,Solution has adjacent nodes with the same color. Nodes 1 and 3 are both colored 1.,"('Q: I have a network of 6 nodes, numbered 1 to 6, with various nodes being connected to other nodes. I want to color the nodes such that no two connected nodes have the same color.\n\nThe connections are as follows:\nNode 1 is connected to node 2.\nNode 1 is connected to node 3.\nNode 1 is connected to node 4.\nNode 1 is connected to node 5.\nNode 1 is connected to node 6.\nNode 2 is connected to node 3.\nNode 2 is connected to node 4.\nNode 2 is connected to node 5.\nNode 2 is connected to node 6.\nNode 3 is connected to node 4.\nNode 3 is connected to node 5.\nNode 3 is connected to node 6.\nNode 4 is connected to node 6.\n\nHow can I color the nodes using the fewest colors possible? Generate a comma-separated list of colors for each node, where the colors are represented by integers ranging from 1 to the number of colors used. The colors should be in the order of the vertices, so the first color will correspond to node 1, the second color will correspond to node 2, and so on.\n\nPlease express this as an Integer Linear Program (ILP) problem using Python with the gurobipy library.\nSpecifically, define a function named f that returns an optimized gurobipy.Model object which represents the problem.\nHere is an example of the format you should use for your answer:\n```\nfrom gurobipy import GRB, Model\n\ndef f():\n    # Create the model\n    model = Model(""Example"")\n\n    # Add variables\n    vars = model.addMVar((5), vtype=GRB.BINARY, name=""vars"")\n\n    # Add constraints\n    model.addConstrs(vars[i] + vars[i + 1] <= 1 for i in range(4))\n    model.addConstr(vars[0] + vars[4] <= 1)\n\n    # Set objective\n    model.setObjective(vars.sum(), GRB.MAXIMIZE)\n\n    # Optimize/solve the model\n    model.optimize()\n\n    # Return the optimized model\n    return model\n```\nMake sure you only use the gurobipy library for this problem. Do not import any other libraries.\n', ""Your code was executed successfully. Here are all the variables of the model and their optimal values:\n\nx[0,0] = 0.0\nx[0,1] = 0.0\nx[0,2] = 0.0\nx[0,3] = 0.0\nx[0,4] = 0.0\nx[0,5] = 1.0\nx[1,0] = 0.0\nx[1,1] = 0.0\nx[1,2] = 1.0\nx[1,3] = 0.0\nx[1,4] = 0.0\nx[1,5] = 0.0\nx[2,0] = 1.0\nx[2,1] = 0.0\nx[2,2] = 0.0\nx[2,3] = 0.0\nx[2,4] = 0.0\nx[2,5] = 0.0\nx[3,0] = 0.0\nx[3,1] = 0.0\nx[3,2] = 0.0\nx[3,3] = 0.0\nx[3,4] = 1.0\nx[3,5] = 0.0\nx[4,0] = 0.0\nx[4,1] = 1.0\nx[4,2] = 0.0\nx[4,3] = 0.0\nx[4,4] = 0.0\nx[4,5] = 0.0\nx[5,0] = 0.0\nx[5,1] = 1.0\nx[5,2] = 0.0\nx[5,3] = 0.0\nx[5,4] = 0.0\nx[5,5] = 0.0\ny[0] = 1.0\ny[1] = 1.0\ny[2] = 1.0\ny[3] = 0.0\ny[4] = 1.0\ny[5] = 1.0\n\nTranslate this solution back to the original problem and provide it as originally specified.\nDo not add any more explanation once you've provided the solution."")","('```python\nfrom gurobipy import GRB, Model\n\ndef f():\n    # Create the model\n    model = Model(""GraphColoring"")\n\n    # Number of nodes\n    n = 6\n\n    # Maximum number of colors needed (worst case is n colors)\n    max_colors = n\n\n    # Add variables: x[i, c] = 1 if node i is colored with color c\n    x = model.addVars(n, max_colors, vtype=GRB.BINARY, name=""x"")\n\n    # Add constraints: each node must have exactly one color\n    model.addConstrs((x.sum(i, \'*\') == 1 for i in range(n)), name=""NodeColor"")\n\n    # Add constraints: no two adjacent nodes can have the same color\n    edges = [\n        (0, 1), (0, 2), (0, 3), (0, 4), (0, 5),\n        (1, 2), (1, 3), (1, 4), (1, 5),\n        (2, 3), (2, 4), (2, 5),\n        (3, 5)\n    ]\n    model.addConstrs((x[i, c] + x[j, c] <= 1 for i, j in edges for c in range(max_colors)), name=""EdgeColor"")\n\n    # Objective: minimize the number of colors used\n    # Introduce auxiliary variables to represent if a color is used\n    y = model.addVars(max_colors, vtype=GRB.BINARY, name=""y"")\n    model.addConstrs((x.sum(\'*\', c) <= n * y[c] for c in range(max_colors)), name=""ColorUsed"")\n\n    # Set objective to minimize the number of colors used\n    model.setObjective(y.sum(), GRB.MINIMIZE)\n\n    # Optimize/solve the model\n    model.optimize()\n\n    # Return the optimized model\n    return model\n```\n\nThis code sets up an integer linear programming model using the `gurobipy` library to solve the graph coloring problem. The model minimizes the number of colors used while ensuring that no two adjacent nodes share the same color. The constraints ensure that each node is assigned exactly one color and that adjacent nodes do not share the same color. The auxiliary variables `y` are used to track whether a color is used, and the objective function minimizes the sum of these variables.', '1, 3, 1, 5, 2, 2')"
in_house_6_2,textbook,standard,ilp_lp,51,3,428.4802041379735,ERRONEOUS,None,Solution has adjacent nodes with the same color. Nodes 1 and 2 are both colored 1.,"('Q: I have a network of 6 nodes, numbered 1 to 6, with various nodes being connected to other nodes. I want to color the nodes such that no two connected nodes have the same color.\n\nThe connections are as follows:\nNode 1 is connected to node 2.\nNode 1 is connected to node 3.\nNode 1 is connected to node 4.\nNode 1 is connected to node 5.\nNode 2 is connected to node 3.\nNode 2 is connected to node 6.\nNode 3 is connected to node 6.\nNode 4 is connected to node 5.\nNode 4 is connected to node 6.\nNode 5 is connected to node 6.\n\nHow can I color the nodes using the fewest colors possible? Generate a comma-separated list of colors for each node, where the colors are represented by integers ranging from 1 to the number of colors used. The colors should be in the order of the vertices, so the first color will correspond to node 1, the second color will correspond to node 2, and so on.\n\nPlease express this as an Integer Linear Program (ILP) problem in the LP format.\nHere is an example of the LP file format:\n```\n\\ This is a comment\n\nMaximize\n  3 a + 2 b + c - 2 d\nSubject To\n  c0: a + b = 1\n  c1: b + c >= 0\n  c2: a + c < 4\nBounds\n  1 <= c <= 5\n  2 <= d\nBinaries \\ these are binary variables that can only be 0 or 1\n  a b\nGenerals \\ these are integer variables\n  c d\nEnd\n```\nNOTE: Keep in mind that all constraints must have only terms with variables on the left and only constant terms on the right (note that ""a <= b"" can be instead written as ""a - b <= 0"").\'', ""Your ILP problem was successfully solved. Here is the solution:\n\nObjective value: 3.0\nValue Assignments:\nk: 3.0\nx_1_1: 0.0\nx_1_2: 0.0\nx_1_3: 0.0\nx_1_4: 0.0\nx_1_5: 0.0\nx_1_6: 1.0\nx_2_1: 1.0\nx_2_2: 0.0\nx_2_3: 0.0\nx_2_4: 0.0\nx_2_5: 0.0\nx_2_6: 0.0\nx_3_1: 0.0\nx_3_2: 1.0\nx_3_3: 0.0\nx_3_4: 0.0\nx_3_5: 0.0\nx_3_6: 0.0\nx_4_1: 1.0\nx_4_2: 0.0\nx_4_3: 0.0\nx_4_4: 0.0\nx_4_5: 0.0\nx_4_6: 0.0\nx_5_1: 0.0\nx_5_2: 1.0\nx_5_3: 0.0\nx_5_4: 0.0\nx_5_5: 0.0\nx_5_6: 0.0\nx_6_1: 0.0\nx_6_2: 0.0\nx_6_3: 0.0\nx_6_4: 0.0\nx_6_5: 0.0\nx_6_6: 1.0\ny_1: 1.0\ny_2: 1.0\ny_3: 0.0\ny_4: 0.0\ny_5: 0.0\ny_6: 1.0\n\nTranslate this solution back to the original problem and provide it as originally specified.\nDo not add any more explanation once you've provided the solution."")","(""To solve the graph coloring problem using Integer Linear Programming (ILP), we need to assign colors to nodes such that no two adjacent nodes share the same color. The goal is to minimize the number of colors used. Here's how you can express this problem in the LP format:\n\n### Variables\n- Let \\( x_{i,j} \\) be a binary variable that is 1 if node \\( i \\) is colored with color \\( j \\), and 0 otherwise.\n- We need to minimize the number of colors used, so we introduce a variable \\( k \\) which represents the maximum color index used.\n\n### Objective\nMinimize \\( k \\).\n\n### Constraints\n1. **Each node must have exactly one color:**\n   \\[\n   \\sum_{j=1}^{k} x_{i,j} = 1 \\quad \\text{for each node } i\n   \\]\n\n2. **Adjacent nodes must have different colors:**\n   \\[\n   x_{i,j} + x_{m,j} \\leq 1 \\quad \\text{for each edge } (i, m) \\text{ and each color } j\n   \\]\n\n3. **Define \\( k \\) as the maximum color index used:**\n   \\[\n   x_{i,j} \\leq y_j \\quad \\text{for each node } i \\text{ and each color } j\n   \\]\n   \\[\n   \\sum_{j=1}^{k} y_j = k\n   \\]\n   Here, \\( y_j \\) is a binary variable that is 1 if color \\( j \\) is used.\n\n### LP Format\n```plaintext\n\\ Graph Coloring ILP\n\nMinimize\n  k\n\nSubject To\n  \\ Each node must have exactly one color\n  c1: x_1_1 + x_1_2 + x_1_3 + x_1_4 + x_1_5 + x_1_6 = 1\n  c2: x_2_1 + x_2_2 + x_2_3 + x_2_4 + x_2_5 + x_2_6 = 1\n  c3: x_3_1 + x_3_2 + x_3_3 + x_3_4 + x_3_5 + x_3_6 = 1\n  c4: x_4_1 + x_4_2 + x_4_3 + x_4_4 + x_4_5 + x_4_6 = 1\n  c5: x_5_1 + x_5_2 + x_5_3 + x_5_4 + x_5_5 + x_5_6 = 1\n  c6: x_6_1 + x_6_2 + x_6_3 + x_6_4 + x_6_5 + x_6_6 = 1\n\n  \\ Adjacent nodes must have different colors\n  c7: x_1_1 + x_2_1 <= 1\n  c8: x_1_2 + x_2_2 <= 1\n  c9: x_1_3 + x_2_3 <= 1\n  c10: x_1_4 + x_2_4 <= 1\n  c11: x_1_5 + x_2_5 <= 1\n  c12: x_1_6 + x_2_6 <= 1\n\n  c13: x_1_1 + x_3_1 <= 1\n  c14: x_1_2 + x_3_2 <= 1\n  c15: x_1_3 + x_3_3 <= 1\n  c16: x_1_4 + x_3_4 <= 1\n  c17: x_1_5 + x_3_5 <= 1\n  c18: x_1_6 + x_3_6 <= 1\n\n  c19: x_1_1 + x_4_1 <= 1\n  c20: x_1_2 + x_4_2 <= 1\n  c21: x_1_3 + x_4_3 <= 1\n  c22: x_1_4 + x_4_4 <= 1\n  c23: x_1_5 + x_4_5 <= 1\n  c24: x_1_6 + x_4_6 <= 1\n\n  c25: x_1_1 + x_5_1 <= 1\n  c26: x_1_2 + x_5_2 <= 1\n  c27: x_1_3 + x_5_3 <= 1\n  c28: x_1_4 + x_5_4 <= 1\n  c29: x_1_5 + x_5_5 <= 1\n  c30: x_1_6 + x_5_6 <= 1\n\n  c31: x_2_1 + x_3_1 <= 1\n  c32: x_2_2 + x_3_2 <= 1\n  c33: x_2_3 + x_3_3 <= 1\n  c34: x_2_4 + x_3_4 <= 1\n  c35: x_2_5 + x_3_5 <= 1\n  c36: x_2_6 + x_3_6 <= 1\n\n  c37: x_2_1 + x_6_1 <= 1\n  c38: x_2_2 + x_6_2 <= 1\n  c39: x_2_3 + x_6_3 <= 1\n  c40: x_2_4 + x_6_4 <= 1\n  c41: x_2_5 + x_6_5 <= 1\n  c42: x_2_6 + x_6_6 <= 1\n\n  c43: x_3_1 + x_6_1 <= 1\n  c44: x_3_2 + x_6_2 <= 1\n  c45: x_3_3 + x_6_3 <= 1\n  c46: x_3_4 + x_6_4 <= 1\n  c47: x_3_5 + x_6_5 <= 1\n  c48: x_3_6 + x_6_6 <= 1\n\n  c49: x_4_1 + x_5_1 <= 1\n  c50: x_4_2 + x_5_2 <= 1\n  c51: x_4_3 + x_5_3 <= 1\n  c52: x_4_4 + x_5_4 <= 1\n  c53: x_4_5 + x_5_5 <= 1\n  c54: x_4_6 + x_5_6 <= 1\n\n  c55: x_4_1 + x_6_1 <= 1\n  c56: x_4_2 + x_6_2 <= 1\n  c57: x_4_3 + x_6_3 <= 1\n  c58: x_4_4 + x_6_4 <= 1\n  c59: x_4_5 + x_6_5 <= 1\n  c60: x_4_6 + x_6_6 <= 1\n\n  c61: x_5_1 + x_6_1 <= 1\n  c62: x_5_2 + x_6_2 <= 1\n  c63: x_5_3 + x_6_3 <= 1\n  c64: x_5_4 + x_6_4 <= 1\n  c65: x_5_5 + x_6_5 <= 1\n  c66: x_5_6 + x_6_6 <= 1\n\n  \\ Define k as the maximum color index used\n  c67: x_1_1 <= y_1\n  c68: x_1_2 <= y_2\n  c69: x_1_3 <= y_3\n  c70: x_1_4 <= y_4\n  c71: x_1_5 <= y_5\n  c72: x_1_6 <= y_6\n\n  c73: x_2_1 <= y_1\n  c74: x_2_2 <= y_2\n  c75: x_2_3 <= y_3\n  c76: x_2_4 <= y_4\n  c77: x_2_5 <= y_5\n  c78: x_2_6 <= y_6\n\n  c79: x_3_1 <= y_1\n  c80: x_3_2 <= y_2\n  c81: x_3_3 <= y_3\n  c82: x_3_4 <= y_4\n  c83: x_3_5 <= y_5\n  c84: x_3_6 <= y_6\n\n  c85: x_4_1 <= y_1\n  c86: x_4_2 <= y_2\n  c87: x_4_3 <= y_3\n  c88: x_4_4 <= y_4\n  c89: x_4_5 <= y_5\n  c90: x_4_6 <= y_6\n\n  c91: x_5_1 <= y_1\n  c92: x_5_2 <= y_2\n  c93: x_5_3 <= y_3\n  c94: x_5_4 <= y_4\n  c95: x_5_5 <= y_5\n  c96: x_5_6 <= y_6\n\n  c97: x_6_1 <= y_1\n  c98: x_6_2 <= y_2\n  c99: x_6_3 <= y_3\n  c100: x_6_4 <= y_4\n  c101: x_6_5 <= y_5\n  c102: x_6_6 <= y_6\n\n  c103: y_1 + y_2 + y_3 + y_4 + y_5 + y_6 = k\n\nBounds\n  0 <= x_1_1 <= 1\n  0 <= x_1_2 <= 1\n  0 <= x_1_3 <= 1\n  0 <= x_1_4 <= 1\n  0 <= x_1_5 <= 1\n  0 <= x_1_6 <= 1\n\n  0 <= x_2_1 <= 1\n  0 <= x_2_2 <= 1\n  0 <= x_2_3 <= 1\n  0 <= x_2_4 <= 1\n  0 <= x_2_5 <= 1\n  0 <= x_2_6 <= 1\n\n  0 <= x_3_1 <= 1\n  0 <= x_3_2 <= 1\n  0 <= x_3_3 <= 1\n  0 <= x_3_4 <= 1\n  0 <= x_3_5 <= 1\n  0 <= x_3_6 <= 1\n\n  0 <= x_4_1 <= 1\n  0 <= x_4_2 <= 1\n  0 <= x_4_3 <= 1\n  0 <= x_4_4 <= 1\n  0 <= x_4_5 <= 1\n  0 <= x_4_6 <= 1\n\n  0 <= x_5_1 <= 1\n  0 <= x_5_2 <= 1\n  0 <= x_5_3 <= 1\n  0 <= x_5_4 <= 1\n  0 <= x_5_5 <= 1\n  0 <= x_5_6 <= 1\n\n  0 <= x_6_1 <= 1\n  0 <= x_6_2 <= 1\n  0 <= x_6_3 <= 1\n  0 <= x_6_4 <= 1\n  0 <= x_6_5 <= 1\n  0 <= x_6_6 <= 1\n\n  0 <= y_1 <= 1\n  0 <= y_2 <= 1\n  0 <= y_3 <= 1\n  0 <= y_4 <= 1\n  0 <= y_5 <= 1\n  0 <= y_6 <= 1\n\nBinaries\n  x_1_1 x_1_2 x_1_3 x_1_4 x_1_5 x_1_6\n  x_2_1 x_2_2 x_2_3 x_2_4 x_2_5 x_2_6\n  x_3_1 x_3_2 x_3_3 x_3_4 x_3_5 x_3_6\n  x_4_1 x_4_2 x_4_3 x_4_4 x_4_5 x_4_6\n  x_5_1 x_5_2 x_5_3 x_5_4 x_5_5 x_5_6\n  x_6_1 x_6_2 x_6_3 x_6_4 x_6_5 x_6_6\n  y_1 y_2 y_3 y_4 y_5 y_6"", '1, 1, 2, 1, 2, 3')"
in_house_6_2,textbook,standard,ilp_python,51,3,185.20212613698095,OPTIMAL,3,"[1, 6, 5, 5, 6, 1]","('Q: I have a network of 6 nodes, numbered 1 to 6, with various nodes being connected to other nodes. I want to color the nodes such that no two connected nodes have the same color.\n\nThe connections are as follows:\nNode 1 is connected to node 2.\nNode 1 is connected to node 3.\nNode 1 is connected to node 4.\nNode 1 is connected to node 5.\nNode 2 is connected to node 3.\nNode 2 is connected to node 6.\nNode 3 is connected to node 6.\nNode 4 is connected to node 5.\nNode 4 is connected to node 6.\nNode 5 is connected to node 6.\n\nHow can I color the nodes using the fewest colors possible? Generate a comma-separated list of colors for each node, where the colors are represented by integers ranging from 1 to the number of colors used. The colors should be in the order of the vertices, so the first color will correspond to node 1, the second color will correspond to node 2, and so on.\n\nPlease express this as an Integer Linear Program (ILP) problem using Python with the gurobipy library.\nSpecifically, define a function named f that returns an optimized gurobipy.Model object which represents the problem.\nHere is an example of the format you should use for your answer:\n```\nfrom gurobipy import GRB, Model\n\ndef f():\n    # Create the model\n    model = Model(""Example"")\n\n    # Add variables\n    vars = model.addMVar((5), vtype=GRB.BINARY, name=""vars"")\n\n    # Add constraints\n    model.addConstrs(vars[i] + vars[i + 1] <= 1 for i in range(4))\n    model.addConstr(vars[0] + vars[4] <= 1)\n\n    # Set objective\n    model.setObjective(vars.sum(), GRB.MAXIMIZE)\n\n    # Optimize/solve the model\n    model.optimize()\n\n    # Return the optimized model\n    return model\n```\nMake sure you only use the gurobipy library for this problem. Do not import any other libraries.\n', ""Your code was executed successfully. Here are all the variables of the model and their optimal values:\n\nx[0,0] = 1.0\nx[0,1] = 0.0\nx[0,2] = 0.0\nx[0,3] = -0.0\nx[0,4] = -0.0\nx[0,5] = -0.0\nx[1,0] = 0.0\nx[1,1] = -0.0\nx[1,2] = -0.0\nx[1,3] = 0.0\nx[1,4] = -0.0\nx[1,5] = 1.0\nx[2,0] = -0.0\nx[2,1] = -0.0\nx[2,2] = -0.0\nx[2,3] = -0.0\nx[2,4] = 1.0\nx[2,5] = -0.0\nx[3,0] = -0.0\nx[3,1] = 0.0\nx[3,2] = -0.0\nx[3,3] = -0.0\nx[3,4] = 1.0\nx[3,5] = 0.0\nx[4,0] = 0.0\nx[4,1] = -0.0\nx[4,2] = -0.0\nx[4,3] = 0.0\nx[4,4] = -0.0\nx[4,5] = 1.0\nx[5,0] = 1.0\nx[5,1] = 0.0\nx[5,2] = 0.0\nx[5,3] = 0.0\nx[5,4] = 0.0\nx[5,5] = 0.0\ny[0] = 1.0\ny[1] = -0.0\ny[2] = -0.0\ny[3] = 0.0\ny[4] = 1.0\ny[5] = 1.0\n\nTranslate this solution back to the original problem and provide it as originally specified.\nDo not add any more explanation once you've provided the solution."")","('To solve the graph coloring problem using the Gurobi optimization library, we need to set up an Integer Linear Program (ILP) that assigns colors to nodes such that no two adjacent nodes share the same color. The goal is to minimize the number of colors used. Here\'s how you can define this problem using Gurobi:\n\n```python\nfrom gurobipy import GRB, Model\n\ndef f():\n    # Create the model\n    model = Model(""GraphColoring"")\n\n    # Number of nodes\n    n = 6\n\n    # Edges of the graph\n    edges = [(1, 2), (1, 3), (1, 4), (1, 5), (2, 3), (2, 6), (3, 6), (4, 5), (4, 6), (5, 6)]\n\n    # Maximum number of colors (in the worst case, each node could have a different color)\n    max_colors = n\n\n    # Add variables: x[i, c] = 1 if node i is colored with color c\n    x = model.addVars(n, max_colors, vtype=GRB.BINARY, name=""x"")\n\n    # Add variables: y[c] = 1 if color c is used\n    y = model.addVars(max_colors, vtype=GRB.BINARY, name=""y"")\n\n    # Each node must have exactly one color\n    model.addConstrs((x.sum(i, \'*\') == 1 for i in range(n)), name=""NodeColor"")\n\n    # If a node i is colored with color c, then color c is used\n    model.addConstrs((x[i, c] <= y[c] for i in range(n) for c in range(max_colors)), name=""ColorUsage"")\n\n    # Adjacent nodes cannot have the same color\n    model.addConstrs((x[i-1, c] + x[j-1, c] <= 1 for (i, j) in edges for c in range(max_colors)), name=""AdjacentDiffColor"")\n\n    # Objective: minimize the number of colors used\n    model.setObjective(y.sum(), GRB.MINIMIZE)\n\n    # Optimize the model\n    model.optimize()\n\n    # Return the optimized model\n    return model\n```\n\n### Explanation:\n- **Variables**:\n  - `x[i, c]`: Binary variable indicating whether node `i` is colored with color `c`.\n  - `y[c]`: Binary variable indicating whether color `c` is used.\n\n- **Constraints**:\n  - Each node must be assigned exactly one color.\n  - If a node is assigned a color, that color is marked as used.\n  - Adjacent nodes must not share the same color.\n\n- **Objective**:\n  - Minimize the total number of colors used.\n\nThis setup will allow Gurobi to find the optimal coloring of the graph using the fewest number of colors.', '1, 6, 5, 5, 6, 1')"
in_house_6_3,textbook,standard,ilp_lp,51,4,244.8295190099161,INCOMPATIBLE,None,Solution has colors for the wrong number of nodes (0 instead of 6).,"('Q: I have a network of 6 nodes, numbered 1 to 6, with various nodes being connected to other nodes. I want to color the nodes such that no two connected nodes have the same color.\n\nThe connections are as follows:\nNode 1 is connected to node 2.\nNode 1 is connected to node 3.\nNode 1 is connected to node 4.\nNode 1 is connected to node 5.\nNode 1 is connected to node 6.\nNode 2 is connected to node 5.\nNode 3 is connected to node 4.\nNode 3 is connected to node 6.\nNode 4 is connected to node 5.\nNode 4 is connected to node 6.\n\nHow can I color the nodes using the fewest colors possible? Generate a comma-separated list of colors for each node, where the colors are represented by integers ranging from 1 to the number of colors used. The colors should be in the order of the vertices, so the first color will correspond to node 1, the second color will correspond to node 2, and so on.\n\nPlease express this as an Integer Linear Program (ILP) problem in the LP format.\nHere is an example of the LP file format:\n```\n\\ This is a comment\n\nMaximize\n  3 a + 2 b + c - 2 d\nSubject To\n  c0: a + b = 1\n  c1: b + c >= 0\n  c2: a + c < 4\nBounds\n  1 <= c <= 5\n  2 <= d\nBinaries \\ these are binary variables that can only be 0 or 1\n  a b\nGenerals \\ these are integer variables\n  c d\nEnd\n```\nNOTE: Keep in mind that all constraints must have only terms with variables on the left and only constant terms on the right (note that ""a <= b"" can be instead written as ""a - b <= 0"").\'', ""Your ILP problem was successfully solved. Here is the solution:\n\nObjective value: 0.0\nValue Assignments:\nC: 1.0\nx_1_1: -0.0\nx_1_2: -0.0\nx_1_3: -0.0\nx_1_4: -0.0\nx_1_5: -0.0\nx_1_6: -0.0\nx_2_1: -0.0\nx_2_2: -0.0\nx_2_3: -0.0\nx_2_4: -0.0\nx_2_5: -0.0\nx_2_6: -0.0\nx_3_1: -0.0\nx_3_2: -0.0\nx_3_3: -0.0\nx_3_4: -0.0\nx_3_5: -0.0\nx_3_6: -0.0\nx_4_1: -0.0\nx_4_2: -0.0\nx_4_3: -0.0\nx_4_4: -0.0\nx_4_5: -0.0\nx_4_6: -0.0\nx_5_1: -0.0\nx_5_2: -0.0\nx_5_3: -0.0\nx_5_4: -0.0\nx_5_5: -0.0\nx_5_6: -0.0\nx_6_1: -0.0\nx_6_2: -0.0\nx_6_3: -0.0\nx_6_4: -0.0\nx_6_5: -0.0\nx_6_6: -0.0\n\nTranslate this solution back to the original problem and provide it as originally specified.\nDo not add any more explanation once you've provided the solution."")","(""To solve this problem using an Integer Linear Program (ILP), we need to assign colors to the nodes such that no two connected nodes have the same color. We will use binary variables to represent whether a node is assigned a particular color. The goal is to minimize the number of colors used.\n\nLet's define the problem:\n\n- Let \\( x_{i,j} \\) be a binary variable that is 1 if node \\( i \\) is colored with color \\( j \\), and 0 otherwise.\n- We need to minimize the number of colors used, which can be represented by the maximum color index used.\n\n### ILP Formulation\n\n**Objective:**\n\nMinimize the maximum color index used. We introduce a variable \\( C \\) to represent this maximum color index.\n\n```\nMinimize\n  C\n```\n\n**Subject to:**\n\n1. **Each node must have exactly one color:**\n\n   For each node \\( i \\), the sum of \\( x_{i,j} \\) over all colors \\( j \\) must be 1.\n\n   ```\n   c1: x_1_1 + x_1_2 + x_1_3 + x_1_4 + x_1_5 + x_1_6 = 1\n   c2: x_2_1 + x_2_2 + x_2_3 + x_2_4 + x_2_5 + x_2_6 = 1\n   c3: x_3_1 + x_3_2 + x_3_3 + x_3_4 + x_3_5 + x_3_6 = 1\n   c4: x_4_1 + x_4_2 + x_4_3 + x_4_4 + x_4_5 + x_4_6 = 1\n   c5: x_5_1 + x_5_2 + x_5_3 + x_5_4 + x_5_5 + x_5_6 = 1\n   c6: x_6_1 + x_6_2 + x_6_3 + x_6_4 + x_6_5 + x_6_6 = 1\n   ```\n\n2. **Adjacent nodes must have different colors:**\n\n   For each pair of connected nodes \\( (i, k) \\), and for each color \\( j \\), \\( x_{i,j} + x_{k,j} \\leq 1 \\).\n\n   ```\n   c7: x_1_1 + x_2_1 <= 1\n   c8: x_1_2 + x_2_2 <= 1\n   c9: x_1_3 + x_2_3 <= 1\n   c10: x_1_4 + x_2_4 <= 1\n   c11: x_1_5 + x_2_5 <= 1\n   c12: x_1_6 + x_2_6 <= 1\n\n   c13: x_1_1 + x_3_1 <= 1\n   c14: x_1_2 + x_3_2 <= 1\n   c15: x_1_3 + x_3_3 <= 1\n   c16: x_1_4 + x_3_4 <= 1\n   c17: x_1_5 + x_3_5 <= 1\n   c18: x_1_6 + x_3_6 <= 1\n\n   c19: x_1_1 + x_4_1 <= 1\n   c20: x_1_2 + x_4_2 <= 1\n   c21: x_1_3 + x_4_3 <= 1\n   c22: x_1_4 + x_4_4 <= 1\n   c23: x_1_5 + x_4_5 <= 1\n   c24: x_1_6 + x_4_6 <= 1\n\n   c25: x_1_1 + x_5_1 <= 1\n   c26: x_1_2 + x_5_2 <= 1\n   c27: x_1_3 + x_5_3 <= 1\n   c28: x_1_4 + x_5_4 <= 1\n   c29: x_1_5 + x_5_5 <= 1\n   c30: x_1_6 + x_5_6 <= 1\n\n   c31: x_1_1 + x_6_1 <= 1\n   c32: x_1_2 + x_6_2 <= 1\n   c33: x_1_3 + x_6_3 <= 1\n   c34: x_1_4 + x_6_4 <= 1\n   c35: x_1_5 + x_6_5 <= 1\n   c36: x_1_6 + x_6_6 <= 1\n\n   c37: x_2_1 + x_5_1 <= 1\n   c38: x_2_2 + x_5_2 <= 1\n   c39: x_2_3 + x_5_3 <= 1\n   c40: x_2_4 + x_5_4 <= 1\n   c41: x_2_5 + x_5_5 <= 1\n   c42: x_2_6 + x_5_6 <= 1\n\n   c43: x_3_1 + x_4_1 <= 1\n   c44: x_3_2 + x_4_2 <= 1\n   c45: x_3_3 + x_4_3 <= 1\n   c46: x_3_4 + x_4_4 <= 1\n   c47: x_3_5 + x_4_5 <= 1\n   c48: x_3_6 + x_4_6 <= 1\n\n   c49: x_3_1 + x_6_1 <= 1\n   c50: x_3_2 + x_6_2 <= 1\n   c51: x_3_3 + x_6_3 <= 1\n   c52: x_3_4 + x_6_4 <= 1\n   c53: x_3_5 + x_6_5 <= 1\n   c54: x_3_6 + x_6_6 <= 1\n\n   c55: x_4_1 + x_5_1 <= 1\n   c56: x_4_2 + x_5_2 <= 1\n   c57: x_4_3 + x_5_3 <= 1\n   c58: x_4_4 + x_5_4 <= 1\n   c59: x_4_5 + x_5_5 <= 1\n   c60: x_4_6 + x_5_6 <= 1\n\n   c61: x_4_1 + x_6_1 <= 1\n   c62: x_4_2 + x_6_2 <= 1\n   c63: x_4_3 + x_6_3 <= 1\n   c64: x_4_4 + x_6_4 <= 1\n   c65: x_4_5 + x_6_5 <= 1\n   c66: x_4_6 + x_6_6 <= 1\n   ```\n\n3. **Ensure that the maximum color index \\( C \\) is greater than or equal to any color used:**\n\n   For each node \\( i \\) and color \\( j \\), if \\( x_{i,j} = 1 \\), then \\( C \\geq j \\).\n\n   ```\n   c67: C - x_1_1 >= 0\n   c68: C - x_1_2 >= 0\n   c69: C - x_1_3 >= 0\n   c70: C - x_1_4 >= 0\n   c71: C - x_1_5 >= 0\n   c72: C - x_1_6 >= 0\n\n   c73: C - x_2_1 >= 0\n   c74: C - x_2_2 >= 0\n   c75: C - x_2_3 >= 0\n   c76: C - x_2_4 >= 0\n   c77: C - x_2_5 >= 0\n   c78: C - x_2_6 >= 0\n\n   c79: C - x_3_1 >= 0\n   c80: C - x_3_2 >= 0\n   c81: C - x_3_3 >= 0\n   c82: C - x_3_4 >= 0\n   c83: C - x_3_5 >= 0\n   c84: C - x_3_6 >= 0\n\n   c85: C - x_4_1 >= 0\n   c86: C - x_4_2 >= 0\n   c87: C - x_4_3 >= 0\n   c88: C - x_4_4 >= 0\n   c89: C - x_4_5 >= 0\n   c90: C - x_4_6 >= 0\n\n   c91: C - x_5_1 >= 0\n   c92: C - x_5_2 >= 0\n   c93: C - x_5_3 >= 0\n   c94: C - x_5_4 >= 0\n   c95: C - x_5_5 >= 0\n   c96: C - x_5_6 >= 0\n\n   c97: C - x_6_1 >= 0\n   c98: C - x_6_2 >= 0\n   c99: C - x_6_3 >= 0\n   c100: C - x_6_4 >= 0\n   c101: C - x_6_5 >= 0\n   c102: C - x_6_6 >= 0\n   ```\n\n**Bounds:**\n\n- \\( C \\) is a general integer variable.\n- \\( x_{i,j} \\) are binary variables.\n\n```\nBounds\n  1 <= C <= 6\nBinaries\n  x_1_1 x_1_2 x_1_3 x_1_4 x_1_5 x_1_6\n  x_2_1 x_2_2 x_2_3 x_2_4 x_2_5 x_2_6\n  x_3_1 x_3_2 x_3_3 x_3_4 x_3_5 x_3_6\n  x_4_1 x_4_2 x_4_3 x_4_4 x_4_5 x_4_6\n  x_5_1 x_5_2 x_5_3 x_5_4 x_5_5 x_5_6\n  x_6_1 x_6_2 x_6_3 x_6_4 x_6_5 x_6_6\nGenerals\n  C\nEnd\n```\n\nThis ILP formulation will find the minimum number of colors needed to color the graph such that no two adjacent nodes have the same color."", 'The solution provided indicates an error in the ILP setup or solver output, as the objective value and all variable assignments are zero or negative, which is not feasible for a valid coloring problem. Please verify the ILP setup and solver configuration.')"
in_house_6_3,textbook,standard,ilp_python,51,4,214.02121747587807,ERRONEOUS,None,Solution has adjacent nodes with the same color. Nodes 1 and 4 are both colored 5.,"('Q: I have a network of 6 nodes, numbered 1 to 6, with various nodes being connected to other nodes. I want to color the nodes such that no two connected nodes have the same color.\n\nThe connections are as follows:\nNode 1 is connected to node 2.\nNode 1 is connected to node 3.\nNode 1 is connected to node 4.\nNode 1 is connected to node 5.\nNode 1 is connected to node 6.\nNode 2 is connected to node 5.\nNode 3 is connected to node 4.\nNode 3 is connected to node 6.\nNode 4 is connected to node 5.\nNode 4 is connected to node 6.\n\nHow can I color the nodes using the fewest colors possible? Generate a comma-separated list of colors for each node, where the colors are represented by integers ranging from 1 to the number of colors used. The colors should be in the order of the vertices, so the first color will correspond to node 1, the second color will correspond to node 2, and so on.\n\nPlease express this as an Integer Linear Program (ILP) problem using Python with the gurobipy library.\nSpecifically, define a function named f that returns an optimized gurobipy.Model object which represents the problem.\nHere is an example of the format you should use for your answer:\n```\nfrom gurobipy import GRB, Model\n\ndef f():\n    # Create the model\n    model = Model(""Example"")\n\n    # Add variables\n    vars = model.addMVar((5), vtype=GRB.BINARY, name=""vars"")\n\n    # Add constraints\n    model.addConstrs(vars[i] + vars[i + 1] <= 1 for i in range(4))\n    model.addConstr(vars[0] + vars[4] <= 1)\n\n    # Set objective\n    model.setObjective(vars.sum(), GRB.MAXIMIZE)\n\n    # Optimize/solve the model\n    model.optimize()\n\n    # Return the optimized model\n    return model\n```\nMake sure you only use the gurobipy library for this problem. Do not import any other libraries.\n', ""Your code was executed successfully. Here are all the variables of the model and their optimal values:\n\nx[0,0] = 0.0\nx[0,1] = 0.0\nx[0,2] = 0.0\nx[0,3] = 0.0\nx[0,4] = 0.0\nx[0,5] = 1.0\nx[1,0] = 0.0\nx[1,1] = 0.0\nx[1,2] = 1.0\nx[1,3] = 0.0\nx[1,4] = 0.0\nx[1,5] = 0.0\nx[2,0] = 0.0\nx[2,1] = 0.0\nx[2,2] = 1.0\nx[2,3] = 0.0\nx[2,4] = 0.0\nx[2,5] = 0.0\nx[3,0] = 0.0\nx[3,1] = 0.0\nx[3,2] = 0.0\nx[3,3] = 0.0\nx[3,4] = 1.0\nx[3,5] = 0.0\nx[4,0] = 0.0\nx[4,1] = 1.0\nx[4,2] = 0.0\nx[4,3] = 0.0\nx[4,4] = 0.0\nx[4,5] = 0.0\nx[5,0] = 0.0\nx[5,1] = 1.0\nx[5,2] = 0.0\nx[5,3] = 0.0\nx[5,4] = 0.0\nx[5,5] = 0.0\ny[0] = 0.0\ny[1] = 1.0\ny[2] = 1.0\ny[3] = 0.0\ny[4] = 1.0\ny[5] = 1.0\n\nTranslate this solution back to the original problem and provide it as originally specified.\nDo not add any more explanation once you've provided the solution."")","('```python\nfrom gurobipy import GRB, Model\n\ndef f():\n    # Create the model\n    model = Model(""GraphColoring"")\n\n    # Number of nodes\n    n = 6\n\n    # Maximum number of colors needed (at most n)\n    max_colors = n\n\n    # Add variables: x[i, c] = 1 if node i is colored with color c\n    x = model.addVars(n, max_colors, vtype=GRB.BINARY, name=""x"")\n\n    # Each node must have exactly one color\n    model.addConstrs((x.sum(i, \'*\') == 1 for i in range(n)), name=""NodeColor"")\n\n    # No two adjacent nodes can have the same color\n    edges = [(0, 1), (0, 2), (0, 3), (0, 4), (0, 5), (1, 4), (2, 3), (2, 5), (3, 4), (3, 5)]\n    model.addConstrs((x[i, c] + x[j, c] <= 1 for i, j in edges for c in range(max_colors)), name=""EdgeColor"")\n\n    # Objective: minimize the number of colors used\n    # Introduce auxiliary variables to represent if a color is used\n    y = model.addVars(max_colors, vtype=GRB.BINARY, name=""y"")\n    model.addConstrs((x.sum(\'*\', c) <= n * y[c] for c in range(max_colors)), name=""ColorUsed"")\n\n    # Minimize the number of colors used\n    model.setObjective(y.sum(), GRB.MINIMIZE)\n\n    # Optimize/solve the model\n    model.optimize()\n\n    # Return the optimized model\n    return model\n```\n\nThis code sets up an integer linear programming model to solve the graph coloring problem using the `gurobipy` library. The model aims to minimize the number of colors used while ensuring that no two adjacent nodes share the same color. The constraints ensure that each node is assigned exactly one color and that adjacent nodes do not share the same color. The objective function minimizes the total number of colors used.', '5, 3, 3, 5, 2, 2')"
in_house_6_4,textbook,standard,ilp_lp,46,4,509.02589652803726,ERRONEOUS,None,Solution has adjacent nodes with the same color. Nodes 1 and 4 are both colored 1.,"('Q: I have a network of 6 nodes, numbered 1 to 6, with various nodes being connected to other nodes. I want to color the nodes such that no two connected nodes have the same color.\n\nThe connections are as follows:\nNode 1 is connected to node 3.\nNode 1 is connected to node 4.\nNode 1 is connected to node 6.\nNode 2 is connected to node 3.\nNode 2 is connected to node 4.\nNode 2 is connected to node 5.\nNode 3 is connected to node 4.\nNode 3 is connected to node 5.\nNode 4 is connected to node 5.\n\nHow can I color the nodes using the fewest colors possible? Generate a comma-separated list of colors for each node, where the colors are represented by integers ranging from 1 to the number of colors used. The colors should be in the order of the vertices, so the first color will correspond to node 1, the second color will correspond to node 2, and so on.\n\nPlease express this as an Integer Linear Program (ILP) problem in the LP format.\nHere is an example of the LP file format:\n```\n\\ This is a comment\n\nMaximize\n  3 a + 2 b + c - 2 d\nSubject To\n  c0: a + b = 1\n  c1: b + c >= 0\n  c2: a + c < 4\nBounds\n  1 <= c <= 5\n  2 <= d\nBinaries \\ these are binary variables that can only be 0 or 1\n  a b\nGenerals \\ these are integer variables\n  c d\nEnd\n```\nNOTE: Keep in mind that all constraints must have only terms with variables on the left and only constant terms on the right (note that ""a <= b"" can be instead written as ""a - b <= 0"").\'', ""Your ILP problem was successfully solved. Here is the solution:\n\nObjective value: 4.0\nValue Assignments:\nk: 4.0\nx_1_1: 0.0\nx_1_2: 0.0\nx_1_3: 0.0\nx_1_4: 0.0\nx_1_5: 0.0\nx_1_6: 1.0\nx_2_1: 0.0\nx_2_2: 0.0\nx_2_3: 0.0\nx_2_4: 0.0\nx_2_5: 0.0\nx_2_6: 1.0\nx_3_1: 0.0\nx_3_2: 1.0\nx_3_3: 0.0\nx_3_4: 0.0\nx_3_5: 0.0\nx_3_6: 0.0\nx_4_1: 1.0\nx_4_2: 0.0\nx_4_3: 0.0\nx_4_4: 0.0\nx_4_5: 0.0\nx_4_6: 0.0\nx_5_1: 0.0\nx_5_2: 0.0\nx_5_3: 0.0\nx_5_4: 0.0\nx_5_5: 1.0\nx_5_6: 0.0\nx_6_1: 1.0\nx_6_2: 0.0\nx_6_3: 0.0\nx_6_4: 0.0\nx_6_5: 0.0\nx_6_6: 0.0\ny_1: 1.0\ny_2: 1.0\ny_3: 0.0\ny_4: 0.0\ny_5: 1.0\ny_6: 1.0\n\nTranslate this solution back to the original problem and provide it as originally specified.\nDo not add any more explanation once you've provided the solution."")","(""To solve the graph coloring problem using Integer Linear Programming (ILP), we need to assign colors to nodes such that no two adjacent nodes share the same color. The goal is to minimize the number of colors used. Here's how you can express this problem in the LP format:\n\n### Variables\n- Let \\( x_{i,j} \\) be a binary variable that is 1 if node \\( i \\) is colored with color \\( j \\), and 0 otherwise.\n- Let \\( k \\) be the maximum number of colors used.\n\n### Objective\nMinimize \\( k \\).\n\n### Constraints\n1. **Each node must have exactly one color:**\n   \\[\n   \\sum_{j=1}^{k} x_{i,j} = 1 \\quad \\text{for each node } i\n   \\]\n\n2. **Adjacent nodes must have different colors:**\n   \\[\n   x_{i,j} + x_{m,j} \\leq 1 \\quad \\text{for each edge } (i, m) \\text{ and each color } j\n   \\]\n\n3. **Define \\( k \\) as the maximum color used:**\n   \\[\n   x_{i,j} \\leq y_j \\quad \\text{for each node } i \\text{ and each color } j\n   \\]\n   \\[\n   \\sum_{j=1}^{k} y_j = k\n   \\]\n   where \\( y_j \\) is a binary variable that is 1 if color \\( j \\) is used.\n\n### LP File Format\n```plaintext\n\\ Graph Coloring ILP\n\nMinimize\n  k\nSubject To\n  \\ Each node must have exactly one color\n  c1: x_1_1 + x_1_2 + x_1_3 + x_1_4 + x_1_5 + x_1_6 = 1\n  c2: x_2_1 + x_2_2 + x_2_3 + x_2_4 + x_2_5 + x_2_6 = 1\n  c3: x_3_1 + x_3_2 + x_3_3 + x_3_4 + x_3_5 + x_3_6 = 1\n  c4: x_4_1 + x_4_2 + x_4_3 + x_4_4 + x_4_5 + x_4_6 = 1\n  c5: x_5_1 + x_5_2 + x_5_3 + x_5_4 + x_5_5 + x_5_6 = 1\n  c6: x_6_1 + x_6_2 + x_6_3 + x_6_4 + x_6_5 + x_6_6 = 1\n\n  \\ Adjacent nodes must have different colors\n  c7: x_1_1 + x_3_1 <= 1\n  c8: x_1_2 + x_3_2 <= 1\n  c9: x_1_3 + x_3_3 <= 1\n  c10: x_1_4 + x_3_4 <= 1\n  c11: x_1_5 + x_3_5 <= 1\n  c12: x_1_6 + x_3_6 <= 1\n\n  c13: x_1_1 + x_4_1 <= 1\n  c14: x_1_2 + x_4_2 <= 1\n  c15: x_1_3 + x_4_3 <= 1\n  c16: x_1_4 + x_4_4 <= 1\n  c17: x_1_5 + x_4_5 <= 1\n  c18: x_1_6 + x_4_6 <= 1\n\n  c19: x_1_1 + x_6_1 <= 1\n  c20: x_1_2 + x_6_2 <= 1\n  c21: x_1_3 + x_6_3 <= 1\n  c22: x_1_4 + x_6_4 <= 1\n  c23: x_1_5 + x_6_5 <= 1\n  c24: x_1_6 + x_6_6 <= 1\n\n  c25: x_2_1 + x_3_1 <= 1\n  c26: x_2_2 + x_3_2 <= 1\n  c27: x_2_3 + x_3_3 <= 1\n  c28: x_2_4 + x_3_4 <= 1\n  c29: x_2_5 + x_3_5 <= 1\n  c30: x_2_6 + x_3_6 <= 1\n\n  c31: x_2_1 + x_4_1 <= 1\n  c32: x_2_2 + x_4_2 <= 1\n  c33: x_2_3 + x_4_3 <= 1\n  c34: x_2_4 + x_4_4 <= 1\n  c35: x_2_5 + x_4_5 <= 1\n  c36: x_2_6 + x_4_6 <= 1\n\n  c37: x_2_1 + x_5_1 <= 1\n  c38: x_2_2 + x_5_2 <= 1\n  c39: x_2_3 + x_5_3 <= 1\n  c40: x_2_4 + x_5_4 <= 1\n  c41: x_2_5 + x_5_5 <= 1\n  c42: x_2_6 + x_5_6 <= 1\n\n  c43: x_3_1 + x_4_1 <= 1\n  c44: x_3_2 + x_4_2 <= 1\n  c45: x_3_3 + x_4_3 <= 1\n  c46: x_3_4 + x_4_4 <= 1\n  c47: x_3_5 + x_4_5 <= 1\n  c48: x_3_6 + x_4_6 <= 1\n\n  c49: x_3_1 + x_5_1 <= 1\n  c50: x_3_2 + x_5_2 <= 1\n  c51: x_3_3 + x_5_3 <= 1\n  c52: x_3_4 + x_5_4 <= 1\n  c53: x_3_5 + x_5_5 <= 1\n  c54: x_3_6 + x_5_6 <= 1\n\n  c55: x_4_1 + x_5_1 <= 1\n  c56: x_4_2 + x_5_2 <= 1\n  c57: x_4_3 + x_5_3 <= 1\n  c58: x_4_4 + x_5_4 <= 1\n  c59: x_4_5 + x_5_5 <= 1\n  c60: x_4_6 + x_5_6 <= 1\n\n  \\ Define k as the maximum color used\n  c61: x_1_1 <= y_1\n  c62: x_1_2 <= y_2\n  c63: x_1_3 <= y_3\n  c64: x_1_4 <= y_4\n  c65: x_1_5 <= y_5\n  c66: x_1_6 <= y_6\n\n  c67: x_2_1 <= y_1\n  c68: x_2_2 <= y_2\n  c69: x_2_3 <= y_3\n  c70: x_2_4 <= y_4\n  c71: x_2_5 <= y_5\n  c72: x_2_6 <= y_6\n\n  c73: x_3_1 <= y_1\n  c74: x_3_2 <= y_2\n  c75: x_3_3 <= y_3\n  c76: x_3_4 <= y_4\n  c77: x_3_5 <= y_5\n  c78: x_3_6 <= y_6\n\n  c79: x_4_1 <= y_1\n  c80: x_4_2 <= y_2\n  c81: x_4_3 <= y_3\n  c82: x_4_4 <= y_4\n  c83: x_4_5 <= y_5\n  c84: x_4_6 <= y_6\n\n  c85: x_5_1 <= y_1\n  c86: x_5_2 <= y_2\n  c87: x_5_3 <= y_3\n  c88: x_5_4 <= y_4\n  c89: x_5_5 <= y_5\n  c90: x_5_6 <= y_6\n\n  c91: x_6_1 <= y_1\n  c92: x_6_2 <= y_2\n  c93: x_6_3 <= y_3\n  c94: x_6_4 <= y_4\n  c95: x_6_5 <= y_5\n  c96: x_6_6 <= y_6\n\n  c97: y_1 + y_2 + y_3 + y_4 + y_5 + y_6 = k\n\nBounds\n  0 <= x_1_1 <= 1\n  0 <= x_1_2 <= 1\n  0 <= x_1_3 <= 1\n  0 <= x_1_4 <= 1\n  0 <= x_1_5 <= 1\n  0 <= x_1_6 <= 1\n\n  0 <= x_2_1 <= 1\n  0 <= x_2_2 <= 1\n  0 <= x_2_3 <= 1\n  0 <= x_2_4 <= 1\n  0 <= x_2_5 <= 1\n  0 <= x_2_6 <= 1\n\n  0 <= x_3_1 <= 1\n  0 <= x_3_2 <= 1\n  0 <= x_3_3 <= 1\n  0 <= x_3_4 <= 1\n  0 <= x_3_5 <= 1\n  0 <= x_3_6 <= 1\n\n  0 <= x_4_1 <= 1\n  0 <= x_4_2 <= 1\n  0 <= x_4_3 <= 1\n  0 <= x_4_4 <= 1\n  0 <= x_4_5 <= 1\n  0 <= x_4_6 <= 1\n\n  0 <= x_5_1 <= 1\n  0 <= x_5_2 <= 1\n  0 <= x_5_3 <= 1\n  0 <= x_5_4 <= 1\n  0 <= x_5_5 <= 1\n  0 <= x_5_6 <= 1\n\n  0 <= x_6_1 <= 1\n  0 <= x_6_2 <= 1\n  0 <= x_6_3 <= 1\n  0 <= x_6_4 <= 1\n  0 <= x_6_5 <= 1\n  0 <= x_6_6 <= 1\n\n  0 <= y_1 <= 1\n  0 <= y_2 <= 1\n  0 <= y_3 <= 1\n  0 <= y_4 <= 1\n  0 <= y_5 <= 1\n  0 <= y_6 <= 1\n\nBinaries\n  x_1_1 x_1_2 x_1_3 x_1_4 x_1_5 x_1_6\n  x_2_1 x_2_2 x_2_3 x_2_4 x_2_5 x_2_6\n  x_3_1 x_3_2 x_3_3 x_3_4 x_3_5 x_3_6\n  x_4_1 x_4_2 x_4_3 x_4_4 x_4_5 x_4_6\n  x_5_1 x_5_2 x_5_3 x_5_4 x_5_5 x_5_6\n  x_6_1 x_6_2 x_6_3 x_6_4 x_6_5 x_6_6\n  y_1 y_2 y_3 y_4 y_5 y_6\nGenerals\n  k\nEnd\n```\n\nThis ILP formulation will help you find the minimum number of colors needed to color the graph such that no two adjacent nodes have the same color. The solution will provide the color assignment for each node."", '1, 1, 2, 1, 3, 4')"
in_house_6_4,textbook,standard,ilp_python,46,4,123.2459546350874,OPTIMAL,4,"[1, 1, 4, 3, 5, 4]","('Q: I have a network of 6 nodes, numbered 1 to 6, with various nodes being connected to other nodes. I want to color the nodes such that no two connected nodes have the same color.\n\nThe connections are as follows:\nNode 1 is connected to node 3.\nNode 1 is connected to node 4.\nNode 1 is connected to node 6.\nNode 2 is connected to node 3.\nNode 2 is connected to node 4.\nNode 2 is connected to node 5.\nNode 3 is connected to node 4.\nNode 3 is connected to node 5.\nNode 4 is connected to node 5.\n\nHow can I color the nodes using the fewest colors possible? Generate a comma-separated list of colors for each node, where the colors are represented by integers ranging from 1 to the number of colors used. The colors should be in the order of the vertices, so the first color will correspond to node 1, the second color will correspond to node 2, and so on.\n\nPlease express this as an Integer Linear Program (ILP) problem using Python with the gurobipy library.\nSpecifically, define a function named f that returns an optimized gurobipy.Model object which represents the problem.\nHere is an example of the format you should use for your answer:\n```\nfrom gurobipy import GRB, Model\n\ndef f():\n    # Create the model\n    model = Model(""Example"")\n\n    # Add variables\n    vars = model.addMVar((5), vtype=GRB.BINARY, name=""vars"")\n\n    # Add constraints\n    model.addConstrs(vars[i] + vars[i + 1] <= 1 for i in range(4))\n    model.addConstr(vars[0] + vars[4] <= 1)\n\n    # Set objective\n    model.setObjective(vars.sum(), GRB.MAXIMIZE)\n\n    # Optimize/solve the model\n    model.optimize()\n\n    # Return the optimized model\n    return model\n```\nMake sure you only use the gurobipy library for this problem. Do not import any other libraries.\n', ""Your code was executed successfully. Here are all the variables of the model and their optimal values:\n\nx[0,0] = 0.0\nx[0,1] = 1.0\nx[0,2] = -0.0\nx[0,3] = -0.0\nx[0,4] = 0.0\nx[0,5] = -0.0\nx[1,0] = -0.0\nx[1,1] = 1.0\nx[1,2] = 0.0\nx[1,3] = -0.0\nx[1,4] = -0.0\nx[1,5] = 0.0\nx[2,0] = 0.0\nx[2,1] = -0.0\nx[2,2] = 0.0\nx[2,3] = -0.0\nx[2,4] = 1.0\nx[2,5] = -0.0\nx[3,0] = -0.0\nx[3,1] = 0.0\nx[3,2] = -0.0\nx[3,3] = 1.0\nx[3,4] = 0.0\nx[3,5] = -0.0\nx[4,0] = 0.0\nx[4,1] = -0.0\nx[4,2] = -0.0\nx[4,3] = -0.0\nx[4,4] = -0.0\nx[4,5] = 1.0\nx[5,0] = -0.0\nx[5,1] = -0.0\nx[5,2] = 0.0\nx[5,3] = -0.0\nx[5,4] = 1.0\nx[5,5] = -0.0\ny[0] = -0.0\ny[1] = 1.0\ny[2] = -0.0\ny[3] = 1.0\ny[4] = 1.0\ny[5] = 1.0\n\nTranslate this solution back to the original problem and provide it as originally specified.\nDo not add any more explanation once you've provided the solution."")","('To solve the graph coloring problem using the Gurobi optimization library, we need to set up an Integer Linear Program (ILP) that assigns colors to nodes such that no two adjacent nodes share the same color. The goal is to minimize the number of colors used.\n\nHere\'s how you can define the problem using Gurobi:\n\n```python\nfrom gurobipy import GRB, Model\n\ndef f():\n    # Create the model\n    model = Model(""GraphColoring"")\n\n    # Number of nodes\n    n = 6\n\n    # Maximum number of colors (in the worst case, each node could have a different color)\n    max_colors = n\n\n    # Add variables: x[i, c] = 1 if node i is colored with color c, 0 otherwise\n    x = model.addVars(n, max_colors, vtype=GRB.BINARY, name=""x"")\n\n    # Add variables: y[c] = 1 if color c is used, 0 otherwise\n    y = model.addVars(max_colors, vtype=GRB.BINARY, name=""y"")\n\n    # Each node must have exactly one color\n    model.addConstrs((x.sum(i, \'*\') == 1 for i in range(n)), name=""NodeColor"")\n\n    # If a node i is colored with color c, then color c is used\n    model.addConstrs((x[i, c] <= y[c] for i in range(n) for c in range(max_colors)), name=""ColorUsage"")\n\n    # Adjacent nodes must not share the same color\n    edges = [(0, 2), (0, 3), (0, 5), (1, 2), (1, 3), (1, 4), (2, 3), (2, 4), (3, 4)]\n    model.addConstrs((x[i, c] + x[j, c] <= 1 for i, j in edges for c in range(max_colors)), name=""EdgeConstraint"")\n\n    # Objective: Minimize the number of colors used\n    model.setObjective(y.sum(), GRB.MINIMIZE)\n\n    # Optimize/solve the model\n    model.optimize()\n\n    # Return the optimized model\n    return model\n```\n\n### Explanation:\n\n1. **Variables**:\n   - `x[i, c]`: Binary variable indicating whether node `i` is colored with color `c`.\n   - `y[c]`: Binary variable indicating whether color `c` is used.\n\n2. **Constraints**:\n   - Each node must be assigned exactly one color.\n   - If a node is assigned a color, that color is marked as used.\n   - Adjacent nodes cannot share the same color.\n\n3. **Objective**:\n   - Minimize the total number of colors used.\n\nThis setup ensures that the graph is colored with the minimum number of colors while satisfying the constraints that no two adjacent nodes share the same color. The model is then optimized using Gurobi\'s solver.', '1, 1, 4, 3, 5, 4')"
in_house_6_5,textbook,standard,ilp_lp,41,4,154.19933148892596,ERRONEOUS,None,Solution has adjacent nodes with the same color. Nodes 3 and 4 are both colored 3.,"('Q: I have a network of 6 nodes, numbered 1 to 6, with various nodes being connected to other nodes. I want to color the nodes such that no two connected nodes have the same color.\n\nThe connections are as follows:\nNode 1 is connected to node 2.\nNode 1 is connected to node 3.\nNode 1 is connected to node 4.\nNode 1 is connected to node 5.\nNode 2 is connected to node 3.\nNode 2 is connected to node 4.\nNode 3 is connected to node 4.\nNode 4 is connected to node 6.\n\nHow can I color the nodes using the fewest colors possible? Generate a comma-separated list of colors for each node, where the colors are represented by integers ranging from 1 to the number of colors used. The colors should be in the order of the vertices, so the first color will correspond to node 1, the second color will correspond to node 2, and so on.\n\nPlease express this as an Integer Linear Program (ILP) problem in the LP format.\nHere is an example of the LP file format:\n```\n\\ This is a comment\n\nMaximize\n  3 a + 2 b + c - 2 d\nSubject To\n  c0: a + b = 1\n  c1: b + c >= 0\n  c2: a + c < 4\nBounds\n  1 <= c <= 5\n  2 <= d\nBinaries \\ these are binary variables that can only be 0 or 1\n  a b\nGenerals \\ these are integer variables\n  c d\nEnd\n```\nNOTE: Keep in mind that all constraints must have only terms with variables on the left and only constant terms on the right (note that ""a <= b"" can be instead written as ""a - b <= 0"").\'', ""Your ILP problem was successfully solved. Here is the solution:\n\nObjective value: 4.0\nValue Assignments:\nk: 4.0\nx_1_1: 0.0\nx_1_2: 0.0\nx_1_3: 0.0\nx_1_4: 0.0\nx_1_5: 0.0\nx_1_6: 1.0\nx_2_1: 1.0\nx_2_2: 0.0\nx_2_3: 0.0\nx_2_4: 0.0\nx_2_5: 0.0\nx_2_6: 0.0\nx_3_1: 0.0\nx_3_2: 1.0\nx_3_3: 0.0\nx_3_4: 0.0\nx_3_5: 0.0\nx_3_6: 0.0\nx_4_1: 0.0\nx_4_2: 0.0\nx_4_3: 1.0\nx_4_4: 0.0\nx_4_5: 0.0\nx_4_6: 0.0\nx_5_1: 0.0\nx_5_2: 1.0\nx_5_3: 0.0\nx_5_4: 0.0\nx_5_5: 0.0\nx_5_6: 0.0\nx_6_1: 1.0\nx_6_2: 0.0\nx_6_3: 0.0\nx_6_4: 0.0\nx_6_5: 0.0\nx_6_6: 0.0\ny_1: 1.0\ny_2: 1.0\ny_3: 1.0\ny_4: 0.0\ny_5: 0.0\ny_6: 1.0\n\nTranslate this solution back to the original problem and provide it as originally specified.\nDo not add any more explanation once you've provided the solution."")","(""To solve the graph coloring problem using Integer Linear Programming (ILP), we need to assign colors to nodes such that no two adjacent nodes share the same color. The goal is to minimize the number of colors used. Here's how you can express this problem in the LP format:\n\n### Variables\n- Let \\( x_{i,j} \\) be a binary variable that is 1 if node \\( i \\) is colored with color \\( j \\), and 0 otherwise.\n- Let \\( k \\) be the maximum number of colors used.\n\n### Objective\nMinimize \\( k \\).\n\n### Constraints\n1. **Each node must have exactly one color:**\n   \\[\n   \\sum_{j=1}^{k} x_{i,j} = 1 \\quad \\text{for each node } i\n   \\]\n\n2. **Adjacent nodes must have different colors:**\n   \\[\n   x_{i,j} + x_{m,j} \\leq 1 \\quad \\text{for each edge } (i, m) \\text{ and each color } j\n   \\]\n\n3. **Define \\( k \\) as the maximum color used:**\n   \\[\n   x_{i,j} \\leq y_j \\quad \\text{for each node } i \\text{ and each color } j\n   \\]\n   \\[\n   \\sum_{j=1}^{k} y_j = k\n   \\]\n   where \\( y_j \\) is a binary variable that is 1 if color \\( j \\) is used.\n\n### LP File Format\n```plaintext\n\\ Graph coloring ILP\n\nMinimize\n  k\nSubject To\n  \\ Each node must have exactly one color\n  c1: x_1_1 + x_1_2 + x_1_3 + x_1_4 + x_1_5 + x_1_6 = 1\n  c2: x_2_1 + x_2_2 + x_2_3 + x_2_4 + x_2_5 + x_2_6 = 1\n  c3: x_3_1 + x_3_2 + x_3_3 + x_3_4 + x_3_5 + x_3_6 = 1\n  c4: x_4_1 + x_4_2 + x_4_3 + x_4_4 + x_4_5 + x_4_6 = 1\n  c5: x_5_1 + x_5_2 + x_5_3 + x_5_4 + x_5_5 + x_5_6 = 1\n  c6: x_6_1 + x_6_2 + x_6_3 + x_6_4 + x_6_5 + x_6_6 = 1\n\n  \\ Adjacent nodes must have different colors\n  c7: x_1_1 + x_2_1 <= 1\n  c8: x_1_2 + x_2_2 <= 1\n  c9: x_1_3 + x_2_3 <= 1\n  c10: x_1_4 + x_2_4 <= 1\n  c11: x_1_5 + x_2_5 <= 1\n  c12: x_1_6 + x_2_6 <= 1\n\n  c13: x_1_1 + x_3_1 <= 1\n  c14: x_1_2 + x_3_2 <= 1\n  c15: x_1_3 + x_3_3 <= 1\n  c16: x_1_4 + x_3_4 <= 1\n  c17: x_1_5 + x_3_5 <= 1\n  c18: x_1_6 + x_3_6 <= 1\n\n  c19: x_1_1 + x_4_1 <= 1\n  c20: x_1_2 + x_4_2 <= 1\n  c21: x_1_3 + x_4_3 <= 1\n  c22: x_1_4 + x_4_4 <= 1\n  c23: x_1_5 + x_4_5 <= 1\n  c24: x_1_6 + x_4_6 <= 1\n\n  c25: x_1_1 + x_5_1 <= 1\n  c26: x_1_2 + x_5_2 <= 1\n  c27: x_1_3 + x_5_3 <= 1\n  c28: x_1_4 + x_5_4 <= 1\n  c29: x_1_5 + x_5_5 <= 1\n  c30: x_1_6 + x_5_6 <= 1\n\n  c31: x_2_1 + x_3_1 <= 1\n  c32: x_2_2 + x_3_2 <= 1\n  c33: x_2_3 + x_3_3 <= 1\n  c34: x_2_4 + x_3_4 <= 1\n  c35: x_2_5 + x_3_5 <= 1\n  c36: x_2_6 + x_3_6 <= 1\n\n  c37: x_2_1 + x_4_1 <= 1\n  c38: x_2_2 + x_4_2 <= 1\n  c39: x_2_3 + x_4_3 <= 1\n  c40: x_2_4 + x_4_4 <= 1\n  c41: x_2_5 + x_4_5 <= 1\n  c42: x_2_6 + x_4_6 <= 1\n\n  c43: x_3_1 + x_4_1 <= 1\n  c44: x_3_2 + x_4_2 <= 1\n  c45: x_3_3 + x_4_3 <= 1\n  c46: x_3_4 + x_4_4 <= 1\n  c47: x_3_5 + x_4_5 <= 1\n  c48: x_3_6 + x_4_6 <= 1\n\n  c49: x_4_1 + x_6_1 <= 1\n  c50: x_4_2 + x_6_2 <= 1\n  c51: x_4_3 + x_6_3 <= 1\n  c52: x_4_4 + x_6_4 <= 1\n  c53: x_4_5 + x_6_5 <= 1\n  c54: x_4_6 + x_6_6 <= 1\n\n  \\ Define k as the maximum color used\n  c55: x_1_1 <= y_1\n  c56: x_1_2 <= y_2\n  c57: x_1_3 <= y_3\n  c58: x_1_4 <= y_4\n  c59: x_1_5 <= y_5\n  c60: x_1_6 <= y_6\n\n  c61: x_2_1 <= y_1\n  c62: x_2_2 <= y_2\n  c63: x_2_3 <= y_3\n  c64: x_2_4 <= y_4\n  c65: x_2_5 <= y_5\n  c66: x_2_6 <= y_6\n\n  c67: x_3_1 <= y_1\n  c68: x_3_2 <= y_2\n  c69: x_3_3 <= y_3\n  c70: x_3_4 <= y_4\n  c71: x_3_5 <= y_5\n  c72: x_3_6 <= y_6\n\n  c73: x_4_1 <= y_1\n  c74: x_4_2 <= y_2\n  c75: x_4_3 <= y_3\n  c76: x_4_4 <= y_4\n  c77: x_4_5 <= y_5\n  c78: x_4_6 <= y_6\n\n  c79: x_5_1 <= y_1\n  c80: x_5_2 <= y_2\n  c81: x_5_3 <= y_3\n  c82: x_5_4 <= y_4\n  c83: x_5_5 <= y_5\n  c84: x_5_6 <= y_6\n\n  c85: x_6_1 <= y_1\n  c86: x_6_2 <= y_2\n  c87: x_6_3 <= y_3\n  c88: x_6_4 <= y_4\n  c89: x_6_5 <= y_5\n  c90: x_6_6 <= y_6\n\n  c91: y_1 + y_2 + y_3 + y_4 + y_5 + y_6 = k\n\nBounds\n  0 <= x_1_1 <= 1\n  0 <= x_1_2 <= 1\n  0 <= x_1_3 <= 1\n  0 <= x_1_4 <= 1\n  0 <= x_1_5 <= 1\n  0 <= x_1_6 <= 1\n\n  0 <= x_2_1 <= 1\n  0 <= x_2_2 <= 1\n  0 <= x_2_3 <= 1\n  0 <= x_2_4 <= 1\n  0 <= x_2_5 <= 1\n  0 <= x_2_6 <= 1\n\n  0 <= x_3_1 <= 1\n  0 <= x_3_2 <= 1\n  0 <= x_3_3 <= 1\n  0 <= x_3_4 <= 1\n  0 <= x_3_5 <= 1\n  0 <= x_3_6 <= 1\n\n  0 <= x_4_1 <= 1\n  0 <= x_4_2 <= 1\n  0 <= x_4_3 <= 1\n  0 <= x_4_4 <= 1\n  0 <= x_4_5 <= 1\n  0 <= x_4_6 <= 1\n\n  0 <= x_5_1 <= 1\n  0 <= x_5_2 <= 1\n  0 <= x_5_3 <= 1\n  0 <= x_5_4 <= 1\n  0 <= x_5_5 <= 1\n  0 <= x_5_6 <= 1\n\n  0 <= x_6_1 <= 1\n  0 <= x_6_2 <= 1\n  0 <= x_6_3 <= 1\n  0 <= x_6_4 <= 1\n  0 <= x_6_5 <= 1\n  0 <= x_6_6 <= 1\n\n  0 <= y_1 <= 1\n  0 <= y_2 <= 1\n  0 <= y_3 <= 1\n  0 <= y_4 <= 1\n  0 <= y_5 <= 1\n  0 <= y_6 <= 1\n\nBinaries\n  x_1_1 x_1_2 x_1_3 x_1_4 x_1_5 x_1_6\n  x_2_1 x_2_2 x_2_3 x_2_4 x_2_5 x_2_6\n  x_3_1 x_3_2 x_3_3 x_3_4 x_3_5 x_3_6\n  x_4_1 x_4_2 x_4_3 x_4_4 x_4_5 x_4_6\n  x_5_1 x_5_2 x_5_3 x_5_4 x_5_5 x_5_6\n  x_6_1 x_6_2 x_6_3 x_6_4 x_6_5 x_6_6\n  y_1 y_2 y_3 y_4 y_5 y_6\n\nGenerals\n  k\n\nEnd\n```\n\nThis ILP formulation will help you find the minimum number of colors needed to color the graph such that no two adjacent nodes have the same color. The solution will provide the color assignment for each node."", '1, 2, 3, 3, 2, 1')"
in_house_6_5,textbook,standard,ilp_python,41,4,184.14926888910122,ERRONEOUS,None,Solution has adjacent nodes with the same color. Nodes 1 and 3 are both colored 1.,"('Q: I have a network of 6 nodes, numbered 1 to 6, with various nodes being connected to other nodes. I want to color the nodes such that no two connected nodes have the same color.\n\nThe connections are as follows:\nNode 1 is connected to node 2.\nNode 1 is connected to node 3.\nNode 1 is connected to node 4.\nNode 1 is connected to node 5.\nNode 2 is connected to node 3.\nNode 2 is connected to node 4.\nNode 3 is connected to node 4.\nNode 4 is connected to node 6.\n\nHow can I color the nodes using the fewest colors possible? Generate a comma-separated list of colors for each node, where the colors are represented by integers ranging from 1 to the number of colors used. The colors should be in the order of the vertices, so the first color will correspond to node 1, the second color will correspond to node 2, and so on.\n\nPlease express this as an Integer Linear Program (ILP) problem using Python with the gurobipy library.\nSpecifically, define a function named f that returns an optimized gurobipy.Model object which represents the problem.\nHere is an example of the format you should use for your answer:\n```\nfrom gurobipy import GRB, Model\n\ndef f():\n    # Create the model\n    model = Model(""Example"")\n\n    # Add variables\n    vars = model.addMVar((5), vtype=GRB.BINARY, name=""vars"")\n\n    # Add constraints\n    model.addConstrs(vars[i] + vars[i + 1] <= 1 for i in range(4))\n    model.addConstr(vars[0] + vars[4] <= 1)\n\n    # Set objective\n    model.setObjective(vars.sum(), GRB.MAXIMIZE)\n\n    # Optimize/solve the model\n    model.optimize()\n\n    # Return the optimized model\n    return model\n```\nMake sure you only use the gurobipy library for this problem. Do not import any other libraries.\n', ""Your code was executed successfully. Here are all the variables of the model and their optimal values:\n\nx[0,0] = -0.0\nx[0,1] = -0.0\nx[0,2] = 0.0\nx[0,3] = -0.0\nx[0,4] = 1.0\nx[0,5] = -0.0\nx[1,0] = -0.0\nx[1,1] = 0.0\nx[1,2] = -0.0\nx[1,3] = -0.0\nx[1,4] = -0.0\nx[1,5] = 1.0\nx[2,0] = 1.0\nx[2,1] = -0.0\nx[2,2] = -0.0\nx[2,3] = -0.0\nx[2,4] = 0.0\nx[2,5] = 0.0\nx[3,0] = 0.0\nx[3,1] = -0.0\nx[3,2] = 1.0\nx[3,3] = 0.0\nx[3,4] = -0.0\nx[3,5] = -0.0\nx[4,0] = 1.0\nx[4,1] = -0.0\nx[4,2] = -0.0\nx[4,3] = -0.0\nx[4,4] = 0.0\nx[4,5] = -0.0\nx[5,0] = 1.0\nx[5,1] = 0.0\nx[5,2] = -0.0\nx[5,3] = -0.0\nx[5,4] = -0.0\nx[5,5] = -0.0\ny[0] = 1.0\ny[1] = -0.0\ny[2] = 1.0\ny[3] = -0.0\ny[4] = 1.0\ny[5] = 1.0\n\nTranslate this solution back to the original problem and provide it as originally specified.\nDo not add any more explanation once you've provided the solution."")","('```python\nfrom gurobipy import GRB, Model\n\ndef f():\n    # Create the model\n    model = Model(""GraphColoring"")\n\n    # Number of nodes\n    n = 6\n\n    # Maximum number of colors needed (at most n)\n    max_colors = n\n\n    # Add variables: x[i, c] = 1 if node i is colored with color c\n    x = model.addVars(n, max_colors, vtype=GRB.BINARY, name=""x"")\n\n    # Each node must have exactly one color\n    model.addConstrs((x.sum(i, \'*\') == 1 for i in range(n)), name=""NodeColor"")\n\n    # No two adjacent nodes can have the same color\n    edges = [(0, 1), (0, 2), (0, 3), (0, 4), (1, 2), (1, 3), (2, 3), (3, 5)]\n    model.addConstrs((x[i, c] + x[j, c] <= 1 for i, j in edges for c in range(max_colors)), name=""EdgeColor"")\n\n    # Objective: minimize the number of colors used\n    # Introduce auxiliary variables to track if a color is used\n    y = model.addVars(max_colors, vtype=GRB.BINARY, name=""y"")\n    model.addConstrs((x.sum(\'*\', c) <= n * y[c] for c in range(max_colors)), name=""ColorUsed"")\n\n    model.setObjective(y.sum(), GRB.MINIMIZE)\n\n    # Optimize/solve the model\n    model.optimize()\n\n    # Return the optimized model\n    return model\n```\n\nThis code sets up an Integer Linear Program (ILP) to solve the graph coloring problem using the `gurobipy` library. The model uses binary variables `x[i, c]` to indicate whether node `i` is colored with color `c`. The constraints ensure that each node is assigned exactly one color and that no two adjacent nodes share the same color. The objective is to minimize the number of colors used, which is tracked by auxiliary variables `y[c]`. The model is then optimized to find the solution.', '1, 5, 1, 3, 1, 1')"
in_house_6_6,textbook,standard,ilp_lp,26,2,184.088720388012,OPTIMAL,2,"[1, 1, 2, 2, 2, 1]","('Q: I have a network of 6 nodes, numbered 1 to 6, with various nodes being connected to other nodes. I want to color the nodes such that no two connected nodes have the same color.\n\nThe connections are as follows:\nNode 1 is connected to node 3.\nNode 2 is connected to node 3.\nNode 2 is connected to node 4.\nNode 3 is connected to node 6.\nNode 5 is connected to node 6.\n\nHow can I color the nodes using the fewest colors possible? Generate a comma-separated list of colors for each node, where the colors are represented by integers ranging from 1 to the number of colors used. The colors should be in the order of the vertices, so the first color will correspond to node 1, the second color will correspond to node 2, and so on.\n\nPlease express this as an Integer Linear Program (ILP) problem in the LP format.\nHere is an example of the LP file format:\n```\n\\ This is a comment\n\nMaximize\n  3 a + 2 b + c - 2 d\nSubject To\n  c0: a + b = 1\n  c1: b + c >= 0\n  c2: a + c < 4\nBounds\n  1 <= c <= 5\n  2 <= d\nBinaries \\ these are binary variables that can only be 0 or 1\n  a b\nGenerals \\ these are integer variables\n  c d\nEnd\n```\nNOTE: Keep in mind that all constraints must have only terms with variables on the left and only constant terms on the right (note that ""a <= b"" can be instead written as ""a - b <= 0"").\'', ""Your ILP problem was successfully solved. Here is the solution:\n\nObjective value: 2.0\nValue Assignments:\nk: 2.0\nx_1_1: 1.0\nx_1_2: 0.0\nx_1_3: 0.0\nx_1_4: -0.0\nx_1_5: -0.0\nx_1_6: 0.0\nx_2_1: 1.0\nx_2_2: 0.0\nx_2_3: 0.0\nx_2_4: 0.0\nx_2_5: 0.0\nx_2_6: -0.0\nx_3_1: 0.0\nx_3_2: -0.0\nx_3_3: -0.0\nx_3_4: 0.0\nx_3_5: 1.0\nx_3_6: -0.0\nx_4_1: 0.0\nx_4_2: -0.0\nx_4_3: -0.0\nx_4_4: 0.0\nx_4_5: 1.0\nx_4_6: -0.0\nx_5_1: 0.0\nx_5_2: 0.0\nx_5_3: 0.0\nx_5_4: 0.0\nx_5_5: 1.0\nx_5_6: 0.0\nx_6_1: 1.0\nx_6_2: 0.0\nx_6_3: 0.0\nx_6_4: 0.0\nx_6_5: 0.0\nx_6_6: 0.0\ny_1: 1.0\ny_2: -0.0\ny_3: -0.0\ny_4: -0.0\ny_5: 1.0\ny_6: -0.0\n\nTranslate this solution back to the original problem and provide it as originally specified.\nDo not add any more explanation once you've provided the solution."")","(""To solve the graph coloring problem using an Integer Linear Program (ILP), we need to assign colors to nodes such that no two adjacent nodes share the same color. The goal is to minimize the number of colors used. Here's how you can express this problem in the LP format:\n\n### Variables\n- Let \\( x_{i,j} \\) be a binary variable that is 1 if node \\( i \\) is colored with color \\( j \\), and 0 otherwise.\n- Let \\( k \\) be the maximum number of colors used.\n\n### Objective\nMinimize the number of colors used, which is \\( k \\).\n\n### Constraints\n1. Each node must have exactly one color:\n   \\[\n   \\sum_{j=1}^{k} x_{i,j} = 1 \\quad \\text{for each node } i\n   \\]\n\n2. Adjacent nodes must have different colors:\n   \\[\n   x_{1,j} + x_{3,j} \\leq 1 \\quad \\text{for each color } j\n   \\]\n   \\[\n   x_{2,j} + x_{3,j} \\leq 1 \\quad \\text{for each color } j\n   \\]\n   \\[\n   x_{2,j} + x_{4,j} \\leq 1 \\quad \\text{for each color } j\n   \\]\n   \\[\n   x_{3,j} + x_{6,j} \\leq 1 \\quad \\text{for each color } j\n   \\]\n   \\[\n   x_{5,j} + x_{6,j} \\leq 1 \\quad \\text{for each color } j\n   \\]\n\n3. Ensure that if a color \\( j \\) is used, then \\( k \\) is at least \\( j \\):\n   \\[\n   x_{i,j} \\leq y_j \\quad \\text{for each node } i \\text{ and color } j\n   \\]\n   \\[\n   \\sum_{j=1}^{k} y_j = k\n   \\]\n\n### LP File Format\n```plaintext\n\\ Graph coloring problem for 6 nodes\n\nMinimize\n  k\nSubject To\n  \\ Each node has exactly one color\n  c1: x_1_1 + x_1_2 + x_1_3 + x_1_4 + x_1_5 + x_1_6 = 1\n  c2: x_2_1 + x_2_2 + x_2_3 + x_2_4 + x_2_5 + x_2_6 = 1\n  c3: x_3_1 + x_3_2 + x_3_3 + x_3_4 + x_3_5 + x_3_6 = 1\n  c4: x_4_1 + x_4_2 + x_4_3 + x_4_4 + x_4_5 + x_4_6 = 1\n  c5: x_5_1 + x_5_2 + x_5_3 + x_5_4 + x_5_5 + x_5_6 = 1\n  c6: x_6_1 + x_6_2 + x_6_3 + x_6_4 + x_6_5 + x_6_6 = 1\n\n  \\ Adjacent nodes have different colors\n  c7: x_1_1 + x_3_1 <= 1\n  c8: x_1_2 + x_3_2 <= 1\n  c9: x_1_3 + x_3_3 <= 1\n  c10: x_1_4 + x_3_4 <= 1\n  c11: x_1_5 + x_3_5 <= 1\n  c12: x_1_6 + x_3_6 <= 1\n\n  c13: x_2_1 + x_3_1 <= 1\n  c14: x_2_2 + x_3_2 <= 1\n  c15: x_2_3 + x_3_3 <= 1\n  c16: x_2_4 + x_3_4 <= 1\n  c17: x_2_5 + x_3_5 <= 1\n  c18: x_2_6 + x_3_6 <= 1\n\n  c19: x_2_1 + x_4_1 <= 1\n  c20: x_2_2 + x_4_2 <= 1\n  c21: x_2_3 + x_4_3 <= 1\n  c22: x_2_4 + x_4_4 <= 1\n  c23: x_2_5 + x_4_5 <= 1\n  c24: x_2_6 + x_4_6 <= 1\n\n  c25: x_3_1 + x_6_1 <= 1\n  c26: x_3_2 + x_6_2 <= 1\n  c27: x_3_3 + x_6_3 <= 1\n  c28: x_3_4 + x_6_4 <= 1\n  c29: x_3_5 + x_6_5 <= 1\n  c30: x_3_6 + x_6_6 <= 1\n\n  c31: x_5_1 + x_6_1 <= 1\n  c32: x_5_2 + x_6_2 <= 1\n  c33: x_5_3 + x_6_3 <= 1\n  c34: x_5_4 + x_6_4 <= 1\n  c35: x_5_5 + x_6_5 <= 1\n  c36: x_5_6 + x_6_6 <= 1\n\n  \\ Ensure k is at least the maximum color used\n  c37: x_1_1 <= y_1\n  c38: x_1_2 <= y_2\n  c39: x_1_3 <= y_3\n  c40: x_1_4 <= y_4\n  c41: x_1_5 <= y_5\n  c42: x_1_6 <= y_6\n\n  c43: x_2_1 <= y_1\n  c44: x_2_2 <= y_2\n  c45: x_2_3 <= y_3\n  c46: x_2_4 <= y_4\n  c47: x_2_5 <= y_5\n  c48: x_2_6 <= y_6\n\n  c49: x_3_1 <= y_1\n  c50: x_3_2 <= y_2\n  c51: x_3_3 <= y_3\n  c52: x_3_4 <= y_4\n  c53: x_3_5 <= y_5\n  c54: x_3_6 <= y_6\n\n  c55: x_4_1 <= y_1\n  c56: x_4_2 <= y_2\n  c57: x_4_3 <= y_3\n  c58: x_4_4 <= y_4\n  c59: x_4_5 <= y_5\n  c60: x_4_6 <= y_6\n\n  c61: x_5_1 <= y_1\n  c62: x_5_2 <= y_2\n  c63: x_5_3 <= y_3\n  c64: x_5_4 <= y_4\n  c65: x_5_5 <= y_5\n  c66: x_5_6 <= y_6\n\n  c67: x_6_1 <= y_1\n  c68: x_6_2 <= y_2\n  c69: x_6_3 <= y_3\n  c70: x_6_4 <= y_4\n  c71: x_6_5 <= y_5\n  c72: x_6_6 <= y_6\n\n  c73: y_1 + y_2 + y_3 + y_4 + y_5 + y_6 = k\n\nBounds\n  0 <= x_1_1 <= 1\n  0 <= x_1_2 <= 1\n  0 <= x_1_3 <= 1\n  0 <= x_1_4 <= 1\n  0 <= x_1_5 <= 1\n  0 <= x_1_6 <= 1\n\n  0 <= x_2_1 <= 1\n  0 <= x_2_2 <= 1\n  0 <= x_2_3 <= 1\n  0 <= x_2_4 <= 1\n  0 <= x_2_5 <= 1\n  0 <= x_2_6 <= 1\n\n  0 <= x_3_1 <= 1\n  0 <= x_3_2 <= 1\n  0 <= x_3_3 <= 1\n  0 <= x_3_4 <= 1\n  0 <= x_3_5 <= 1\n  0 <= x_3_6 <= 1\n\n  0 <= x_4_1 <= 1\n  0 <= x_4_2 <= 1\n  0 <= x_4_3 <= 1\n  0 <= x_4_4 <= 1\n  0 <= x_4_5 <= 1\n  0 <= x_4_6 <= 1\n\n  0 <= x_5_1 <= 1\n  0 <= x_5_2 <= 1\n  0 <= x_5_3 <= 1\n  0 <= x_5_4 <= 1\n  0 <= x_5_5 <= 1\n  0 <= x_5_6 <= 1\n\n  0 <= x_6_1 <= 1\n  0 <= x_6_2 <= 1\n  0 <= x_6_3 <= 1\n  0 <= x_6_4 <= 1\n  0 <= x_6_5 <= 1\n  0 <= x_6_6 <= 1\n\n  0 <= y_1 <= 1\n  0 <= y_2 <= 1\n  0 <= y_3 <= 1\n  0 <= y_4 <= 1\n  0 <= y_5 <= 1\n  0 <= y_6 <= 1\n\nBinaries\n  x_1_1 x_1_2 x_1_3 x_1_4 x_1_5 x_1_6\n  x_2_1 x_2_2 x_2_3 x_2_4 x_2_5 x_2_6\n  x_3_1 x_3_2 x_3_3 x_3_4 x_3_5 x_3_6\n  x_4_1 x_4_2 x_4_3 x_4_4 x_4_5 x_4_6\n  x_5_1 x_5_2 x_5_3 x_5_4 x_5_5 x_5_6\n  x_6_1 x_6_2 x_6_3 x_6_4 x_6_5 x_6_6\n  y_1 y_2 y_3 y_4 y_5 y_6\n\nGenerals\n  k\nEnd\n```\n\nThis ILP formulation will help you find the minimum number of colors needed to color the graph such that no two adjacent nodes have the same color. The solution will provide the color assignment for each node."", '1, 1, 2, 2, 2, 1')"
in_house_6_6,textbook,standard,ilp_python,26,2,123.13657586905174,OPTIMAL,2,"[1, 1, 5, 5, 5, 1]","('Q: I have a network of 6 nodes, numbered 1 to 6, with various nodes being connected to other nodes. I want to color the nodes such that no two connected nodes have the same color.\n\nThe connections are as follows:\nNode 1 is connected to node 3.\nNode 2 is connected to node 3.\nNode 2 is connected to node 4.\nNode 3 is connected to node 6.\nNode 5 is connected to node 6.\n\nHow can I color the nodes using the fewest colors possible? Generate a comma-separated list of colors for each node, where the colors are represented by integers ranging from 1 to the number of colors used. The colors should be in the order of the vertices, so the first color will correspond to node 1, the second color will correspond to node 2, and so on.\n\nPlease express this as an Integer Linear Program (ILP) problem using Python with the gurobipy library.\nSpecifically, define a function named f that returns an optimized gurobipy.Model object which represents the problem.\nHere is an example of the format you should use for your answer:\n```\nfrom gurobipy import GRB, Model\n\ndef f():\n    # Create the model\n    model = Model(""Example"")\n\n    # Add variables\n    vars = model.addMVar((5), vtype=GRB.BINARY, name=""vars"")\n\n    # Add constraints\n    model.addConstrs(vars[i] + vars[i + 1] <= 1 for i in range(4))\n    model.addConstr(vars[0] + vars[4] <= 1)\n\n    # Set objective\n    model.setObjective(vars.sum(), GRB.MAXIMIZE)\n\n    # Optimize/solve the model\n    model.optimize()\n\n    # Return the optimized model\n    return model\n```\nMake sure you only use the gurobipy library for this problem. Do not import any other libraries.\n', ""Your code was executed successfully. Here are all the variables of the model and their optimal values:\n\nx[0,0] = 1.0\nx[0,1] = 0.0\nx[0,2] = 0.0\nx[0,3] = -0.0\nx[0,4] = -0.0\nx[0,5] = 0.0\nx[1,0] = 1.0\nx[1,1] = 0.0\nx[1,2] = 0.0\nx[1,3] = 0.0\nx[1,4] = 0.0\nx[1,5] = -0.0\nx[2,0] = 0.0\nx[2,1] = -0.0\nx[2,2] = -0.0\nx[2,3] = 0.0\nx[2,4] = 1.0\nx[2,5] = -0.0\nx[3,0] = 0.0\nx[3,1] = -0.0\nx[3,2] = -0.0\nx[3,3] = 0.0\nx[3,4] = 1.0\nx[3,5] = -0.0\nx[4,0] = 0.0\nx[4,1] = 0.0\nx[4,2] = 0.0\nx[4,3] = 0.0\nx[4,4] = 1.0\nx[4,5] = 0.0\nx[5,0] = 1.0\nx[5,1] = 0.0\nx[5,2] = 0.0\nx[5,3] = 0.0\nx[5,4] = 0.0\nx[5,5] = 0.0\ny[0] = 1.0\ny[1] = -0.0\ny[2] = -0.0\ny[3] = -0.0\ny[4] = 1.0\ny[5] = -0.0\n\nTranslate this solution back to the original problem and provide it as originally specified.\nDo not add any more explanation once you've provided the solution."")","('To solve the graph coloring problem using the Gurobi optimization library, we need to set up an Integer Linear Program (ILP) that assigns colors to nodes such that no two adjacent nodes share the same color. The goal is to minimize the number of colors used.\n\nHere\'s how you can define the function `f` to create and solve this ILP using Gurobi:\n\n```python\nfrom gurobipy import GRB, Model\n\ndef f():\n    # Create the model\n    model = Model(""GraphColoring"")\n\n    # Number of nodes\n    num_nodes = 6\n\n    # Maximum number of colors (at most one color per node)\n    max_colors = num_nodes\n\n    # Add variables: x[i, c] = 1 if node i is colored with color c\n    x = model.addVars(num_nodes, max_colors, vtype=GRB.BINARY, name=""x"")\n\n    # Add variables: y[c] = 1 if color c is used\n    y = model.addVars(max_colors, vtype=GRB.BINARY, name=""y"")\n\n    # Each node must be assigned exactly one color\n    model.addConstrs((x.sum(i, \'*\') == 1 for i in range(num_nodes)), name=""NodeColor"")\n\n    # If a node i is colored with color c, then color c is used\n    model.addConstrs((x[i, c] <= y[c] for i in range(num_nodes) for c in range(max_colors)), name=""ColorUsage"")\n\n    # Add constraints for connected nodes to have different colors\n    edges = [(0, 2), (1, 2), (1, 3), (2, 5), (4, 5)]\n    model.addConstrs((x[i, c] + x[j, c] <= 1 for i, j in edges for c in range(max_colors)), name=""EdgeConstraint"")\n\n    # Objective: minimize the number of colors used\n    model.setObjective(y.sum(), GRB.MINIMIZE)\n\n    # Optimize the model\n    model.optimize()\n\n    # Return the optimized model\n    return model\n```\n\n### Explanation:\n\n1. **Variables**:\n   - `x[i, c]`: Binary variable indicating if node `i` is colored with color `c`.\n   - `y[c]`: Binary variable indicating if color `c` is used.\n\n2. **Constraints**:\n   - Each node must be assigned exactly one color.\n   - If a node is colored with a color, that color is marked as used.\n   - Adjacent nodes must not share the same color.\n\n3. **Objective**:\n   - Minimize the total number of colors used.\n\nThis setup ensures that the graph is colored with the minimum number of colors while satisfying the constraints that no two adjacent nodes share the same color.', '1, 1, 5, 5, 5, 1')"
in_house_6_7,textbook,standard,ilp_lp,21,2,122.7808695170097,ERRONEOUS,None,Solution has adjacent nodes with the same color. Nodes 2 and 4 are both colored 2.,"('Q: I have a network of 6 nodes, numbered 1 to 6, with various nodes being connected to other nodes. I want to color the nodes such that no two connected nodes have the same color.\n\nThe connections are as follows:\nNode 1 is connected to node 2.\nNode 2 is connected to node 3.\nNode 2 is connected to node 4.\nNode 4 is connected to node 5.\n\nHow can I color the nodes using the fewest colors possible? Generate a comma-separated list of colors for each node, where the colors are represented by integers ranging from 1 to the number of colors used. The colors should be in the order of the vertices, so the first color will correspond to node 1, the second color will correspond to node 2, and so on.\n\nPlease express this as an Integer Linear Program (ILP) problem in the LP format.\nHere is an example of the LP file format:\n```\n\\ This is a comment\n\nMaximize\n  3 a + 2 b + c - 2 d\nSubject To\n  c0: a + b = 1\n  c1: b + c >= 0\n  c2: a + c < 4\nBounds\n  1 <= c <= 5\n  2 <= d\nBinaries \\ these are binary variables that can only be 0 or 1\n  a b\nGenerals \\ these are integer variables\n  c d\nEnd\n```\nNOTE: Keep in mind that all constraints must have only terms with variables on the left and only constant terms on the right (note that ""a <= b"" can be instead written as ""a - b <= 0"").\'', ""An error occurred while Gurobi was solving the ILP problem:\n\nUnable to read file\n\nInstead of fixing the ILP specification, please provide a final answer for the problem. Do not add any more explanation once you've provided the solution."")","(""To solve this problem using an Integer Linear Program (ILP), we need to assign colors to the nodes such that no two connected nodes have the same color. We will use binary variables to represent whether a node is assigned a particular color. The goal is to minimize the number of colors used.\n\nLet's define the problem:\n\n- Let \\( x_{i,j} \\) be a binary variable that is 1 if node \\( i \\) is colored with color \\( j \\), and 0 otherwise.\n- We need to ensure that each node is assigned exactly one color.\n- We need to ensure that no two connected nodes have the same color.\n- We want to minimize the number of colors used.\n\nAssume we use up to 3 colors (since the graph is small and sparse, 3 colors should suffice).\n\nHere is the ILP formulation in LP format:\n\n```\n\\ Minimize the number of colors used\nMinimize\n  c1 + c2 + c3\n\nSubject To\n  \\ Each node must have exactly one color\n  n1: x11 + x12 + x13 = 1\n  n2: x21 + x22 + x23 = 1\n  n3: x31 + x32 + x33 = 1\n  n4: x41 + x42 + x43 = 1\n  n5: x51 + x52 + x53 = 1\n  n6: x61 + x62 + x63 = 1\n\n  \\ No two connected nodes can have the same color\n  e1: x11 - x21 <= 0\n  e2: x12 - x22 <= 0\n  e3: x13 - x23 <= 0\n\n  e4: x21 - x31 <= 0\n  e5: x22 - x32 <= 0\n  e6: x23 - x33 <= 0\n\n  e7: x21 - x41 <= 0\n  e8: x22 - x42 <= 0\n  e9: x23 - x43 <= 0\n\n  e10: x41 - x51 <= 0\n  e11: x42 - x52 <= 0\n  e12: x43 - x53 <= 0\n\n  \\ Relate color usage to node coloring\n  c1: x11 + x21 + x31 + x41 + x51 + x61 <= 6 * c1\n  c2: x12 + x22 + x32 + x42 + x52 + x62 <= 6 * c2\n  c3: x13 + x23 + x33 + x43 + x53 + x63 <= 6 * c3\n\nBounds\n  0 <= x11 <= 1\n  0 <= x12 <= 1\n  0 <= x13 <= 1\n  0 <= x21 <= 1\n  0 <= x22 <= 1\n  0 <= x23 <= 1\n  0 <= x31 <= 1\n  0 <= x32 <= 1\n  0 <= x33 <= 1\n  0 <= x41 <= 1\n  0 <= x42 <= 1\n  0 <= x43 <= 1\n  0 <= x51 <= 1\n  0 <= x52 <= 1\n  0 <= x53 <= 1\n  0 <= x61 <= 1\n  0 <= x62 <= 1\n  0 <= x63 <= 1\n  0 <= c1 <= 1\n  0 <= c2 <= 1\n  0 <= c3 <= 1\n\nBinaries\n  x11 x12 x13\n  x21 x22 x23\n  x31 x32 x33\n  x41 x42 x43\n  x51 x52 x53\n  x61 x62 x63\n  c1 c2 c3\n\nEnd\n```\n\nThis ILP formulation ensures that each node is assigned exactly one color, no two connected nodes share the same color, and the number of colors used is minimized. The variables \\( c1, c2, c3 \\) are used to track whether each color is used, and the objective is to minimize their sum."", '1, 2, 1, 2, 1, 1')"
in_house_6_7,textbook,standard,ilp_python,21,2,334.491856287932,INCOMPATIBLE,None,Solution uses a bad set of colors (non-integers or integers outside the expected range).,"('Q: I have a network of 6 nodes, numbered 1 to 6, with various nodes being connected to other nodes. I want to color the nodes such that no two connected nodes have the same color.\n\nThe connections are as follows:\nNode 1 is connected to node 2.\nNode 2 is connected to node 3.\nNode 2 is connected to node 4.\nNode 4 is connected to node 5.\n\nHow can I color the nodes using the fewest colors possible? Generate a comma-separated list of colors for each node, where the colors are represented by integers ranging from 1 to the number of colors used. The colors should be in the order of the vertices, so the first color will correspond to node 1, the second color will correspond to node 2, and so on.\n\nPlease express this as an Integer Linear Program (ILP) problem using Python with the gurobipy library.\nSpecifically, define a function named f that returns an optimized gurobipy.Model object which represents the problem.\nHere is an example of the format you should use for your answer:\n```\nfrom gurobipy import GRB, Model\n\ndef f():\n    # Create the model\n    model = Model(""Example"")\n\n    # Add variables\n    vars = model.addMVar((5), vtype=GRB.BINARY, name=""vars"")\n\n    # Add constraints\n    model.addConstrs(vars[i] + vars[i + 1] <= 1 for i in range(4))\n    model.addConstr(vars[0] + vars[4] <= 1)\n\n    # Set objective\n    model.setObjective(vars.sum(), GRB.MAXIMIZE)\n\n    # Optimize/solve the model\n    model.optimize()\n\n    # Return the optimized model\n    return model\n```\nMake sure you only use the gurobipy library for this problem. Do not import any other libraries.\n', ""Your code was executed successfully. Here are all the variables of the model and their optimal values:\n\nx[0,0] = 0.0\nx[0,1] = -0.0\nx[0,2] = 0.0\nx[0,3] = 0.0\nx[0,4] = 1.0\nx[0,5] = 0.0\nx[1,0] = 1.0\nx[1,1] = 0.0\nx[1,2] = -0.0\nx[1,3] = 0.0\nx[1,4] = -0.0\nx[1,5] = 0.0\nx[2,0] = 0.0\nx[2,1] = 0.0\nx[2,2] = 0.0\nx[2,3] = 0.0\nx[2,4] = 1.0\nx[2,5] = 0.0\nx[3,0] = -0.0\nx[3,1] = -0.0\nx[3,2] = -0.0\nx[3,3] = -0.0\nx[3,4] = 1.0\nx[3,5] = -0.0\nx[4,0] = 1.0\nx[4,1] = -0.0\nx[4,2] = 0.0\nx[4,3] = -0.0\nx[4,4] = 0.0\nx[4,5] = 0.0\nx[5,0] = 1.0\nx[5,1] = -0.0\nx[5,2] = -0.0\nx[5,3] = -0.0\nx[5,4] = -0.0\nx[5,5] = 0.0\ny[0] = 1.0\ny[1] = -0.0\ny[2] = -0.0\ny[3] = -0.0\ny[4] = 1.0\ny[5] = -0.0\n\nTranslate this solution back to the original problem and provide it as originally specified.\nDo not add any more explanation once you've provided the solution."")","('```python\nfrom gurobipy import GRB, Model\n\ndef f():\n    # Create the model\n    model = Model(""GraphColoring"")\n\n    # Number of nodes\n    n = 6\n\n    # Maximum number of colors needed is n (in the worst case)\n    max_colors = n\n\n    # Add variables: x[i, c] is 1 if node i is colored with color c\n    x = model.addVars(n, max_colors, vtype=GRB.BINARY, name=""x"")\n\n    # Each node must have exactly one color\n    model.addConstrs((x.sum(i, \'*\') == 1 for i in range(n)), name=""NodeColor"")\n\n    # No two adjacent nodes can have the same color\n    edges = [(0, 1), (1, 2), (1, 3), (3, 4)]\n    model.addConstrs((x[i, c] + x[j, c] <= 1 for i, j in edges for c in range(max_colors)), name=""EdgeColor"")\n\n    # Objective: minimize the number of colors used\n    # We introduce a new variable y[c] which is 1 if color c is used\n    y = model.addVars(max_colors, vtype=GRB.BINARY, name=""y"")\n    model.addConstrs((x.sum(\'*\', c) <= n * y[c] for c in range(max_colors)), name=""ColorUsage"")\n\n    model.setObjective(y.sum(), GRB.MINIMIZE)\n\n    # Optimize/solve the model\n    model.optimize()\n\n    # Return the optimized model\n    return model\n```\n\nThis code sets up an Integer Linear Program (ILP) using the `gurobipy` library to solve the graph coloring problem. The model aims to minimize the number of colors used while ensuring that no two connected nodes share the same color. The constraints ensure that each node is assigned exactly one color and that adjacent nodes do not share the same color. The objective function minimizes the total number of colors used.', '1, 0, 1, 1, 0, 0')"
in_house_6_8,textbook,standard,ilp_lp,26,2,428.90971157397144,OPTIMAL,2,"[2, 3, 3, 3, 2, 2]","('Q: I have a network of 6 nodes, numbered 1 to 6, with various nodes being connected to other nodes. I want to color the nodes such that no two connected nodes have the same color.\n\nThe connections are as follows:\nNode 1 is connected to node 2.\nNode 1 is connected to node 3.\nNode 3 is connected to node 5.\nNode 3 is connected to node 6.\nNode 4 is connected to node 6.\n\nHow can I color the nodes using the fewest colors possible? Generate a comma-separated list of colors for each node, where the colors are represented by integers ranging from 1 to the number of colors used. The colors should be in the order of the vertices, so the first color will correspond to node 1, the second color will correspond to node 2, and so on.\n\nPlease express this as an Integer Linear Program (ILP) problem in the LP format.\nHere is an example of the LP file format:\n```\n\\ This is a comment\n\nMaximize\n  3 a + 2 b + c - 2 d\nSubject To\n  c0: a + b = 1\n  c1: b + c >= 0\n  c2: a + c < 4\nBounds\n  1 <= c <= 5\n  2 <= d\nBinaries \\ these are binary variables that can only be 0 or 1\n  a b\nGenerals \\ these are integer variables\n  c d\nEnd\n```\nNOTE: Keep in mind that all constraints must have only terms with variables on the left and only constant terms on the right (note that ""a <= b"" can be instead written as ""a - b <= 0"").\'', ""Your ILP problem was successfully solved. Here is the solution:\n\nObjective value: 2.0\nValue Assignments:\ny1: 0.0\ny2: 1.0\ny3: 1.0\ny4: 0.0\ny5: 0.0\ny6: 0.0\nx11: 0.0\nx12: 1.0\nx13: 0.0\nx14: 0.0\nx15: 0.0\nx16: 0.0\nx21: 0.0\nx22: 0.0\nx23: 1.0\nx24: 0.0\nx25: 0.0\nx26: 0.0\nx31: 0.0\nx32: 0.0\nx33: 1.0\nx34: 0.0\nx35: 0.0\nx36: 0.0\nx41: 0.0\nx42: 0.0\nx43: 1.0\nx44: 0.0\nx45: 0.0\nx46: 0.0\nx51: 0.0\nx52: 1.0\nx53: 0.0\nx54: 0.0\nx55: 0.0\nx56: 0.0\nx61: 0.0\nx62: 1.0\nx63: 0.0\nx64: 0.0\nx65: 0.0\nx66: 0.0\n\nTranslate this solution back to the original problem and provide it as originally specified.\nDo not add any more explanation once you've provided the solution."")","(""To solve the graph coloring problem using an Integer Linear Program (ILP), we need to assign colors to nodes such that no two adjacent nodes share the same color. We aim to use the fewest colors possible. Here's how you can express this problem in the LP format:\n\n### Variables\n- Let \\( x_{i,j} \\) be a binary variable that is 1 if node \\( i \\) is colored with color \\( j \\), and 0 otherwise.\n- Let \\( y_j \\) be a binary variable that is 1 if color \\( j \\) is used, and 0 otherwise.\n\n### Objective\nMinimize the number of colors used, which is the sum of \\( y_j \\).\n\n### Constraints\n1. Each node must have exactly one color:\n   \\[\n   \\sum_{j=1}^{k} x_{i,j} = 1 \\quad \\text{for each node } i\n   \\]\n   where \\( k \\) is the maximum number of colors we might need (in the worst case, equal to the number of nodes).\n\n2. Adjacent nodes must not share the same color:\n   \\[\n   x_{1,j} + x_{2,j} \\leq y_j \\quad \\text{for each color } j\n   \\]\n   \\[\n   x_{1,j} + x_{3,j} \\leq y_j \\quad \\text{for each color } j\n   \\]\n   \\[\n   x_{3,j} + x_{5,j} \\leq y_j \\quad \\text{for each color } j\n   \\]\n   \\[\n   x_{3,j} + x_{6,j} \\leq y_j \\quad \\text{for each color } j\n   \\]\n   \\[\n   x_{4,j} + x_{6,j} \\leq y_j \\quad \\text{for each color } j\n   \\]\n\n3. A color is used if any node is colored with it:\n   \\[\n   x_{i,j} \\leq y_j \\quad \\text{for each node } i \\text{ and color } j\n   \\]\n\n### LP File Format\nHere's how the ILP can be expressed in the LP file format:\n\n```\n\\ Graph Coloring ILP\n\nMinimize\n  y1 + y2 + y3 + y4 + y5 + y6\n\nSubject To\n  \\ Each node has exactly one color\n  c1: x11 + x12 + x13 + x14 + x15 + x16 = 1\n  c2: x21 + x22 + x23 + x24 + x25 + x26 = 1\n  c3: x31 + x32 + x33 + x34 + x35 + x36 = 1\n  c4: x41 + x42 + x43 + x44 + x45 + x46 = 1\n  c5: x51 + x52 + x53 + x54 + x55 + x56 = 1\n  c6: x61 + x62 + x63 + x64 + x65 + x66 = 1\n\n  \\ Adjacent nodes cannot share the same color\n  c7: x11 + x21 <= y1\n  c8: x12 + x22 <= y2\n  c9: x13 + x23 <= y3\n  c10: x14 + x24 <= y4\n  c11: x15 + x25 <= y5\n  c12: x16 + x26 <= y6\n\n  c13: x11 + x31 <= y1\n  c14: x12 + x32 <= y2\n  c15: x13 + x33 <= y3\n  c16: x14 + x34 <= y4\n  c17: x15 + x35 <= y5\n  c18: x16 + x36 <= y6\n\n  c19: x31 + x51 <= y1\n  c20: x32 + x52 <= y2\n  c21: x33 + x53 <= y3\n  c22: x34 + x54 <= y4\n  c23: x35 + x55 <= y5\n  c24: x36 + x56 <= y6\n\n  c25: x31 + x61 <= y1\n  c26: x32 + x62 <= y2\n  c27: x33 + x63 <= y3\n  c28: x34 + x64 <= y4\n  c29: x35 + x65 <= y5\n  c30: x36 + x66 <= y6\n\n  c31: x41 + x61 <= y1\n  c32: x42 + x62 <= y2\n  c33: x43 + x63 <= y3\n  c34: x44 + x64 <= y4\n  c35: x45 + x65 <= y5\n  c36: x46 + x66 <= y6\n\n  \\ A color is used if any node is colored with it\n  c37: x11 <= y1\n  c38: x12 <= y2\n  c39: x13 <= y3\n  c40: x14 <= y4\n  c41: x15 <= y5\n  c42: x16 <= y6\n\n  c43: x21 <= y1\n  c44: x22 <= y2\n  c45: x23 <= y3\n  c46: x24 <= y4\n  c47: x25 <= y5\n  c48: x26 <= y6\n\n  c49: x31 <= y1\n  c50: x32 <= y2\n  c51: x33 <= y3\n  c52: x34 <= y4\n  c53: x35 <= y5\n  c54: x36 <= y6\n\n  c55: x41 <= y1\n  c56: x42 <= y2\n  c57: x43 <= y3\n  c58: x44 <= y4\n  c59: x45 <= y5\n  c60: x46 <= y6\n\n  c61: x51 <= y1\n  c62: x52 <= y2\n  c63: x53 <= y3\n  c64: x54 <= y4\n  c65: x55 <= y5\n  c66: x56 <= y6\n\n  c67: x61 <= y1\n  c68: x62 <= y2\n  c69: x63 <= y3\n  c70: x64 <= y4\n  c71: x65 <= y5\n  c72: x66 <= y6\n\nBounds\nBinaries\n  x11 x12 x13 x14 x15 x16\n  x21 x22 x23 x24 x25 x26\n  x31 x32 x33 x34 x35 x36\n  x41 x42 x43 x44 x45 x46\n  x51 x52 x53 x54 x55 x56\n  x61 x62 x63 x64 x65 x66\n  y1 y2 y3 y4 y5 y6\nEnd\n```\n\nThis ILP formulation will help you find the minimum number of colors needed to color the graph such that no two adjacent nodes have the same color. The solution will provide the color assignment for each node."", '2, 3, 3, 3, 2, 2')"
in_house_6_8,textbook,standard,ilp_python,26,2,123.93516723811626,OPTIMAL,2,"[1, 2, 2, 2, 1, 1]","('Q: I have a network of 6 nodes, numbered 1 to 6, with various nodes being connected to other nodes. I want to color the nodes such that no two connected nodes have the same color.\n\nThe connections are as follows:\nNode 1 is connected to node 2.\nNode 1 is connected to node 3.\nNode 3 is connected to node 5.\nNode 3 is connected to node 6.\nNode 4 is connected to node 6.\n\nHow can I color the nodes using the fewest colors possible? Generate a comma-separated list of colors for each node, where the colors are represented by integers ranging from 1 to the number of colors used. The colors should be in the order of the vertices, so the first color will correspond to node 1, the second color will correspond to node 2, and so on.\n\nPlease express this as an Integer Linear Program (ILP) problem using Python with the gurobipy library.\nSpecifically, define a function named f that returns an optimized gurobipy.Model object which represents the problem.\nHere is an example of the format you should use for your answer:\n```\nfrom gurobipy import GRB, Model\n\ndef f():\n    # Create the model\n    model = Model(""Example"")\n\n    # Add variables\n    vars = model.addMVar((5), vtype=GRB.BINARY, name=""vars"")\n\n    # Add constraints\n    model.addConstrs(vars[i] + vars[i + 1] <= 1 for i in range(4))\n    model.addConstr(vars[0] + vars[4] <= 1)\n\n    # Set objective\n    model.setObjective(vars.sum(), GRB.MAXIMIZE)\n\n    # Optimize/solve the model\n    model.optimize()\n\n    # Return the optimized model\n    return model\n```\nMake sure you only use the gurobipy library for this problem. Do not import any other libraries.\n', ""Your code was executed successfully. Here are all the variables of the model and their optimal values:\n\nx[0,0] = 0.0\nx[0,1] = 1.0\nx[0,2] = 0.0\nx[0,3] = 0.0\nx[0,4] = 0.0\nx[0,5] = 0.0\nx[1,0] = 0.0\nx[1,1] = 0.0\nx[1,2] = 1.0\nx[1,3] = 0.0\nx[1,4] = 0.0\nx[1,5] = 0.0\nx[2,0] = 0.0\nx[2,1] = 0.0\nx[2,2] = 1.0\nx[2,3] = 0.0\nx[2,4] = 0.0\nx[2,5] = 0.0\nx[3,0] = 0.0\nx[3,1] = 0.0\nx[3,2] = 1.0\nx[3,3] = 0.0\nx[3,4] = 0.0\nx[3,5] = 0.0\nx[4,0] = 0.0\nx[4,1] = 1.0\nx[4,2] = 0.0\nx[4,3] = 0.0\nx[4,4] = 0.0\nx[4,5] = 0.0\nx[5,0] = 0.0\nx[5,1] = 1.0\nx[5,2] = 0.0\nx[5,3] = 0.0\nx[5,4] = 0.0\nx[5,5] = 0.0\ny[0] = 0.0\ny[1] = 1.0\ny[2] = 1.0\ny[3] = 0.0\ny[4] = 0.0\ny[5] = 0.0\n\nTranslate this solution back to the original problem and provide it as originally specified.\nDo not add any more explanation once you've provided the solution."")","('To solve the graph coloring problem using the Gurobi library, we need to set up an Integer Linear Program (ILP) that assigns colors to nodes such that no two connected nodes share the same color. The goal is to minimize the number of colors used.\n\nHere\'s how you can define the ILP using the `gurobipy` library:\n\n```python\nfrom gurobipy import GRB, Model\n\ndef f():\n    # Create the model\n    model = Model(""GraphColoring"")\n\n    # Number of nodes\n    n = 6\n\n    # Define the edges based on the given connections\n    edges = [(1, 2), (1, 3), (3, 5), (3, 6), (4, 6)]\n\n    # Maximum number of colors (in the worst case, each node could have a different color)\n    max_colors = n\n\n    # Add variables: x[i, c] = 1 if node i is colored with color c\n    x = model.addVars(n, max_colors, vtype=GRB.BINARY, name=""x"")\n\n    # Add constraints: each node must have exactly one color\n    model.addConstrs((x.sum(i, \'*\') == 1 for i in range(n)), name=""NodeColor"")\n\n    # Add constraints: no two adjacent nodes can have the same color\n    for u, v in edges:\n        for c in range(max_colors):\n            model.addConstr(x[u-1, c] + x[v-1, c] <= 1, name=f""EdgeColor_{u}_{v}_Color_{c}"")\n\n    # Objective: minimize the number of colors used\n    # Introduce auxiliary variables to represent if a color is used\n    y = model.addVars(max_colors, vtype=GRB.BINARY, name=""y"")\n    model.addConstrs((x.sum(\'*\', c) <= n * y[c] for c in range(max_colors)), name=""ColorUsed"")\n\n    # Minimize the number of colors used\n    model.setObjective(y.sum(), GRB.MINIMIZE)\n\n    # Optimize/solve the model\n    model.optimize()\n\n    # Return the optimized model\n    return model\n```\n\n### Explanation:\n- **Variables**: `x[i, c]` is a binary variable that is 1 if node `i` is colored with color `c`.\n- **Constraints**:\n  - Each node must be assigned exactly one color.\n  - No two adjacent nodes can share the same color.\n- **Objective**: Minimize the number of colors used. This is achieved by introducing auxiliary variables `y[c]` that indicate whether color `c` is used, and minimizing the sum of these variables.\n\nThis setup ensures that the graph is colored with the minimum number of colors while satisfying the constraints.', '1,2,2,2,1,1')"
in_house_6_9,textbook,standard,ilp_lp,56,5,487.03678102605045,ERRONEOUS,None,Solution has adjacent nodes with the same color. Nodes 2 and 6 are both colored 2.,"('Q: I have a network of 6 nodes, numbered 1 to 6, with various nodes being connected to other nodes. I want to color the nodes such that no two connected nodes have the same color.\n\nThe connections are as follows:\nNode 1 is connected to node 2.\nNode 1 is connected to node 3.\nNode 1 is connected to node 4.\nNode 1 is connected to node 6.\nNode 2 is connected to node 3.\nNode 2 is connected to node 4.\nNode 2 is connected to node 6.\nNode 3 is connected to node 4.\nNode 3 is connected to node 5.\nNode 3 is connected to node 6.\nNode 4 is connected to node 6.\n\nHow can I color the nodes using the fewest colors possible? Generate a comma-separated list of colors for each node, where the colors are represented by integers ranging from 1 to the number of colors used. The colors should be in the order of the vertices, so the first color will correspond to node 1, the second color will correspond to node 2, and so on.\n\nPlease express this as an Integer Linear Program (ILP) problem in the LP format.\nHere is an example of the LP file format:\n```\n\\ This is a comment\n\nMaximize\n  3 a + 2 b + c - 2 d\nSubject To\n  c0: a + b = 1\n  c1: b + c >= 0\n  c2: a + c < 4\nBounds\n  1 <= c <= 5\n  2 <= d\nBinaries \\ these are binary variables that can only be 0 or 1\n  a b\nGenerals \\ these are integer variables\n  c d\nEnd\n```\nNOTE: Keep in mind that all constraints must have only terms with variables on the left and only constant terms on the right (note that ""a <= b"" can be instead written as ""a - b <= 0"").\'', ""An error occurred while Gurobi was solving the ILP problem:\n\nUnable to read file\n\nInstead of fixing the ILP specification, please provide a final answer for the problem. Do not add any more explanation once you've provided the solution."")","(""To solve the graph coloring problem using an Integer Linear Program (ILP), we need to assign colors to nodes such that no two adjacent nodes share the same color. The goal is to minimize the number of colors used. Here's how you can express this problem in the LP format:\n\n### ILP Formulation\n\n1. **Variables:**\n   - Let \\( x_{i,j} \\) be a binary variable that is 1 if node \\( i \\) is colored with color \\( j \\), and 0 otherwise.\n   - Let \\( y_j \\) be a binary variable that is 1 if color \\( j \\) is used, and 0 otherwise.\n\n2. **Objective:**\n   - Minimize the number of colors used, i.e., minimize \\( \\sum_{j=1}^{k} y_j \\), where \\( k \\) is the maximum number of colors (at most 6 in this case).\n\n3. **Constraints:**\n   - Each node must have exactly one color: \\( \\sum_{j=1}^{k} x_{i,j} = 1 \\) for each node \\( i \\).\n   - Adjacent nodes must not share the same color: \\( x_{i,j} + x_{m,j} \\leq 1 \\) for each edge \\( (i, m) \\) and each color \\( j \\).\n   - A color \\( j \\) is used if any node is colored with it: \\( x_{i,j} \\leq y_j \\) for each node \\( i \\) and each color \\( j \\).\n\n### LP File Format\n\n```plaintext\n\\ Graph coloring ILP\n\nMinimize\n  y1 + y2 + y3 + y4 + y5 + y6\n\nSubject To\n  \\ Each node must have exactly one color\n  c1: x11 + x12 + x13 + x14 + x15 + x16 = 1\n  c2: x21 + x22 + x23 + x24 + x25 + x26 = 1\n  c3: x31 + x32 + x33 + x34 + x35 + x36 = 1\n  c4: x41 + x42 + x43 + x44 + x45 + x46 = 1\n  c5: x51 + x52 + x53 + x54 + x55 + x56 = 1\n  c6: x61 + x62 + x63 + x64 + x65 + x66 = 1\n\n  \\ Adjacent nodes must not share the same color\n  c7: x11 + x21 <= 1\n  c8: x11 + x31 <= 1\n  c9: x11 + x41 <= 1\n  c10: x11 + x61 <= 1\n  c11: x21 + x31 <= 1\n  c12: x21 + x41 <= 1\n  c13: x21 + x61 <= 1\n  c14: x31 + x41 <= 1\n  c15: x31 + x51 <= 1\n  c16: x31 + x61 <= 1\n  c17: x41 + x61 <= 1\n\n  \\ A color is used if any node is colored with it\n  c18: x11 <= y1\n  c19: x21 <= y1\n  c20: x31 <= y1\n  c21: x41 <= y1\n  c22: x51 <= y1\n  c23: x61 <= y1\n\n  c24: x12 <= y2\n  c25: x22 <= y2\n  c26: x32 <= y2\n  c27: x42 <= y2\n  c28: x52 <= y2\n  c29: x62 <= y2\n\n  c30: x13 <= y3\n  c31: x23 <= y3\n  c32: x33 <= y3\n  c33: x43 <= y3\n  c34: x53 <= y3\n  c35: x63 <= y3\n\n  c36: x14 <= y4\n  c37: x24 <= y4\n  c38: x34 <= y4\n  c39: x44 <= y4\n  c40: x54 <= y4\n  c41: x64 <= y4\n\n  c42: x15 <= y5\n  c43: x25 <= y5\n  c44: x35 <= y5\n  c45: x45 <= y5\n  c46: x55 <= y5\n  c47: x65 <= y5\n\n  c48: x16 <= y6\n  c49: x26 <= y6\n  c50: x36 <= y6\n  c51: x46 <= y6\n  c52: x56 <= y6\n  c53: x66 <= y6\n\nBounds\n  x11, x12, x13, x14, x15, x16, x21, x22, x23, x24, x25, x26,\n  x31, x32, x33, x34, x35, x36, x41, x42, x43, x44, x45, x46,\n  x51, x52, x53, x54, x55, x56, x61, x62, x63, x64, x65, x66,\n  y1, y2, y3, y4, y5, y6 <= 1\n\nBinaries\n  x11, x12, x13, x14, x15, x16, x21, x22, x23, x24, x25, x26,\n  x31, x32, x33, x34, x35, x36, x41, x42, x43, x44, x45, x46,\n  x51, x52, x53, x54, x55, x56, x61, x62, x63, x64, x65, x66,\n  y1, y2, y3, y4, y5, y6\n\nEnd\n```\n\nThis ILP formulation will help you find the minimum number of colors needed to color the graph such that no two adjacent nodes have the same color. The solution will provide the color assignment for each node."", '1, 2, 3, 4, 1, 2')"
in_house_6_9,textbook,standard,ilp_python,56,5,155.0969865238294,ERRONEOUS,None,Solution has adjacent nodes with the same color. Nodes 2 and 6 are both colored 2.,"('Q: I have a network of 6 nodes, numbered 1 to 6, with various nodes being connected to other nodes. I want to color the nodes such that no two connected nodes have the same color.\n\nThe connections are as follows:\nNode 1 is connected to node 2.\nNode 1 is connected to node 3.\nNode 1 is connected to node 4.\nNode 1 is connected to node 6.\nNode 2 is connected to node 3.\nNode 2 is connected to node 4.\nNode 2 is connected to node 6.\nNode 3 is connected to node 4.\nNode 3 is connected to node 5.\nNode 3 is connected to node 6.\nNode 4 is connected to node 6.\n\nHow can I color the nodes using the fewest colors possible? Generate a comma-separated list of colors for each node, where the colors are represented by integers ranging from 1 to the number of colors used. The colors should be in the order of the vertices, so the first color will correspond to node 1, the second color will correspond to node 2, and so on.\n\nPlease express this as an Integer Linear Program (ILP) problem using Python with the gurobipy library.\nSpecifically, define a function named f that returns an optimized gurobipy.Model object which represents the problem.\nHere is an example of the format you should use for your answer:\n```\nfrom gurobipy import GRB, Model\n\ndef f():\n    # Create the model\n    model = Model(""Example"")\n\n    # Add variables\n    vars = model.addMVar((5), vtype=GRB.BINARY, name=""vars"")\n\n    # Add constraints\n    model.addConstrs(vars[i] + vars[i + 1] <= 1 for i in range(4))\n    model.addConstr(vars[0] + vars[4] <= 1)\n\n    # Set objective\n    model.setObjective(vars.sum(), GRB.MAXIMIZE)\n\n    # Optimize/solve the model\n    model.optimize()\n\n    # Return the optimized model\n    return model\n```\nMake sure you only use the gurobipy library for this problem. Do not import any other libraries.\n', ""Your code was executed successfully. Here are all the variables of the model and their optimal values:\n\nx[0,0] = 0.0\nx[0,1] = 0.0\nx[0,2] = 0.0\nx[0,3] = 0.0\nx[0,4] = 0.0\nx[0,5] = 1.0\nx[1,0] = 0.0\nx[1,1] = 0.0\nx[1,2] = 1.0\nx[1,3] = 0.0\nx[1,4] = 0.0\nx[1,5] = 0.0\nx[2,0] = 1.0\nx[2,1] = 0.0\nx[2,2] = 0.0\nx[2,3] = 0.0\nx[2,4] = 0.0\nx[2,5] = 0.0\nx[3,0] = 0.0\nx[3,1] = 0.0\nx[3,2] = 0.0\nx[3,3] = 0.0\nx[3,4] = 1.0\nx[3,5] = 0.0\nx[4,0] = 0.0\nx[4,1] = 1.0\nx[4,2] = 0.0\nx[4,3] = 0.0\nx[4,4] = 0.0\nx[4,5] = 0.0\nx[5,0] = 0.0\nx[5,1] = 1.0\nx[5,2] = 0.0\nx[5,3] = 0.0\nx[5,4] = 0.0\nx[5,5] = 0.0\ny[0] = 1.0\ny[1] = 1.0\ny[2] = 1.0\ny[3] = 0.0\ny[4] = 1.0\ny[5] = 1.0\n\nTranslate this solution back to the original problem and provide it as originally specified.\nDo not add any more explanation once you've provided the solution."")","('```python\nfrom gurobipy import GRB, Model\n\ndef f():\n    # Create the model\n    model = Model(""GraphColoring"")\n\n    # Number of nodes\n    n = 6\n\n    # Maximum number of colors needed (at most n)\n    max_colors = n\n\n    # Add variables: x[i, c] = 1 if node i is colored with color c\n    x = model.addVars(n, max_colors, vtype=GRB.BINARY, name=""x"")\n\n    # Add constraints: each node must have exactly one color\n    model.addConstrs((x.sum(i, \'*\') == 1 for i in range(n)), name=""NodeColor"")\n\n    # Add constraints: adjacent nodes cannot have the same color\n    edges = [(0, 1), (0, 2), (0, 3), (0, 5), (1, 2), (1, 3), (1, 5), \n             (2, 3), (2, 4), (2, 5), (3, 5)]\n    model.addConstrs((x[i, c] + x[j, c] <= 1 for i, j in edges for c in range(max_colors)), name=""EdgeColor"")\n\n    # Objective: minimize the number of colors used\n    y = model.addVars(max_colors, vtype=GRB.BINARY, name=""y"")\n    model.addConstrs((x.sum(\'*\', c) <= n * y[c] for c in range(max_colors)), name=""ColorUsed"")\n    model.setObjective(y.sum(), GRB.MINIMIZE)\n\n    # Optimize/solve the model\n    model.optimize()\n\n    # Return the optimized model\n    return model\n```\n\nThis code sets up an Integer Linear Program (ILP) to solve the graph coloring problem using the `gurobipy` library. The model minimizes the number of colors used while ensuring that no two adjacent nodes share the same color. The constraints ensure that each node is assigned exactly one color and that adjacent nodes do not share the same color. The objective function minimizes the total number of colors used.', '3, 2, 1, 5, 2, 2')"
